trade_date,open,high,low,close,atr,atr_pct
2005-01-04,996.28,996.28,982.99,989.98,,
2005-01-05,989.87,1018.26,988.57,1013.58,,
2005-01-06,1014.97,1014.97,1001.21,1005.47,,
2005-01-07,1005.52,1021.71,1001.10,1011.74,,
2005-01-10,1011.93,1023.64,1007.80,1023.64,,
2005-01-11,1024.04,1027.16,1017.79,1027.16,,
2005-01-12,1026.74,1026.74,1014.77,1024.92,,
2005-01-13,1024.13,1030.49,1020.67,1029.30,,
2005-01-14,1028.99,1034.59,1011.44,1011.88,,
2005-01-17,1002.33,1002.33,984.38,986.66,,
2005-01-18,985.67,1008.48,985.67,1008.11,,
2005-01-19,1007.11,1008.22,997.62,1002.46,,
2005-01-20,999.93,999.93,982.42,989.44,,
2005-01-21,987.43,1007.92,966.08,1006.25,19.3364,1.9216
2005-01-24,1028.01,1029.00,1016.09,1028.01,19.5803,1.9047
2005-01-25,1023.10,1023.10,1005.49,1015.10,19.7902,1.9496
2005-01-26,1014.25,1015.13,1004.61,1006.84,19.1281,1.8998
2005-01-27,1005.89,1005.89,988.12,989.41,19.0989,1.9303
2005-01-28,989.41,989.41,960.24,963.01,19.8183,2.0580
2005-01-31,954.94,954.94,923.13,924.17,21.2513,2.2995
2005-02-01,917.30,929.22,905.21,905.80,21.4483,2.3679
2005-02-02,904.13,959.99,904.13,958.39,23.9063,2.4944
2005-02-03,956.73,962.26,936.51,936.86,24.0380,2.5658
2005-02-04,937.15,954.91,934.96,952.39,23.7460,2.4933
2005-02-16,959.28,975.50,958.48,966.39,23.7006,2.4525
2005-02-17,966.04,973.81,957.80,973.81,23.1512,2.3774
2005-02-18,973.19,974.21,963.76,964.01,22.2440,2.3074
2005-02-21,963.58,983.69,963.58,983.61,22.0916,2.2460
2005-02-22,983.96,1016.38,982.76,1015.66,22.9150,2.2562
2005-02-23,1016.77,1038.91,1010.43,1032.90,23.3125,2.2570
2005-02-24,1031.75,1037.78,1023.30,1035.35,22.6816,2.1907
2005-02-25,1034.54,1046.99,1032.32,1032.41,22.1094,2.1415
2005-02-28,1032.18,1034.46,1021.86,1029.38,21.4301,2.0818
2005-03-01,1028.61,1031.54,1018.99,1030.82,20.7958,2.0174
2005-03-02,1031.50,1038.35,1013.83,1014.53,21.0619,2.0760
2005-03-03,1011.26,1021.45,1003.21,1020.25,20.8603,2.0446
2005-03-04,1020.55,1022.23,1009.84,1011.36,20.2553,2.0028
2005-03-07,1011.81,1016.56,1009.27,1013.59,19.3292,1.9070
2005-03-08,1014.26,1037.06,1014.26,1037.03,19.6250,1.8924
2005-03-09,1039.51,1044.01,1034.48,1042.18,18.9039,1.8139
2005-03-10,1042.74,1043.32,1008.40,1011.79,20.0479,1.9814
2005-03-11,1009.98,1018.11,1005.95,1017.45,19.4845,1.9150
2005-03-14,1016.72,1016.72,990.34,1005.99,20.0292,1.9910
2005-03-15,1005.51,1007.55,991.23,993.48,19.7642,1.9894
2005-03-16,991.75,991.77,977.60,982.84,19.4868,1.9827
2005-03-17,980.92,984.38,967.48,967.59,19.3020,1.9949
2005-03-18,965.18,969.39,943.69,946.71,19.7590,2.0871
2005-03-21,945.76,952.09,939.19,950.79,19.2691,2.0266
2005-03-22,950.80,951.15,915.73,915.94,20.4227,2.2297
2005-03-23,915.04,933.53,909.34,915.97,20.6918,2.2590
2005-03-24,914.47,928.68,906.58,928.54,20.7924,2.2393
2005-03-25,928.73,928.73,918.79,923.20,20.0172,2.1682
2005-03-28,921.89,921.89,896.95,911.35,20.4624,2.2453
2005-03-29,910.67,919.16,904.73,904.82,20.0315,2.2139
2005-03-30,902.01,902.01,868.89,869.58,21.1671,2.4342
2005-03-31,868.27,880.91,860.42,880.90,21.1188,2.3974
2005-04-01,880.26,921.49,870.60,913.85,23.2453,2.5437
2005-04-04,904.54,909.31,890.30,896.29,23.2670,2.5959
2005-04-05,894.29,898.45,884.66,886.20,22.5901,2.5491
2005-04-06,886.20,903.12,874.03,898.88,23.0544,2.5648
2005-04-07,898.60,925.78,897.65,913.66,23.4169,2.5630
2005-04-08,913.34,931.88,909.87,931.38,23.3164,2.5034
2005-04-11,930.52,940.15,924.60,931.97,22.7617,2.4423
2005-04-12,930.97,930.97,905.77,905.87,23.0073,2.5398
2005-04-13,908.76,929.66,908.76,929.11,23.0632,2.4823
2005-04-14,931.79,932.91,914.62,916.35,22.7223,2.4796
2005-04-15,912.68,912.68,886.01,887.93,23.2664,2.6203
2005-04-18,882.41,882.41,862.17,868.33,23.4445,2.7000
2005-04-19,867.35,871.67,856.70,867.23,22.8392,2.6336
2005-04-20,866.65,866.65,843.77,844.93,22.8835,2.7083
2005-04-21,843.57,846.79,820.48,826.05,23.1283,2.7999
2005-04-22,823.62,826.77,800.95,806.65,23.3205,2.8910
2005-04-25,792.11,794.46,778.24,789.54,23.6841,2.9997
2005-04-26,784.95,811.24,780.44,806.94,24.1923,2.9980
2005-04-27,809.90,809.90,789.96,790.24,23.8886,3.0230
2005-04-28,787.36,817.23,777.63,813.63,25.0109,3.0740
2005-04-29,812.84,814.27,801.00,802.28,24.1722,3.0129
2005-05-09,803.67,806.51,770.86,771.08,24.9921,3.2412
2005-05-10,767.78,773.20,746.65,773.20,25.1033,3.2467
2005-05-11,771.41,781.30,766.40,772.08,24.3745,3.1570
2005-05-12,772.16,778.23,761.26,769.02,23.8456,3.1008
2005-05-13,766.13,780.41,764.34,779.49,23.2902,2.9879
2005-05-16,778.48,778.48,770.59,776.54,22.2624,2.8669
2005-05-17,775.24,788.68,770.83,785.44,21.9472,2.7943
2005-05-18,785.25,794.76,780.58,794.57,21.3924,2.6923
2005-05-19,795.21,798.11,783.64,794.49,20.8979,2.6304
2005-05-20,794.71,797.34,787.57,787.90,20.1031,2.5515
2005-05-23,784.48,784.48,757.72,758.68,20.8229,2.7446
2005-05-24,756.41,782.26,753.41,777.77,21.3962,2.7510
2005-05-25,778.17,788.77,773.48,781.99,20.9601,2.6804
2005-05-26,781.52,784.46,770.66,772.87,20.4486,2.6458
2005-05-27,771.07,783.11,766.36,767.27,20.1844,2.6307
2005-05-30,764.93,777.65,761.48,776.41,19.8977,2.5628
2005-05-31,776.24,779.82,772.61,775.74,18.9914,2.4482
2005-06-01,775.55,775.55,755.93,760.51,19.0499,2.5049
2005-06-02,759.99,764.55,752.32,756.82,18.5628,2.4527
2005-06-03,755.93,762.25,747.06,756.91,18.3219,2.4206
2005-06-06,755.12,766.81,743.67,766.73,18.6660,2.4345
2005-06-07,767.28,780.69,763.67,767.91,18.5484,2.4154
2005-06-08,770.46,830.13,770.08,826.23,21.6678,2.6225
2005-06-09,825.58,848.34,815.38,836.83,22.4744,2.6857
2005-06-10,836.54,837.07,815.81,820.00,22.3877,2.7302
2005-06-13,821.90,828.71,810.45,825.87,22.0928,2.6751
2005-06-14,826.62,832.19,807.16,807.36,22.3026,2.7624
2005-06-15,805.59,805.59,786.85,788.29,22.1746,2.8130
2005-06-16,787.50,797.53,778.75,797.43,21.9321,2.7504
2005-06-17,799.17,801.79,786.99,790.55,21.4227,2.7098
2005-06-20,790.11,813.23,777.65,813.12,22.4339,2.7590
2005-06-21,813.87,815.00,803.07,806.02,21.6836,2.6902
2005-06-22,804.63,810.93,799.18,810.03,20.9741,2.5893
2005-06-23,807.94,809.02,794.54,796.05,20.5824,2.5856
2005-06-24,793.83,800.03,789.90,799.70,19.8358,2.4804
2005-06-27,804.25,828.19,804.25,822.88,20.4539,2.4857
2005-06-28,820.98,820.98,805.86,807.64,20.2087,2.5022
2005-06-29,809.28,812.73,804.08,805.10,19.3830,2.4075
2005-06-30,804.46,804.46,781.71,781.83,19.6692,2.5158
2005-07-01,779.48,779.48,742.13,743.12,21.1000,2.8394
2005-07-04,736.66,736.66,712.70,734.95,21.7657,2.9615
2005-07-05,732.54,738.87,722.22,729.36,21.4003,2.9341
2005-07-06,729.28,735.97,721.42,727.06,20.9110,2.8761
2005-07-07,726.93,737.01,723.96,732.05,20.3495,2.7798
2005-07-08,730.58,730.58,706.30,706.74,20.7353,2.9339
2005-07-11,709.05,726.19,693.62,694.83,21.5806,3.1059
2005-07-12,691.28,722.14,685.78,720.57,22.6363,3.1414
2005-07-13,718.91,719.75,708.64,711.95,21.8715,3.0721
2005-07-14,711.09,719.47,708.37,711.58,21.1021,2.9655
2005-07-15,712.13,716.43,688.69,690.49,21.5763,3.1248
2005-07-18,688.09,688.09,665.87,669.03,21.7937,3.2575
2005-07-19,667.76,677.92,663.35,677.02,21.2777,3.1428
2005-07-20,677.20,685.57,671.73,682.12,20.7464,3.0415
2005-07-21,682.97,683.23,668.03,679.02,20.3503,2.9970
2005-07-22,678.73,701.14,677.56,694.29,20.5810,2.9643
2005-07-25,694.04,694.04,686.52,692.39,19.6659,2.8403
2005-07-26,691.50,709.10,691.05,709.10,19.5505,2.7571
2005-07-27,708.67,724.05,702.75,724.05,19.6754,2.7174
2005-07-28,723.71,734.17,719.93,725.81,19.2872,2.6573
2005-07-29,724.81,727.08,717.53,722.87,18.5917,2.5719
2005-08-01,721.49,729.99,720.35,729.90,17.9523,2.4596
2005-08-02,730.33,744.01,725.62,744.01,17.9835,2.4171
2005-08-03,745.66,763.30,743.34,751.89,18.1247,2.4106
2005-08-04,750.61,750.74,744.11,747.57,17.3858,2.3256
2005-08-05,748.00,772.22,747.89,772.15,17.9047,2.3188
2005-08-08,777.96,789.48,772.66,783.73,17.8636,2.2793
2005-08-09,786.08,799.46,778.52,799.41,18.0834,2.2621
2005-08-10,799.10,809.47,788.69,809.46,18.2760,2.2578
2005-08-11,811.74,819.15,805.20,817.62,17.9670,2.1975
2005-08-12,819.00,827.34,799.17,803.44,18.6958,2.3270
2005-08-15,803.66,830.54,803.37,830.34,19.3011,2.3245
2005-08-16,832.39,838.76,824.86,833.49,18.9153,2.2694
2005-08-17,833.35,857.66,818.79,857.66,20.3406,2.3716
2005-08-18,859.07,878.13,825.84,826.42,22.6227,2.7374
2005-08-19,821.77,833.29,804.28,827.46,23.0790,2.7891
2005-08-22,825.52,838.06,817.69,836.52,22.8855,2.7358
2005-08-23,834.93,834.93,808.25,819.17,23.2701,2.8407
2005-08-24,818.85,831.32,815.76,831.00,22.7193,2.7340
2005-08-25,831.37,843.93,827.02,843.88,22.3044,2.6431
2005-08-26,845.09,851.54,838.33,848.02,21.6548,2.5536
2005-08-29,848.14,850.82,832.19,842.15,21.4387,2.5457
2005-08-30,840.33,842.60,832.52,832.52,20.6274,2.4777
2005-08-31,831.00,850.95,823.71,850.73,21.0997,2.4802
2005-09-01,850.26,871.44,846.45,870.71,21.3776,2.4552
2005-09-02,872.61,882.64,868.45,880.86,20.8642,2.3686
2005-09-05,882.74,891.22,877.61,891.16,20.3460,2.2831
2005-09-06,893.59,898.55,862.82,864.93,21.4449,2.4794
2005-09-07,864.14,893.59,858.82,893.58,22.3967,2.5064
2005-09-08,896.17,899.89,881.57,897.37,22.1055,2.4634
2005-09-09,897.41,901.95,882.38,888.00,21.9244,2.4690
2005-09-12,888.84,894.21,883.78,894.16,21.1034,2.3601
2005-09-13,895.05,915.50,893.68,915.50,21.1546,2.3107
2005-09-14,916.88,927.95,913.10,927.82,20.7042,2.2315
2005-09-15,926.86,932.75,921.18,929.95,20.0518,2.1562
2005-09-16,929.08,931.71,919.40,930.41,19.4988,2.0957
2005-09-19,932.58,947.90,930.79,947.90,19.3553,2.0419
2005-09-20,950.67,951.70,936.32,947.28,19.0714,2.0133
2005-09-21,942.73,946.03,933.45,933.81,18.6970,2.0022
2005-09-22,927.85,929.01,879.44,892.08,21.2451,2.3815
2005-09-23,885.94,895.15,874.67,874.67,21.1904,2.4227
2005-09-26,873.95,884.52,868.28,884.29,20.8368,2.3563
2005-09-27,884.26,887.34,859.43,859.63,21.3420,2.4827
2005-09-28,857.59,868.15,854.10,857.46,20.8212,2.4282
2005-09-29,855.55,876.78,855.55,876.57,20.8504,2.3786
2005-09-30,876.92,876.92,869.23,870.96,19.9103,2.2860
2005-10-10,870.25,870.25,857.13,859.08,19.4760,2.2671
2005-10-11,857.27,880.13,853.72,879.88,19.9713,2.2698
2005-10-12,880.11,893.64,875.35,889.60,19.8512,2.2315
2005-10-13,890.44,893.38,882.20,886.08,19.2319,2.1704
2005-10-14,884.32,884.72,873.11,876.26,18.7846,2.1437
2005-10-17,873.79,879.68,866.64,879.27,18.3743,2.0897
2005-10-18,878.94,897.66,878.94,897.45,18.3989,2.0501
2005-10-19,897.73,906.31,889.94,891.35,18.2540,2.0479
2005-10-20,891.15,891.54,874.26,891.06,18.1844,2.0408
2005-10-21,891.33,902.33,888.02,897.64,17.9077,1.9950
2005-10-24,896.58,899.72,890.94,897.36,17.2557,1.9229
2005-10-25,896.22,896.22,876.48,876.64,17.5146,1.9979
2005-10-26,875.05,876.09,852.40,853.18,17.9950,2.1092
2005-10-27,848.86,853.46,831.34,837.34,18.2896,2.1843
2005-10-28,839.37,839.37,794.02,806.56,20.2225,2.5073
2005-10-31,803.01,815.65,799.61,812.45,19.9238,2.4523
2005-11-01,810.97,810.97,789.02,804.35,20.1742,2.5081
2005-11-02,804.15,828.83,804.15,826.51,20.4961,2.4798
2005-11-03,826.04,830.39,813.85,818.95,20.2135,2.4682
2005-11-04,818.21,827.21,808.89,826.77,20.0782,2.4285
2005-11-07,827.48,837.91,823.15,837.67,19.6984,2.3516
2005-11-08,837.90,846.91,831.20,846.56,19.4135,2.2932
2005-11-09,847.17,851.60,842.70,842.77,18.6625,2.2144
2005-11-10,841.52,841.52,815.44,816.01,19.2816,2.3629
2005-11-11,814.29,828.69,810.63,822.67,19.1944,2.3332
2005-11-14,820.64,827.48,816.91,827.48,18.5783,2.2452
2005-11-15,827.42,833.82,815.59,821.06,18.5535,2.2597
2005-11-16,820.29,827.74,805.37,827.59,18.8261,2.2748
2005-11-17,827.17,832.99,823.34,828.65,18.1706,2.1928
2005-11-18,827.20,850.84,826.90,848.78,18.5827,2.1893
2005-11-21,851.66,856.39,848.72,855.43,17.8032,2.0812
2005-11-22,854.89,855.19,833.58,833.59,18.0923,2.1704
2005-11-23,832.10,841.91,828.41,841.31,17.7643,2.1115
2005-11-24,840.11,847.57,839.03,845.48,17.1054,2.0232
2005-11-25,845.83,847.59,841.11,847.34,16.3464,1.9291
2005-11-28,849.19,850.82,842.09,846.43,15.8024,1.8669
2005-11-29,847.09,847.24,834.84,835.31,15.5594,1.8627
2005-11-30,835.54,839.25,829.60,839.24,15.1373,1.8037
2005-12-01,839.54,841.20,830.45,835.39,14.8239,1.7745
2005-12-02,834.07,834.69,819.08,821.72,14.9301,1.8169
2005-12-05,821.08,821.08,793.52,794.32,15.8779,1.9989
2005-12-06,792.21,800.00,788.00,796.99,15.6009,1.9575
2005-12-07,796.99,805.62,795.44,805.53,15.2137,1.8887
2005-12-08,805.99,807.82,797.75,802.54,14.8463,1.8499
2005-12-09,802.66,818.11,799.27,816.96,15.1316,1.8522
2005-12-12,818.45,825.05,815.25,823.32,14.7507,1.7916
2005-12-13,823.34,823.34,812.25,822.53,14.4893,1.7615
2005-12-14,822.53,832.09,816.84,831.80,14.5436,1.7484
2005-12-15,831.64,835.82,823.76,824.61,14.3662,1.7422
2005-12-16,824.58,832.29,821.46,831.96,14.1136,1.6964
2005-12-19,832.92,835.48,828.88,834.02,13.5769,1.6279
2005-12-20,834.24,835.01,826.78,835.01,13.1950,1.5802
2005-12-21,834.70,834.85,822.58,823.37,13.1404,1.5959
2005-12-22,823.11,826.91,819.08,826.91,12.7610,1.5432
2005-12-23,826.99,834.74,826.04,834.72,12.4710,1.4940
2005-12-26,835.63,842.77,835.52,841.21,12.1552,1.4450
2005-12-27,841.16,843.39,836.08,841.93,11.8091,1.4026
2005-12-28,842.11,844.18,838.84,844.07,11.3470,1.3443
2005-12-29,846.54,852.69,845.97,852.39,11.1522,1.3083
2005-12-30,853.46,854.58,841.29,842.74,11.3049,1.3414
2006-01-04,843.92,853.54,843.07,852.53,11.2689,1.3218
2006-01-05,852.53,865.70,852.53,865.70,11.4047,1.3174
2006-01-06,867.26,876.55,861.50,872.82,11.6650,1.3365
2006-01-09,875.19,886.83,873.48,886.66,11.8325,1.3345
2006-01-10,886.79,889.39,876.64,889.15,11.8981,1.3381
2006-01-11,888.87,889.62,876.20,880.91,12.0068,1.3630
2006-01-12,879.94,899.96,879.07,899.81,12.6413,1.4049
2006-01-13,900.83,906.75,896.37,904.61,12.4798,1.3796
2006-01-16,905.25,907.65,892.77,892.80,12.6512,1.4170
2006-01-17,890.61,894.04,885.57,891.54,12.3526,1.3855
2006-01-18,890.42,908.86,890.42,908.86,12.7874,1.4070
2006-01-19,910.27,914.42,901.92,914.31,12.7669,1.3963
2006-01-20,914.78,914.78,904.26,908.66,12.6064,1.3874
2006-01-23,909.96,910.06,897.04,909.73,12.6359,1.3890
2006-01-24,910.74,914.68,903.79,903.84,12.5112,1.3842
2006-01-25,902.82,905.64,884.17,887.72,13.1511,1.4814
2006-02-06,889.41,909.48,889.41,909.47,13.7660,1.5136
2006-02-07,911.13,915.43,903.00,915.25,13.6706,1.4936
2006-02-08,914.82,924.71,910.68,924.71,13.6963,1.4811
2006-02-09,926.21,926.21,913.00,914.40,13.6615,1.4940
2006-02-10,916.83,925.22,913.93,925.09,13.4921,1.4585
2006-02-13,926.24,926.47,913.08,926.47,13.4848,1.4555
2006-02-14,926.52,934.98,923.86,934.09,13.3159,1.4256
2006-02-15,936.93,938.51,931.30,935.77,12.8798,1.3764
2006-02-16,935.87,935.87,913.47,914.00,13.5598,1.4836
2006-02-17,914.00,920.12,904.93,907.71,13.6763,1.5067
2006-02-20,905.91,908.11,898.59,899.59,13.3794,1.4873
2006-02-21,898.26,918.49,886.79,918.34,14.6880,1.5994
2006-02-22,919.13,927.41,916.27,919.56,14.4346,1.5697
2006-02-23,918.49,920.96,908.52,920.87,14.2921,1.5520
2006-02-24,920.78,926.62,918.37,926.62,13.8605,1.4958
2006-02-27,926.74,928.99,921.35,926.48,13.4162,1.4481
2006-02-28,924.96,929.57,910.94,929.38,13.7886,1.4836
2006-03-01,929.30,936.74,927.02,936.70,13.4980,1.4410
2006-03-02,937.07,937.07,913.73,917.95,14.2010,1.5470
2006-03-03,915.81,919.77,904.53,918.01,14.2752,1.5550
2006-03-06,918.54,920.49,912.38,915.66,13.8348,1.5109
2006-03-07,915.29,915.33,887.60,889.00,14.8509,1.6705
2006-03-08,884.89,892.11,877.08,889.97,14.8637,1.6701
2006-03-09,889.54,892.52,881.72,884.03,14.5734,1.6485
2006-03-10,884.18,889.53,881.84,885.41,14.0818,1.5904
2006-03-13,884.66,892.68,883.30,892.68,13.7459,1.5398
2006-03-14,893.14,895.82,887.44,895.80,13.3626,1.4917
2006-03-15,894.17,902.74,892.49,902.74,13.1403,1.4556
2006-03-16,902.64,904.16,898.24,903.93,12.6246,1.3966
2006-03-17,903.34,904.61,894.56,899.39,12.4407,1.3832
2006-03-20,899.40,908.39,893.10,908.36,12.6442,1.3920
2006-03-21,908.79,915.29,906.26,911.14,12.3860,1.3594
2006-03-22,910.63,920.30,908.92,920.30,12.3142,1.3381
2006-03-23,920.84,932.53,920.00,931.18,12.3296,1.3241
2006-03-24,932.31,932.31,920.53,921.31,12.2903,1.3340
2006-03-27,921.84,931.03,916.63,931.03,12.4410,1.3363
2006-03-28,931.48,934.34,928.26,933.30,11.9867,1.2843
2006-03-29,933.32,940.13,929.44,931.04,11.8941,1.2775
2006-03-30,931.71,931.84,923.12,923.95,11.6673,1.2628
2006-03-31,921.76,924.48,913.56,923.19,11.6140,1.2580
2006-04-03,924.14,936.34,924.14,936.34,11.7237,1.2521
2006-04-04,937.85,947.32,932.98,947.25,11.9106,1.2574
2006-04-05,947.83,955.06,944.05,955.00,11.8462,1.2404
2006-04-06,956.56,960.56,948.08,952.32,11.8915,1.2487
2006-04-07,952.04,961.46,948.15,961.44,11.9928,1.2474
2006-04-10,961.62,980.27,960.45,980.27,12.5519,1.2805
2006-04-11,982.68,984.77,969.89,982.14,12.7182,1.2949
2006-04-12,982.04,991.17,976.30,986.35,12.8719,1.3050
2006-04-13,987.27,993.01,960.04,960.33,14.3075,1.4898
2006-04-14,957.59,977.29,951.05,977.09,15.1598,1.5515
2006-04-17,979.77,990.93,976.48,988.19,15.1091,1.5290
2006-04-18,988.98,990.57,981.65,986.35,14.6670,1.4870
2006-04-19,989.18,989.18,971.60,982.99,14.8751,1.5132
2006-04-20,983.76,983.76,963.90,970.81,15.2312,1.5689
2006-04-21,968.85,975.83,959.41,972.54,15.3161,1.5749
2006-04-24,971.41,971.41,944.78,950.93,16.2049,1.7041
2006-04-25,943.63,949.75,929.69,945.52,16.5646,1.7519
2006-04-26,943.11,958.75,940.58,956.20,16.6792,1.7443
2006-04-27,955.52,959.34,944.94,957.59,16.5164,1.7248
2006-04-28,945.09,969.38,937.75,965.29,17.5960,1.8229
2006-05-08,967.83,993.20,967.83,993.20,18.3327,1.8458
2006-05-09,997.28,1022.82,992.63,1022.82,19.1796,1.8752
2006-05-10,1026.97,1042.28,1016.79,1037.93,19.6304,1.8913
2006-05-11,1041.02,1064.93,1033.45,1033.48,20.4768,1.9813
2006-05-12,1032.96,1066.23,1029.74,1066.17,21.6206,2.0279
2006-05-15,1073.24,1109.05,1062.06,1108.90,23.4327,2.1131
2006-05-16,1115.56,1122.47,1073.04,1080.74,25.2896,2.3400
2006-05-17,1076.33,1103.57,1072.38,1101.69,25.7111,2.3338
2006-05-18,1103.46,1125.56,1091.87,1121.48,26.2810,2.3434
2006-05-19,1124.23,1156.92,1121.23,1153.64,26.9531,2.3364
2006-05-22,1161.11,1191.25,1157.65,1183.70,27.7143,2.3413
2006-05-23,1185.41,1185.41,1138.78,1138.82,29.0654,2.5522
2006-05-24,1141.73,1162.70,1092.68,1119.44,31.9907,2.8577
2006-05-25,1118.92,1143.25,1116.47,1140.35,31.6185,2.7727
2006-05-26,1146.03,1170.28,1146.03,1170.28,31.4979,2.6915
2006-05-29,1178.22,1199.35,1171.09,1198.81,31.3245,2.6130
2006-05-30,1204.46,1218.73,1196.49,1218.73,30.6756,2.5170
2006-05-31,1221.39,1235.35,1211.39,1224.03,30.1959,2.4669
2006-06-01,1224.77,1278.72,1224.57,1278.24,31.9455,2.4992
2006-06-02,1287.26,1300.09,1273.43,1287.82,31.5680,2.4513
2006-06-05,1297.44,1323.45,1284.51,1323.45,32.0945,2.4251
2006-06-06,1325.08,1333.93,1315.82,1322.52,31.0956,2.3512
2006-06-07,1323.54,1324.51,1244.80,1244.92,34.5681,2.7767
2006-06-08,1234.60,1245.39,1204.25,1242.22,35.0375,2.8206
2006-06-09,1236.39,1250.16,1213.99,1214.09,35.1184,2.8926
2006-06-12,1205.70,1220.67,1196.33,1211.76,34.3485,2.8346
2006-06-13,1209.87,1227.22,1200.46,1220.09,33.8065,2.7708
2006-06-14,1217.56,1218.34,1198.89,1218.23,32.9060,2.7011
2006-06-15,1218.82,1238.12,1218.82,1227.78,31.9763,2.6044
2006-06-16,1238.37,1255.87,1237.44,1254.81,31.6987,2.5262
2006-06-19,1244.40,1274.46,1237.99,1268.85,32.0395,2.5251
2006-06-20,1267.71,1285.62,1261.31,1285.23,31.4874,2.4499
2006-06-21,1285.51,1292.95,1271.72,1278.46,30.7547,2.4056
2006-06-22,1275.10,1283.55,1265.53,1280.87,29.8451,2.3301
2006-06-23,1278.75,1299.26,1270.54,1297.75,29.7648,2.2936
2006-06-26,1301.32,1319.58,1301.32,1319.45,29.1980,2.2129
2006-06-27,1323.53,1326.83,1312.08,1325.17,28.1660,2.1255
2006-06-28,1323.77,1329.79,1318.79,1326.39,26.9398,2.0311
2006-06-29,1325.79,1350.68,1325.79,1349.11,26.7934,1.9860
2006-06-30,1353.62,1356.09,1329.56,1336.66,26.7746,2.0031
2006-07-03,1336.16,1356.29,1332.92,1356.29,26.5314,1.9562
2006-07-04,1359.22,1361.98,1336.40,1348.17,26.4635,1.9629
2006-07-05,1346.89,1348.88,1322.65,1345.33,26.4468,1.9658
2006-07-06,1346.36,1382.23,1346.36,1382.23,27.1934,1.9674
2006-07-07,1387.59,1392.02,1378.36,1383.65,26.2268,1.8955
2006-07-10,1386.82,1406.56,1380.21,1405.09,26.2356,1.8672
2006-07-11,1407.13,1417.30,1399.26,1417.30,25.6502,1.8098
2006-07-12,1422.13,1433.35,1415.36,1415.93,25.1030,1.7729
2006-07-13,1410.22,1410.22,1314.40,1314.40,30.5621,2.3252
2006-07-14,1296.64,1339.07,1290.61,1325.64,31.8405,2.4019
2006-07-17,1323.12,1351.16,1315.53,1351.16,32.1112,2.3766
2006-07-18,1350.16,1362.29,1337.06,1362.29,31.6197,2.3211
2006-07-19,1358.53,1358.69,1323.66,1337.53,32.1204,2.4015
2006-07-20,1334.37,1354.64,1331.07,1350.85,31.5097,2.3326
2006-07-21,1348.66,1356.68,1346.72,1352.62,29.9704,2.2157
2006-07-24,1325.48,1352.08,1315.28,1350.75,30.4968,2.2578
2006-07-25,1351.32,1375.03,1351.32,1369.89,30.0527,2.1938
2006-07-26,1372.85,1388.70,1366.77,1383.19,29.4726,2.1308
2006-07-27,1383.27,1392.35,1362.88,1375.14,29.4724,2.1432
2006-07-28,1377.95,1381.91,1344.06,1366.58,30.0708,2.2004
2006-07-31,1360.12,1360.12,1309.58,1309.66,31.9943,2.4429
2006-08-01,1307.40,1318.24,1282.36,1286.35,32.2718,2.5088
2006-08-02,1282.94,1290.58,1254.67,1273.41,32.5317,2.5547
2006-08-03,1273.68,1281.61,1257.85,1269.58,31.9052,2.5130
2006-08-04,1269.34,1276.33,1220.34,1221.20,33.6255,2.7535
2006-08-07,1215.35,1215.35,1182.42,1185.39,33.9937,2.8677
2006-08-08,1180.70,1226.91,1180.70,1226.90,34.8663,2.8418
2006-08-09,1228.25,1241.82,1218.67,1234.10,34.0294,2.7574
2006-08-10,1233.80,1253.95,1232.00,1253.95,33.1666,2.6450
2006-08-11,1255.11,1264.38,1247.58,1261.15,31.9975,2.5372
2006-08-14,1259.64,1263.17,1216.36,1219.08,33.0556,2.7115
2006-08-15,1216.70,1243.47,1208.59,1243.47,33.1859,2.6688
2006-08-16,1242.99,1262.49,1236.21,1262.19,32.6926,2.5901
2006-08-17,1261.35,1261.35,1240.86,1255.46,31.8810,2.5394
2006-08-18,1253.58,1261.41,1245.08,1246.44,30.7702,2.4686
2006-08-21,1206.07,1258.62,1194.68,1258.16,33.1395,2.6340
2006-08-22,1256.34,1276.42,1253.03,1271.19,32.4431,2.5522
2006-08-23,1271.60,1277.55,1262.95,1268.33,31.1686,2.4575
2006-08-24,1267.61,1286.41,1259.42,1286.41,30.8701,2.3997
2006-08-25,1286.50,1294.27,1282.87,1286.58,29.4794,2.2913
2006-08-28,1289.35,1316.24,1289.35,1316.24,29.4923,2.2406
2006-08-29,1317.70,1335.85,1315.52,1315.66,28.8378,2.1919
2006-08-30,1313.27,1329.20,1307.44,1329.20,28.3323,2.1315
2006-08-31,1330.57,1336.57,1322.66,1336.31,27.3021,2.0431
2006-09-01,1332.59,1337.11,1305.56,1310.68,27.6055,2.1062
2006-09-04,1315.56,1343.19,1314.50,1343.19,27.9559,2.0813
2006-09-05,1343.04,1349.76,1338.23,1344.89,26.7826,1.9914
2006-09-06,1344.73,1355.48,1336.68,1355.48,26.2124,1.9338
2006-09-07,1355.89,1355.89,1326.94,1334.17,26.4079,1.9794
2006-09-08,1332.27,1344.37,1331.84,1337.72,25.4167,1.9000
2006-09-11,1338.92,1348.99,1323.45,1348.99,25.4255,1.8848
2006-09-12,1350.77,1359.82,1346.35,1356.04,24.5715,1.8120
2006-09-13,1355.26,1357.80,1338.13,1339.07,24.2214,1.8088
2006-09-14,1336.58,1341.53,1321.26,1341.53,23.9392,1.7845
2006-09-15,1340.74,1356.31,1339.53,1354.52,23.4278,1.7296
2006-09-18,1357.56,1375.47,1356.76,1375.47,23.2508,1.6904
2006-09-19,1378.18,1386.24,1370.35,1378.55,22.7250,1.6485
2006-09-20,1379.50,1389.00,1368.72,1385.26,22.5504,1.6279
2006-09-21,1384.75,1391.53,1380.94,1390.20,21.6961,1.5606
2006-09-22,1389.28,1389.55,1373.72,1376.90,21.3235,1.5487
2006-09-25,1374.25,1386.56,1367.50,1381.10,21.1618,1.5322
2006-09-26,1379.17,1382.91,1370.87,1381.72,20.5103,1.4844
2006-09-27,1381.73,1391.08,1379.05,1391.08,19.9045,1.4309
2006-09-28,1391.55,1404.89,1389.12,1399.31,19.6092,1.4013
2006-09-29,1399.83,1411.51,1399.83,1411.51,19.0800,1.3517
2006-10-09,1418.48,1433.79,1417.93,1433.79,19.3085,1.3467
2006-10-10,1435.45,1444.07,1427.00,1439.84,19.1487,1.3299
2006-10-11,1441.91,1446.87,1430.36,1446.87,18.9602,1.3104
2006-10-12,1449.17,1449.22,1433.37,1434.16,18.7380,1.3066
2006-10-13,1432.21,1446.36,1427.65,1442.02,18.7360,1.2993
2006-10-16,1443.36,1445.46,1433.36,1440.44,18.2620,1.2678
2006-10-17,1439.22,1445.95,1434.55,1438.82,17.7719,1.2352
2006-10-18,1438.01,1453.10,1437.53,1453.10,17.6146,1.2122
2006-10-19,1452.36,1458.50,1448.44,1456.88,17.0750,1.1720
2006-10-20,1456.10,1459.95,1443.99,1444.57,16.9953,1.1765
2006-10-23,1442.57,1446.02,1396.86,1405.31,19.2928,1.3729
2006-10-24,1402.99,1439.22,1402.99,1438.42,20.5026,1.4254
2006-10-25,1439.63,1441.79,1414.50,1426.44,20.9874,1.4713
2006-10-26,1426.44,1426.44,1408.84,1411.51,20.7455,1.4697
2006-10-27,1410.16,1410.52,1381.47,1387.60,21.4094,1.5429
2006-10-30,1385.73,1390.26,1361.53,1382.04,21.9323,1.5869
2006-10-31,1380.76,1396.96,1379.41,1396.96,21.6192,1.5476
2006-11-01,1398.49,1403.54,1390.27,1403.52,21.0229,1.4979
2006-11-02,1402.08,1402.08,1384.55,1397.88,20.8762,1.4934
2006-11-03,1396.95,1408.02,1396.60,1405.00,20.2008,1.4378
2006-11-06,1400.01,1405.71,1392.01,1400.54,19.7365,1.4092
2006-11-07,1399.06,1399.06,1364.99,1379.31,20.8660,1.5128
2006-11-08,1379.27,1379.32,1368.28,1375.24,20.1641,1.4662
2006-11-09,1373.66,1393.73,1372.83,1392.82,20.2167,1.4515
2006-11-10,1393.05,1396.01,1345.39,1353.48,22.3884,1.6541
2006-11-13,1352.23,1352.23,1301.17,1306.78,24.5256,1.8768
2006-11-14,1305.09,1325.16,1289.52,1325.16,25.3195,1.9107
2006-11-15,1324.46,1342.70,1316.85,1342.70,25.3574,1.8885
2006-11-16,1343.12,1345.22,1320.77,1321.50,25.2926,1.9139
2006-11-17,1318.96,1333.44,1311.61,1333.44,25.0453,1.8782
2006-11-20,1333.63,1334.09,1313.71,1322.59,24.7120,1.8685
2006-11-21,1321.43,1330.85,1306.28,1330.85,24.7019,1.8561
2006-11-22,1329.80,1348.37,1324.25,1340.40,24.6603,1.8398
2006-11-23,1339.62,1350.14,1335.13,1350.14,23.9710,1.7754
2006-11-24,1349.32,1364.39,1339.60,1362.57,24.0295,1.7635
2006-11-27,1362.60,1386.25,1362.27,1386.25,24.0260,1.7332
2006-11-28,1388.59,1397.76,1383.41,1392.40,23.3348,1.6759
2006-11-29,1382.28,1402.46,1365.65,1402.46,24.2973,1.7325
2006-11-30,1403.56,1424.46,1403.34,1421.48,24.1332,1.6978
2006-12-01,1424.68,1434.67,1422.02,1429.85,23.3516,1.6331
2006-12-04,1430.93,1450.57,1430.93,1450.57,23.1636,1.5969
2006-12-05,1452.86,1464.02,1441.31,1461.38,23.1312,1.5828
2006-12-06,1459.75,1463.11,1399.57,1441.37,26.0176,1.8051
2006-12-07,1437.75,1450.31,1428.84,1429.17,25.6927,1.7977
2006-12-08,1418.83,1421.59,1380.10,1380.10,27.3625,1.9826
2006-12-11,1375.73,1415.96,1375.52,1415.91,28.2966,1.9985
2006-12-12,1420.79,1425.70,1400.91,1420.93,28.0462,1.9738
2006-12-13,1422.45,1427.68,1407.05,1427.68,27.5164,1.9274
2006-12-14,1426.93,1446.66,1426.88,1446.22,26.9638,1.8644
2006-12-15,1450.80,1460.18,1446.70,1460.18,26.0350,1.7830
2006-12-18,1466.18,1483.33,1464.72,1481.21,25.8289,1.7438
2006-12-19,1484.79,1493.62,1458.63,1493.62,26.4833,1.7731
2006-12-20,1481.45,1525.95,1478.56,1525.95,27.9766,1.8334
2006-12-21,1526.30,1542.09,1514.65,1517.89,27.9383,1.8406
2006-12-22,1508.69,1520.52,1490.95,1507.89,28.0548,1.8605
2006-12-25,1518.75,1529.23,1514.99,1523.82,27.5752,1.8096
2006-12-26,1525.81,1529.13,1492.64,1507.07,28.2120,1.8720
2006-12-27,1507.07,1512.24,1501.56,1511.80,26.9597,1.7833
2006-12-28,1511.62,1512.61,1468.51,1472.15,28.1840,1.9145
2006-12-29,1471.77,1490.15,1471.77,1485.10,27.4837,1.8506
2007-01-04,1492.67,1497.24,1477.59,1480.94,26.9242,1.8180
2007-01-05,1482.00,1517.50,1477.30,1517.50,27.8724,1.8367
2007-01-08,1517.74,1571.82,1517.42,1571.82,29.7673,1.8938
2007-01-09,1584.30,1611.22,1584.30,1610.20,30.4553,1.8914
2007-01-10,1616.76,1653.72,1602.65,1653.72,31.9278,1.9307
2007-01-11,1661.12,1708.51,1653.69,1669.98,33.5630,2.0098
2007-01-12,1663.19,1682.19,1614.73,1616.33,35.9842,2.2263
2007-01-15,1613.34,1683.90,1613.34,1683.90,38.4539,2.2836
2007-01-16,1686.53,1727.79,1678.44,1727.79,39.2322,2.2707
2007-01-17,1730.00,1771.33,1693.80,1730.60,41.9677,2.4250
2007-01-18,1724.31,1778.55,1713.78,1776.39,43.5965,2.4542
2007-01-19,1782.17,1836.65,1782.17,1836.65,44.7867,2.4385
2007-01-22,1844.55,1906.27,1844.55,1906.27,46.5605,2.4425
2007-01-23,1915.15,1926.44,1855.74,1921.53,48.2848,2.5128
2007-01-24,1919.54,1939.42,1906.71,1926.33,47.1723,2.4488
2007-01-25,1919.10,1919.10,1852.00,1853.94,49.1121,2.6491
2007-01-26,1842.12,1867.29,1779.53,1860.58,51.8727,2.7880
2007-01-29,1874.21,1924.46,1874.21,1924.46,52.7303,2.7400
2007-01-30,1933.77,1935.55,1895.78,1910.42,51.8046,2.7117
2007-01-31,1902.86,1913.80,1818.08,1830.29,54.9414,3.0018
2007-02-01,1810.77,1843.22,1775.46,1834.24,55.8570,3.0452
2007-02-02,1838.66,1855.12,1803.42,1806.41,55.5601,3.0757
2007-02-05,1806.42,1838.17,1803.84,1827.62,54.0437,2.9571
2007-02-06,1833.99,1876.42,1831.80,1876.42,53.6691,2.8602
2007-02-07,1882.70,1900.95,1878.01,1900.95,51.5878,2.7138
2007-02-08,1905.39,1938.15,1900.52,1936.74,50.5908,2.6122
2007-02-09,1939.59,1950.50,1919.90,1938.72,49.1629,2.5358
2007-02-12,1940.85,1979.74,1940.85,1979.74,48.5812,2.4539
2007-02-13,1987.08,2011.05,1977.41,2011.05,47.5140,2.3626
2007-02-14,2011.05,2061.85,2011.05,2052.67,47.7487,2.3262
2007-02-15,2060.36,2112.34,2060.36,2112.07,48.6002,2.3011
2007-02-16,2148.95,2196.99,2146.48,2165.07,51.1945,2.3646
2007-02-26,2185.37,2271.81,2167.58,2271.81,55.1620,2.4281
2007-02-27,2281.21,2310.12,2096.54,2097.43,66.4776,3.1695
2007-02-28,2067.75,2204.76,2067.75,2199.83,71.5156,3.2510
2007-03-01,2208.01,2219.34,2135.91,2172.82,72.3667,3.3305
2007-03-02,2174.21,2225.75,2172.14,2211.79,71.0269,3.2113
2007-03-05,2219.58,2254.51,2147.15,2225.25,73.6221,3.3085
2007-03-06,2220.16,2241.41,2196.77,2231.35,71.5520,3.2067
2007-03-07,2239.97,2288.40,2239.97,2288.40,70.5161,3.0815
2007-03-08,2296.89,2344.16,2279.48,2344.16,70.0992,2.9904
2007-03-09,2348.70,2380.30,2313.66,2366.49,69.8522,2.9517
2007-03-12,2368.94,2449.10,2368.89,2449.10,70.7634,2.8894
2007-03-13,2456.66,2489.51,2448.60,2481.59,68.6310,2.7656
2007-03-14,2463.13,2509.80,2388.34,2475.98,72.4045,2.9243
2007-03-15,2478.83,2536.80,2477.88,2531.94,71.5771,2.8270
2007-03-16,2538.00,2546.88,2452.74,2485.45,73.1887,2.9447
2007-03-19,2415.78,2541.95,2402.11,2538.30,77.9495,3.0709
2007-03-20,2546.74,2611.73,2546.74,2610.54,77.6267,2.9736
2007-03-21,2627.76,2659.42,2607.94,2659.30,75.7591,2.8488
2007-03-22,2671.61,2711.04,2667.82,2677.63,74.0434,2.7653
2007-03-23,2678.41,2714.88,2639.82,2708.89,74.1160,2.7360
2007-03-26,2721.03,2784.47,2721.03,2784.11,74.2206,2.6659
2007-03-27,2788.57,2835.29,2769.90,2835.29,73.5899,2.5955
2007-03-28,2838.12,2855.07,2694.06,2816.99,79.8341,2.8340
2007-03-29,2813.11,2813.84,2702.27,2702.91,82.3260,3.0458
2007-03-30,2686.05,2741.30,2669.26,2731.19,81.5913,2.9874
2007-04-02,2745.17,2796.51,2742.65,2796.51,80.4290,2.8761
2007-04-03,2809.93,2833.00,2796.71,2833.00,77.2905,2.7282
2007-04-04,2836.04,2859.37,2814.15,2859.24,74.9998,2.6231
2007-04-05,2860.48,2922.03,2850.22,2920.68,74.7719,2.5601
2007-04-06,2902.18,2960.60,2888.25,2954.23,74.5990,2.5252
2007-04-09,2970.36,2999.09,2964.61,2999.09,72.4747,2.4166
2007-04-10,3004.76,3033.29,2929.95,3033.29,74.6794,2.4620
2007-04-11,3044.33,3059.98,2995.86,3059.64,73.9252,2.4161
2007-04-12,3059.61,3125.47,3047.70,3125.47,74.1998,2.3740
2007-04-13,3152.03,3205.04,3130.02,3147.18,74.5834,2.3698
2007-04-16,3151.26,3238.40,3151.26,3238.20,75.7717,2.3399
2007-04-17,3249.25,3321.38,3203.14,3320.88,78.8052,2.3730
2007-04-18,3334.38,3412.41,3313.05,3410.57,80.2734,2.3537
2007-04-19,3409.32,3409.32,3186.87,3260.65,90.5181,2.7761
2007-04-20,3278.08,3429.18,3278.08,3420.55,96.0904,2.8092
2007-04-23,3462.58,3563.10,3462.58,3562.61,99.4089,2.7903
2007-04-24,3593.06,3619.74,3544.11,3579.30,97.7104,2.7299
2007-04-25,3578.09,3604.24,3501.85,3583.26,98.0447,2.7362
2007-04-26,3597.15,3623.85,3573.77,3621.14,94.6186,2.6130
2007-04-27,3623.94,3637.25,3576.31,3615.14,92.2130,2.5507
2007-04-30,3603.88,3664.85,3586.83,3654.97,91.1992,2.4952
2007-05-08,3682.97,3814.91,3682.97,3814.82,96.1093,2.5194
2007-05-09,3831.93,3870.31,3702.85,3864.12,101.2058,2.6191
2007-05-10,3872.60,3904.88,3830.30,3896.25,99.3039,2.5487
2007-05-11,3866.74,3904.61,3806.42,3891.92,99.2244,2.5495
2007-05-14,3845.48,3947.46,3816.13,3923.15,101.5176,2.5877
2007-05-15,3923.15,3954.48,3794.74,3801.79,105.6764,2.7796
2007-05-16,3794.30,3873.75,3733.14,3873.75,108.1716,2.7924
2007-05-17,3899.83,3992.56,3894.55,3982.92,108.9315,2.7350
2007-05-18,3994.00,4054.03,3968.57,4032.92,107.2550,2.6595
2007-05-21,3916.94,4139.20,3910.59,4138.97,115.9232,2.8008
2007-05-22,4199.33,4254.87,4199.33,4227.78,115.9215,2.7419
2007-05-23,4266.54,4348.38,4253.87,4347.98,116.2557,2.6738
2007-05-24,4381.95,4389.28,4247.06,4346.68,118.1103,2.7173
2007-05-25,4330.58,4396.81,4303.42,4384.99,116.3446,2.6532
2007-05-28,4426.95,4473.30,4416.23,4448.76,114.3421,2.5702
2007-05-29,4460.96,4484.44,4392.53,4484.44,112.7398,2.5140
2007-05-30,4198.83,4373.32,4142.30,4151.00,129.1255,3.1107
2007-05-31,3998.18,4043.21,3830.04,3894.68,142.8280,3.6673
2007-06-01,3848.26,3912.33,3626.15,3632.90,153.0674,4.2134
2007-06-04,3544.81,3561.93,3358.34,3359.93,161.7455,4.8140
2007-06-05,3298.92,3321.85,3107.82,3321.85,168.2001,5.0634
2007-06-06,3334.27,3438.09,3237.17,3354.83,170.5372,5.0833
2007-06-07,3354.83,3505.80,3339.30,3505.62,170.2488,4.8565
2007-06-08,3513.94,3608.35,3502.86,3578.51,165.6232,4.6283
2007-06-11,3623.89,3658.75,3599.63,3625.51,159.5244,4.4001
2007-06-12,3651.24,3682.44,3491.25,3682.44,161.7862,4.3935
2007-06-13,3718.55,3848.07,3706.46,3838.02,162.0608,4.2225
2007-06-14,3839.17,3866.66,3748.12,3776.99,158.9522,4.2084
2007-06-15,3740.32,3794.74,3706.36,3763.26,153.9113,4.0898
2007-06-18,3821.68,3891.59,3821.68,3878.97,152.0841,3.9207
2007-06-19,3891.54,3958.65,3852.23,3958.33,148.8223,3.7597
2007-06-20,3961.05,4016.30,3841.76,3867.76,150.6593,3.8953
2007-06-21,3851.16,3912.10,3746.92,3821.40,151.6965,3.9697
2007-06-22,3815.14,3823.52,3550.94,3587.39,160.3310,4.4693
2007-06-25,3585.47,3627.30,3324.15,3338.37,170.5324,5.1083
2007-06-26,3236.32,3383.89,3178.18,3383.89,173.0451,5.1138
2007-06-27,3394.91,3476.24,3344.98,3467.48,170.0604,4.9044
2007-06-28,3482.43,3517.95,3297.64,3299.12,173.6497,5.2635
2007-06-29,3187.53,3263.30,3102.67,3152.37,175.2783,5.5602
2007-07-02,3124.74,3223.95,3074.28,3223.95,173.4491,5.3800
2007-07-03,3250.25,3273.88,3157.53,3271.84,169.3706,5.1766
2007-07-04,3270.02,3271.66,3162.88,3176.33,165.0556,5.1964
2007-07-05,3119.89,3119.89,2962.19,2962.84,168.5616,5.6892
2007-07-06,3007.99,3154.98,2896.11,3147.56,175.0122,5.5602
2007-07-09,3168.13,3264.67,3132.52,3244.46,171.9506,5.2998
2007-07-10,3241.34,3241.34,3137.49,3165.10,167.3091,5.2861
2007-07-11,3139.66,3205.09,3124.37,3195.87,161.1242,5.0416
2007-07-12,3202.54,3229.94,3189.56,3229.94,152.4996,4.7214
2007-07-13,3226.63,3230.96,3164.20,3223.99,146.3754,4.5402
2007-07-16,3220.54,3222.48,3104.85,3104.85,144.4300,4.6518
2007-07-17,3081.42,3187.26,3061.06,3156.06,143.1278,4.5350
2007-07-18,3150.32,3194.21,3121.82,3149.73,138.0751,4.3837
2007-07-19,3148.13,3183.74,3127.64,3173.07,132.2198,4.1669
2007-07-20,3176.20,3284.07,3176.20,3281.92,130.7041,3.9825
2007-07-23,3287.19,3467.96,3287.19,3467.96,134.6566,3.8829
2007-07-24,3503.06,3602.69,3483.13,3512.93,134.6619,3.8333
2007-07-25,3509.51,3642.77,3509.51,3642.35,134.5617,3.6944
2007-07-26,3665.31,3747.33,3643.11,3731.40,132.4488,3.5496
2007-07-27,3732.32,3840.43,3666.24,3840.43,135.4303,3.5264
2007-07-30,3844.34,3958.00,3844.34,3936.79,134.1545,3.4077
2007-07-31,3930.28,4008.47,3873.39,4005.34,134.2206,3.3510
2007-08-01,4027.94,4042.04,3779.69,3784.02,143.3727,3.7889
2007-08-02,3773.96,3932.08,3773.96,3932.08,144.4261,3.6730
2007-08-03,3953.35,3984.01,3893.07,3968.66,140.6057,3.5429
2007-08-06,3982.99,4037.02,3942.18,4037.02,137.3367,3.4019
2007-08-07,4047.62,4078.13,3965.37,4041.94,135.5812,3.3544
2007-08-08,4011.18,4031.15,3883.79,3970.94,137.1933,3.4549
2007-08-09,3969.05,4015.10,3968.76,3997.01,130.7038,3.2700
2007-08-10,3993.19,3993.19,3803.11,3895.46,135.2178,3.4712
2007-08-13,3877.39,3890.80,3795.77,3861.26,132.6801,3.4362
2007-08-14,3865.34,3985.69,3864.50,3982.68,132.0908,3.3166
2007-08-15,3996.92,4006.55,3853.10,3957.01,133.6164,3.3767
2007-08-16,3940.39,4021.39,3893.39,3995.48,133.2153,3.3341
2007-08-17,3995.48,4047.85,3957.06,3984.81,130.1849,3.2670
2007-08-20,4062.34,4140.42,4054.48,4140.42,132.0010,3.1881
2007-08-21,4167.01,4196.15,4127.77,4178.02,127.4566,3.0506
2007-08-22,4118.86,4248.63,4104.94,4237.94,128.6161,3.0349
2007-08-23,4253.75,4294.08,4237.67,4286.92,123.4586,2.8799
2007-08-24,4310.45,4330.27,4284.76,4320.98,117.8908,2.7283
2007-08-27,4363.89,4380.07,4262.07,4318.12,117.8986,2.7303
2007-08-28,4307.36,4344.86,4231.61,4344.09,117.5666,2.7064
2007-08-29,4326.80,4365.94,4250.89,4316.88,117.3868,2.7193
2007-08-30,4334.79,4469.47,4334.79,4468.39,119.9013,2.6833
2007-08-31,4505.20,4532.75,4491.40,4515.24,115.9341,2.5676
2007-09-03,4561.54,4621.48,4556.18,4621.48,115.2417,2.4936
2007-09-04,4642.13,4644.21,4537.73,4558.49,114.6158,2.5143
2007-09-05,4566.98,4585.06,4484.86,4570.19,113.5861,2.4854
2007-09-06,4595.79,4645.66,4595.79,4632.49,110.8635,2.3932
2007-09-07,4598.21,4618.71,4516.56,4533.11,111.2254,2.4536
2007-09-10,4489.35,4645.33,4450.14,4645.33,117.2229,2.5235
2007-09-11,4645.45,4655.36,4332.78,4334.65,131.8913,3.0427
2007-09-12,4300.87,4399.51,4190.09,4370.09,137.4290,3.1448
2007-09-13,4381.45,4439.61,4333.60,4439.13,135.1848,3.0453
2007-09-14,4439.36,4515.12,4390.25,4502.40,134.4480,2.9861
2007-09-17,4487.74,4608.66,4485.50,4596.26,133.6418,2.9076
2007-09-18,4608.87,4657.57,4573.01,4655.17,130.1359,2.7955
2007-09-19,4671.26,4675.55,4569.87,4584.83,128.3891,2.8003
2007-09-20,4591.93,4634.55,4571.12,4617.75,123.7491,2.6799
2007-09-21,4636.83,4638.51,4466.89,4562.12,127.1685,2.7875
2007-09-24,4573.21,4605.09,4501.54,4577.26,125.4814,2.7414
2007-09-25,4574.46,4592.45,4508.10,4547.60,122.5435,2.6947
2007-09-26,4541.63,4571.27,4446.94,4471.18,122.6711,2.7436
2007-09-27,4482.45,4511.22,4461.09,4498.61,117.4896,2.6117
2007-09-28,4528.84,4597.54,4528.84,4582.44,116.1639,2.5350
2007-10-08,4612.92,4622.23,4575.55,4579.57,111.2008,2.4282
2007-10-09,4567.60,4595.20,4515.06,4594.70,108.9821,2.3719
2007-10-10,4607.54,4623.11,4557.11,4588.08,105.9120,2.3084
2007-10-11,4589.99,4591.32,4500.39,4510.27,104.8418,2.3245
2007-10-12,4508.23,4508.23,4172.94,4375.31,121.4481,2.7758
2007-10-15,4375.77,4389.60,4275.34,4364.80,120.9347,2.7707
2007-10-16,4368.86,4404.82,4317.45,4404.02,118.5372,2.6916
2007-10-17,4401.27,4419.26,4356.41,4401.07,114.5596,2.6030
2007-10-18,4399.68,4399.68,4307.62,4316.60,113.0517,2.6190
2007-10-19,4326.21,4365.78,4254.35,4277.37,112.9359,2.6403
2007-10-22,4244.03,4270.00,4154.56,4158.93,113.6412,2.7325
2007-10-23,4155.00,4187.59,4039.60,4147.84,116.0947,2.7989
2007-10-24,4156.19,4165.89,4046.51,4049.97,116.3293,2.8724
2007-10-25,4024.72,4024.72,3743.17,3747.13,129.9344,3.4676
2007-10-26,3682.81,3739.02,3607.53,3699.73,130.6248,3.5307
2007-10-29,3707.59,3751.40,3659.35,3750.87,127.8694,3.4091
2007-10-30,3764.86,3858.23,3741.23,3857.89,127.0931,3.2944
2007-10-31,3896.27,4013.52,3890.10,4009.75,129.1314,3.2204
2007-11-01,4016.72,4016.72,3901.96,3908.54,128.1049,3.2776
2007-11-02,3844.56,3891.82,3805.17,3829.23,126.3381,3.2993
2007-11-05,3814.04,3909.51,3797.15,3898.53,125.3397,3.2150
2007-11-06,3901.49,3975.26,3897.04,3946.96,121.9740,3.0903
2007-11-07,3947.68,3967.17,3862.38,3939.37,120.7466,3.0651
2007-11-08,3927.42,3929.49,3778.06,3778.06,123.6439,3.2727
2007-11-09,3747.12,3782.05,3668.66,3744.00,122.9115,3.2829
2007-11-12,3684.19,3723.71,3626.09,3708.95,122.5543,3.3043
2007-11-13,3730.72,3780.28,3683.88,3730.29,120.6861,3.2353
2007-11-14,3745.95,3844.50,3743.90,3844.50,120.2235,3.1272
2007-11-15,3842.60,3864.06,3814.20,3828.13,115.1976,3.0092
2007-11-16,3804.15,3850.81,3781.46,3843.97,111.9227,2.9116
2007-11-19,3855.60,3930.52,3855.60,3922.60,110.1104,2.8071
2007-11-20,3913.46,3971.20,3897.56,3956.56,107.5054,2.7171
2007-11-21,3960.23,3975.27,3918.12,3923.88,103.9086,2.6481
2007-11-22,3883.02,3883.02,3724.98,3731.98,110.6937,2.9661
2007-11-23,3707.62,3802.83,3688.73,3802.83,110.9370,2.9172
2007-11-26,3831.21,3862.93,3776.95,3779.60,109.1543,2.8880
2007-11-27,3758.87,3789.50,3712.44,3722.90,106.8619,2.8704
2007-11-28,3723.19,3762.23,3688.50,3713.34,104.4953,2.8141
2007-11-29,3731.37,3803.48,3699.73,3801.33,104.4421,2.7475
2007-11-30,3785.47,3797.44,3728.50,3733.48,102.1841,2.7370
2007-12-03,3719.46,3780.22,3711.26,3766.88,99.8109,2.6497
2007-12-04,3767.60,3797.22,3767.60,3792.24,94.8487,2.5011
2007-12-05,3792.29,3852.44,3782.08,3852.44,93.0995,2.4166
2007-12-06,3861.15,3895.76,3843.74,3895.76,90.1653,2.3144
2007-12-07,3907.05,3960.61,3904.11,3960.61,88.3570,2.2309
2007-12-10,3915.50,4060.23,3901.06,4059.24,93.4151,2.3013
2007-12-11,4065.27,4112.21,4040.18,4112.21,91.8876,2.2345
2007-12-12,4108.33,4176.75,4092.99,4154.34,91.3071,2.1979
2007-12-13,4149.52,4187.29,4037.26,4037.53,95.5016,2.3653
2007-12-14,3999.44,4103.85,3960.16,4103.85,98.9436,2.4110
2007-12-17,4107.60,4176.84,4106.84,4133.82,97.0898,2.3487
2007-12-18,4119.17,4150.99,4086.08,4095.00,94.7912,2.3148
2007-12-19,4102.78,4177.49,4102.78,4167.27,93.9125,2.2536
2007-12-20,4173.06,4219.76,4173.06,4210.52,90.9538,2.1602
2007-12-21,4194.90,4281.39,4194.75,4281.39,90.6457,2.1172
2007-12-24,4306.75,4378.70,4304.81,4344.31,91.1217,2.0975
2007-12-25,4350.25,4389.84,4327.40,4388.73,89.0730,2.0296
2007-12-26,4399.28,4473.16,4399.28,4473.13,88.7414,1.9839
2007-12-27,4482.21,4532.39,4482.21,4499.83,86.6355,1.9253
2007-12-28,4505.71,4523.68,4470.52,4493.42,84.2444,1.8748
2008-01-02,4508.45,4638.28,4506.36,4636.78,88.5741,1.9103
2008-01-03,4637.94,4745.87,4629.20,4741.03,90.5810,1.9106
2008-01-04,4753.60,4782.83,4703.51,4778.03,89.7766,1.8789
2008-01-07,4775.44,4874.84,4758.87,4867.13,91.6476,1.8830
2008-01-08,4872.79,4887.26,4696.17,4739.09,98.7506,2.0837
2008-01-09,4717.03,4884.27,4712.22,4884.27,103.9863,2.1290
2008-01-10,4884.27,4939.95,4876.70,4894.59,101.0765,2.0651
2008-01-11,4893.12,4901.22,4796.84,4867.47,101.3125,2.0814
2008-01-14,4878.46,4948.58,4859.20,4946.35,100.4602,2.0310
2008-01-15,4948.37,5009.84,4945.86,4999.92,97.8544,1.9571
2008-01-16,4977.45,4995.47,4926.34,4957.38,96.1206,1.9389
2008-01-17,4933.10,5005.82,4690.87,4849.48,111.7512,2.3044
2008-01-18,4847.12,4890.70,4793.39,4886.73,110.7197,2.2657
2008-01-21,4902.59,4916.01,4662.92,4680.89,120.8890,2.5826
2008-01-22,4581.63,4581.63,4279.78,4292.69,140.9048,3.2824
2008-01-23,4253.82,4473.36,4198.89,4471.13,150.4452,3.3648
2008-01-24,4490.24,4643.52,4457.66,4605.94,152.9748,3.3213
2008-01-25,4602.78,4662.09,4581.30,4612.95,147.8188,3.2044
2008-01-28,4592.09,4592.09,4265.72,4282.73,162.0624,3.7841
2008-01-29,4279.80,4385.59,4231.61,4360.98,161.4851,3.7030
2008-01-30,4387.34,4460.14,4275.58,4389.44,163.1333,3.7165
2008-01-31,4378.20,4393.13,4215.11,4215.11,164.1966,3.8954
2008-02-01,4201.99,4238.12,3904.83,4027.37,176.2747,4.3769
2008-02-04,4112.86,4346.53,4112.86,4346.53,186.4808,4.2903
2008-02-05,4343.75,4409.98,4283.08,4366.55,182.2251,4.1732
2008-02-13,4341.47,4430.51,4289.06,4371.41,179.3125,4.1019
2008-02-14,4384.39,4469.42,4384.39,4455.05,173.5052,3.8946
2008-02-15,4432.28,4437.49,4356.93,4437.49,168.1206,3.7886
2008-02-18,4472.84,4581.99,4472.84,4555.32,166.4334,3.6536
2008-02-19,4560.99,4648.52,4542.46,4639.88,162.1210,3.4941
2008-02-20,4650.17,4671.56,4604.87,4620.50,155.3045,3.3612
2008-02-21,4596.71,4707.70,4578.79,4682.20,153.4192,3.2766
2008-02-22,4676.43,4692.23,4508.16,4591.94,155.6085,3.3887
2008-02-25,4595.95,4618.27,4434.01,4442.76,157.6551,3.5486
2008-02-26,4522.33,4572.89,4318.42,4446.17,164.5704,3.7014
2008-02-27,4458.84,4555.18,4428.93,4555.18,161.8332,3.5527
2008-02-28,4555.78,4620.34,4517.89,4571.87,157.5916,3.4470
2008-02-29,4568.91,4647.40,4558.41,4646.54,152.6915,3.2861
2008-03-03,4643.99,4815.77,4616.19,4814.76,156.0406,3.2409
2008-03-04,4831.77,4893.77,4806.54,4824.67,151.1256,3.1324
2008-03-05,4815.20,4878.03,4741.74,4877.33,150.0659,3.0768
2008-03-06,4896.46,4968.09,4881.94,4882.96,145.8298,2.9865
2008-03-07,4857.30,4875.15,4771.80,4805.96,143.3534,2.9828
2008-03-10,4778.84,4787.84,4648.26,4673.06,144.3781,3.0896
2008-03-11,4636.15,4761.06,4588.56,4761.06,146.3868,3.0747
2008-03-12,4829.86,4852.11,4656.53,4656.53,149.9006,3.2191
2008-03-13,4598.11,4632.68,4379.51,4466.08,158.9806,3.5597
2008-03-14,4443.65,4493.70,4387.12,4435.48,155.2377,3.4999
2008-03-17,4412.61,4419.10,4096.93,4096.93,168.3314,4.1087
2008-03-18,4028.13,4109.16,3762.70,3814.21,181.0549,4.7469
2008-03-19,3879.56,4051.84,3821.04,3999.94,185.0960,4.6275
2008-03-20,3946.19,4198.60,3803.94,4154.00,200.0648,4.8162
2008-03-21,4145.43,4246.98,4116.69,4197.44,195.0809,4.6476
2008-03-24,4241.34,4294.69,4130.15,4130.15,192.8994,4.6705
2008-03-25,4064.31,4197.61,4030.43,4193.51,191.0623,4.5561
2008-03-26,4211.74,4262.64,4145.32,4180.57,185.7950,4.4443
2008-03-27,4131.92,4131.92,3949.59,3949.96,189.0225,4.7854
2008-03-28,3905.13,4068.32,3797.50,4060.04,194.8652,4.7996
2008-03-31,3956.70,4016.76,3860.55,3861.60,195.1955,5.0548
2008-04-01,3830.13,3872.10,3533.22,3539.51,205.4587,5.8047
2008-04-02,3549.92,3597.44,3292.36,3319.60,212.5745,6.4036
2008-04-03,3294.00,3439.24,3219.81,3393.43,213.0642,6.2787
2008-04-07,3358.68,3601.38,3322.91,3596.27,217.7360,6.0545
2008-04-08,3606.13,3706.82,3580.48,3673.96,211.2077,5.7488
2008-04-09,3648.96,3711.47,3466.65,3466.97,213.6086,6.1612
2008-04-10,3421.09,3567.63,3387.59,3567.63,211.2109,5.9202
2008-04-11,3587.43,3648.31,3581.98,3619.04,201.8872,5.5785
2008-04-14,3552.62,3552.62,3388.01,3399.32,203.9689,6.0003
2008-04-15,3380.86,3504.50,3330.39,3504.25,201.8361,5.7598
2008-04-16,3494.02,3509.48,3403.43,3423.92,194.9942,5.6951
2008-04-17,3412.79,3466.43,3244.41,3291.15,196.9246,5.9835
2008-04-18,3268.80,3268.80,3111.99,3116.69,195.6557,6.2777
2008-04-21,3308.47,3315.22,3066.63,3101.90,199.4367,6.4295
2008-04-22,3066.24,3070.66,2911.55,3054.43,198.7877,6.5082
2008-04-23,3037.27,3200.33,3012.47,3182.86,198.0071,6.2210
2008-04-24,3417.31,3451.67,3342.65,3448.80,203.0645,5.8880
2008-04-25,3438.23,3555.08,3392.30,3457.99,200.1870,5.7891
2008-04-28,3408.37,3477.26,3380.88,3446.97,192.7722,5.5925
2008-04-29,3436.98,3493.02,3432.68,3472.67,183.3128,5.2787
2008-04-30,3482.62,3590.40,3482.62,3584.35,178.6283,4.9836
2008-05-05,3607.50,3700.63,3555.26,3694.12,176.2527,4.7712
2008-05-06,3675.40,3749.50,3635.00,3698.92,171.8418,4.6457
2008-05-07,3676.34,3720.31,3552.88,3553.33,171.5267,4.8272
2008-05-08,3514.93,3669.87,3508.75,3669.87,170.7833,4.6537
2008-05-09,3694.32,3724.51,3593.48,3674.63,167.9438,4.5704
2008-05-12,3620.64,3789.15,3589.48,3749.79,170.2100,4.5392
2008-05-13,3653.00,3800.07,3648.18,3776.84,168.9014,4.4720
2008-05-14,3775.45,3856.09,3775.45,3856.09,162.5970,4.2166
2008-05-15,3869.81,3916.80,3828.25,3831.38,157.3079,4.1058
2008-05-16,3823.84,3848.72,3731.57,3789.10,154.4395,4.0759
2008-05-19,3777.57,3831.61,3742.40,3805.89,149.7803,3.9355
2008-05-20,3807.84,3833.74,3570.79,3592.68,157.8638,4.3940
2008-05-21,3542.19,3706.85,3463.29,3690.70,163.9850,4.4432
2008-05-22,3655.88,3748.39,3628.19,3672.20,160.8575,4.3804
2008-05-23,3649.53,3672.96,3548.96,3603.28,158.2248,4.3911
2008-05-26,3572.07,3572.07,3480.48,3483.41,155.6945,4.4696
2008-05-27,3465.52,3501.29,3432.54,3486.91,149.4841,4.2870
2008-05-28,3481.49,3580.49,3464.48,3568.68,147.0931,4.1218
2008-05-29,3566.35,3595.61,3501.28,3501.28,143.3243,4.0935
2008-05-30,3491.35,3524.93,3443.90,3506.84,138.8747,3.9601
2008-06-02,3495.41,3558.23,3482.43,3553.32,134.3694,3.7815
2008-06-03,3551.32,3559.92,3512.71,3536.92,128.1437,3.6230
2008-06-04,3519.58,3525.61,3439.97,3472.67,125.9156,3.6259
2008-06-05,3461.05,3473.78,3413.97,3434.02,121.1938,3.5292
2008-06-06,3442.89,3453.33,3401.38,3420.07,116.2478,3.3990
2008-06-10,3264.43,3268.28,3114.44,3125.80,129.7751,4.1517
2008-06-11,3055.09,3093.46,2994.79,3054.53,129.8633,4.2515
2008-06-12,3035.01,3069.34,2965.94,3024.65,127.9731,4.2310
2008-06-13,3031.01,3054.10,2877.81,2881.04,131.4243,4.5617
2008-06-16,2871.27,2905.76,2770.50,2811.91,131.6983,4.6836
2008-06-17,2800.45,2826.47,2624.82,2640.92,136.6948,5.1760
2008-06-18,2614.15,2797.40,2530.12,2777.72,146.0223,5.2569
2008-06-19,2747.21,2760.93,2558.04,2561.03,151.2836,5.9071
2008-06-20,2567.18,2693.88,2466.90,2600.30,156.6905,6.0259
2008-06-23,2567.32,2606.64,2530.42,2548.05,150.9426,5.9238
2008-06-24,2529.75,2625.90,2525.83,2616.06,147.3088,5.6309
2008-06-25,2612.58,2756.55,2609.28,2754.75,147.3061,5.3473
2008-06-26,2746.11,2816.28,2725.99,2787.85,143.2335,5.1378
2008-06-27,2695.96,2710.42,2567.42,2590.32,148.7475,5.7424
2008-06-30,2543.43,2612.97,2519.18,2579.61,144.8220,5.6141
2008-07-01,2580.14,2593.96,2511.08,2526.32,140.3976,5.5574
2008-07-02,2528.31,2603.58,2516.01,2572.61,136.6242,5.3107
2008-07-03,2539.69,2717.81,2507.95,2686.88,141.8553,5.2796
2008-07-04,2676.24,2722.33,2657.14,2685.17,136.3792,5.0790
2008-07-07,2689.81,2833.58,2689.81,2832.05,137.2385,4.8459
2008-07-08,2839.47,2900.56,2793.77,2887.93,135.0636,4.6768
2008-07-09,2891.24,2967.54,2891.24,2967.54,131.1027,4.4179
2008-07-10,2936.15,3012.35,2904.60,2904.62,129.4346,4.4562
2008-07-11,2886.88,2919.05,2832.44,2891.36,126.3757,4.3708
2008-07-14,2872.28,2958.01,2864.44,2958.01,124.0325,4.1931
2008-07-15,2967.79,2990.10,2866.58,2892.85,123.9958,4.2863
2008-07-16,2860.54,2866.43,2697.65,2751.05,129.0819,4.6921
2008-07-17,2784.32,2823.43,2704.56,2711.72,128.3524,4.7332
2008-07-18,2726.40,2805.16,2635.25,2792.70,131.3208,4.7023
2008-07-21,2778.16,2921.62,2761.88,2913.70,133.3508,4.5767
2008-07-22,2915.02,2963.77,2904.10,2931.30,128.0879,4.3697
2008-07-23,2941.08,2969.88,2907.97,2915.13,123.3609,4.2317
2008-07-24,2929.32,2996.55,2929.32,2990.77,120.3651,4.0246
2008-07-25,2961.68,3003.98,2942.79,2971.52,116.1383,3.9084
2008-07-28,2985.04,3030.05,2985.04,3021.51,112.0234,3.7075
2008-07-29,2989.23,2992.29,2941.72,2960.07,109.7210,3.7067
2008-07-30,2989.57,3005.21,2915.47,2944.37,108.2938,3.6780
2008-07-31,2944.36,2951.98,2833.08,2834.10,109.0514,3.8478
2008-08-01,2820.23,2898.31,2776.04,2876.13,109.9956,3.8244
2008-08-04,2857.85,2877.18,2799.35,2803.57,107.6980,3.8415
2008-08-05,2798.87,2813.83,2702.62,2712.63,107.9489,3.9795
2008-08-06,2725.83,2745.19,2660.46,2705.28,106.2904,3.9290
2008-08-07,2702.19,2726.68,2667.61,2717.35,102.9175,3.7874
2008-08-08,2716.40,2720.04,2514.16,2514.97,110.2720,4.3846
2008-08-11,2496.24,2496.24,2288.40,2295.76,118.5790,5.1651
2008-08-12,2257.44,2285.57,2212.50,2251.39,116.0562,5.1549
2008-08-13,2234.48,2269.63,2143.42,2246.76,116.7815,5.1978
2008-08-14,2231.97,2281.54,2218.10,2263.95,112.9714,4.9900
2008-08-15,2256.74,2291.41,2223.63,2257.41,109.7434,4.8615
2008-08-18,2257.19,2262.21,2077.59,2079.55,115.0917,5.5345
2008-08-19,2037.62,2123.04,2024.86,2119.83,113.8838,5.3723
2008-08-20,2108.08,2301.92,2079.66,2299.67,121.6249,5.2888
2008-08-21,2268.15,2317.79,2211.93,2217.05,120.4989,5.4351
2008-08-22,2197.38,2203.89,2113.97,2171.68,119.2546,5.4914
2008-08-25,2170.27,2210.03,2143.39,2170.92,115.4965,5.3202
2008-08-26,2147.11,2147.11,2014.09,2041.98,118.4489,5.8007
2008-08-27,2030.90,2079.45,1987.96,2044.26,116.5232,5.7000
2008-08-28,2040.04,2063.70,2024.66,2044.35,110.9887,5.4290
2008-08-29,2044.69,2130.42,2044.69,2105.88,109.2088,5.1859
2008-09-01,2093.13,2093.35,2026.90,2046.06,107.0496,5.2320
2008-09-02,2031.30,2087.06,2005.66,2064.11,105.2175,5.0975
2008-09-03,2058.34,2083.42,2016.40,2057.11,102.4891,4.9822
2008-09-04,2046.80,2088.89,2035.42,2066.88,98.9877,4.7892
2008-09-05,2005.30,2019.35,1950.92,1952.60,100.2000,5.1316
2008-09-08,1946.85,1962.17,1840.62,1847.39,101.7250,5.5064
2008-09-09,1850.50,1874.00,1829.40,1864.16,97.6447,5.2380
2008-09-10,1850.62,1914.15,1832.76,1883.98,96.4836,5.1213
2008-09-11,1876.91,1895.49,1828.18,1838.23,94.3998,5.1354
2008-09-12,1834.54,1867.31,1830.30,1836.74,90.3005,4.9163
2008-09-16,1836.26,1836.26,1782.01,1795.37,87.7598,4.8881
2008-09-17,1793.49,1816.05,1755.88,1764.20,85.7891,4.8628
2008-09-18,1726.39,1745.09,1613.85,1710.75,90.4006,5.2843
2008-09-19,1861.83,1877.70,1842.26,1877.70,95.8684,5.1056
2008-09-22,1990.89,2049.22,1887.01,1963.30,101.2721,5.1583
2008-09-23,1897.88,1897.88,1832.16,1832.16,103.4055,5.6439
2008-09-24,1802.98,1877.35,1782.03,1877.35,102.8280,5.4773
2008-09-25,1878.10,1937.53,1875.83,1921.03,99.8902,5.1998
2008-09-26,1927.41,1939.88,1880.49,1917.37,96.9974,5.0589
2008-10-06,1879.29,1890.76,1842.82,1855.12,95.3940,5.1422
2008-10-07,1800.18,1873.15,1786.40,1849.97,94.7766,5.1231
2008-10-08,1816.72,1842.67,1790.27,1807.69,92.2711,5.1044
2008-10-09,1839.68,1848.30,1780.86,1781.02,90.4974,5.0812
2008-10-10,1717.47,1717.47,1646.04,1646.93,93.6748,5.6878
2008-10-13,1621.04,1686.88,1570.07,1686.88,95.3273,5.6511
2008-10-14,1735.29,1743.29,1629.74,1629.74,96.6289,5.9291
2008-10-15,1612.58,1633.60,1591.81,1615.78,92.7118,5.7379
2008-10-16,1556.04,1568.16,1523.58,1524.32,92.6753,6.0798
2008-10-17,1534.44,1558.06,1519.53,1547.96,88.8078,5.7371
2008-10-20,1545.53,1610.14,1529.29,1606.02,88.2394,5.4943
2008-10-21,1610.46,1650.85,1602.00,1611.73,85.4258,5.3003
2008-10-22,1593.79,1622.65,1580.18,1580.89,82.3576,5.2096
2008-10-23,1552.36,1597.61,1541.09,1597.61,80.5120,5.0395
2008-10-24,1595.16,1607.15,1555.35,1575.06,78.4612,4.9815
2008-10-27,1547.15,1547.15,1448.99,1452.94,81.8618,5.6342
2008-10-28,1419.48,1496.04,1408.36,1490.74,82.2774,5.5192
2008-10-29,1506.81,1508.42,1426.08,1426.08,82.2818,5.7698
2008-10-30,1432.33,1456.27,1412.78,1436.90,79.5110,5.5335
2008-10-31,1433.45,1444.32,1398.28,1406.76,77.1202,5.4821
2008-11-03,1397.76,1408.53,1381.34,1388.38,73.5538,5.2978
2008-11-04,1380.37,1382.45,1343.01,1374.35,71.5406,5.2054
2008-11-05,1376.98,1429.38,1376.98,1423.45,70.3613,4.9430
2008-11-06,1392.42,1407.30,1379.23,1405.80,68.4941,4.8722
2008-11-07,1382.26,1439.51,1374.90,1432.78,68.2166,4.7611
2008-11-10,1456.09,1543.83,1456.09,1541.30,71.2762,4.6244
2008-11-11,1539.14,1571.18,1520.82,1533.36,69.7822,4.5509
2008-11-12,1519.73,1580.20,1514.70,1580.05,69.4763,4.3971
2008-11-13,1565.85,1672.60,1561.19,1652.16,72.4716,4.3865
2008-11-14,1666.74,1737.47,1650.30,1737.47,73.5214,4.2315
2008-11-17,1735.42,1828.15,1725.39,1827.97,75.6099,4.1363
2008-11-18,1815.94,1841.63,1685.35,1695.21,81.3721,4.8001
2008-11-19,1678.68,1817.11,1678.68,1809.92,85.4476,4.7211
2008-11-20,1784.90,1850.93,1767.94,1811.99,85.2721,4.7060
2008-11-21,1761.55,1841.94,1710.45,1794.57,88.5734,4.9356
2008-11-24,1792.82,1809.33,1724.31,1726.55,88.3196,5.1154
2008-11-25,1744.91,1762.56,1667.43,1714.32,88.8060,5.1802
2008-11-26,1708.41,1740.18,1691.47,1717.22,85.9420,5.0047
2008-11-27,1830.41,1834.43,1738.35,1738.55,88.1754,5.0718
2008-11-28,1720.30,1743.76,1698.87,1719.43,85.0836,4.9484
2008-12-01,1711.86,1801.67,1701.08,1801.67,86.1912,4.7840
2008-12-02,1763.85,1853.67,1756.14,1841.69,87.0011,4.7240
2008-12-03,1855.19,1912.76,1852.29,1912.76,85.8632,4.4890
2008-12-04,1932.68,1974.78,1910.05,1912.81,84.3537,4.4099
2008-12-05,1898.73,1972.93,1897.00,1972.41,83.7520,4.2462
2008-12-08,1992.51,2054.21,1988.12,2054.21,83.6126,4.0703
2008-12-09,2059.82,2059.82,1992.43,2001.22,82.4538,4.1202
2008-12-10,1985.32,2072.06,1985.05,2070.90,82.7792,3.9973
2008-12-11,2072.23,2080.40,2012.19,2013.36,81.7386,4.0598
2008-12-12,1992.96,2006.33,1884.50,1916.20,85.1044,4.4413
2008-12-15,1942.35,1962.30,1902.67,1956.29,83.2848,4.2573
2008-12-16,1943.04,1986.00,1890.82,1983.74,84.1345,4.2412
2008-12-17,1989.16,2040.09,1984.67,2015.50,82.1499,4.0759
2008-12-18,2015.31,2051.61,1996.36,2049.50,80.2284,3.9145
2008-12-19,2049.62,2090.69,2045.03,2066.43,77.7593,3.7630
2008-12-22,2062.06,2090.68,2033.02,2075.31,76.3236,3.6777
2008-12-23,2080.98,2080.98,1937.84,1938.60,81.0962,4.1832
2008-12-24,1908.52,1927.88,1870.43,1895.66,80.1729,4.2293
2008-12-25,1900.85,1925.25,1857.97,1898.36,79.2520,4.1748
2008-12-26,1898.48,1911.88,1870.09,1877.90,76.5761,4.0778
2008-12-29,1868.91,1883.34,1818.20,1873.53,75.7593,4.0437
2008-12-30,1870.87,1894.62,1855.05,1865.96,73.1743,3.9215
2008-12-31,1866.63,1876.47,1830.01,1830.82,71.2661,3.8926
2009-01-05,1856.37,1920.10,1853.96,1920.10,72.5529,3.7786
2009-01-06,1915.60,1985.19,1904.69,1982.87,73.1205,3.6876
2009-01-07,1980.76,2013.32,1973.60,1995.19,70.7348,3.5453
2009-01-08,1963.39,1980.23,1931.10,1951.99,70.2601,3.5994
2009-01-09,1951.42,2010.87,1951.42,2009.10,69.4880,3.4587
2009-01-12,2005.76,2061.76,2001.61,2032.54,68.8210,3.3860
2009-01-13,2013.75,2019.69,1965.65,1970.03,68.6831,3.4864
2009-01-14,1965.39,2054.57,1965.39,2054.57,70.1471,3.4142
2009-01-15,2038.81,2105.80,2035.19,2079.86,70.1802,3.3743
2009-01-16,2087.21,2119.18,2080.11,2090.02,67.9759,3.2524
2009-01-19,2100.97,2112.96,2058.66,2085.58,66.9990,3.2125
2009-01-20,2084.22,2111.39,2071.22,2111.39,65.0827,3.0825
2009-01-21,2088.52,2125.91,2079.90,2107.87,63.7203,3.0230
2009-01-22,2119.53,2146.83,2111.99,2140.16,61.9517,2.8947
2009-01-23,2137.28,2145.03,2118.39,2122.35,59.4295,2.8002
2009-02-02,2141.82,2193.69,2132.45,2193.69,60.2802,2.7479
2009-02-03,2193.04,2254.41,2189.67,2254.41,60.5988,2.6880
2009-02-04,2262.96,2297.07,2254.50,2297.07,59.3174,2.5823
2009-02-05,2294.75,2309.05,2248.11,2270.26,59.4333,2.6179
2009-02-06,2276.06,2371.45,2276.06,2367.72,62.4160,2.6361
2009-02-09,2397.06,2441.80,2373.06,2441.64,63.2491,2.5904
2009-02-10,2430.75,2508.65,2406.22,2508.65,66.0477,2.6328
2009-02-11,2468.56,2570.05,2455.34,2511.31,69.5236,2.7684
2009-02-12,2517.74,2557.24,2444.54,2557.24,72.6076,2.8393
2009-02-13,2556.87,2642.10,2549.83,2640.39,74.0121,2.8031
2009-02-16,2664.25,2697.06,2628.51,2694.43,73.6219,2.7324
2009-02-17,2684.80,2689.04,2587.61,2591.38,75.9932,2.9325
2009-02-18,2537.83,2599.27,2498.67,2500.36,77.7509,3.1096
2009-02-19,2524.28,2564.80,2504.13,2560.66,76.8001,2.9992
2009-02-20,2562.19,2643.54,2546.38,2643.54,78.2544,2.9602
2009-02-23,2636.37,2739.55,2623.31,2732.42,80.9676,2.9632
2009-02-24,2705.30,2739.88,2611.21,2622.02,84.3749,3.2179
2009-02-25,2643.36,2664.37,2565.99,2650.18,85.3753,3.2215
2009-02-26,2651.48,2677.42,2429.27,2461.93,97.0021,3.9401
2009-02-27,2411.68,2425.11,2279.69,2302.02,103.0905,4.4783
2009-03-02,2270.11,2378.05,2264.15,2374.97,103.8626,4.3732
2009-03-03,2315.22,2431.08,2298.41,2402.44,105.9203,4.4089
2009-03-04,2411.28,2543.46,2411.28,2541.43,108.4274,4.2664
2009-03-05,2567.05,2596.92,2501.13,2564.77,107.5247,4.1924
2009-03-06,2524.11,2570.82,2510.31,2548.34,104.1665,4.0876
2009-03-09,2555.46,2577.17,2423.76,2429.33,107.6839,4.4327
2009-03-10,2399.63,2487.79,2394.62,2487.79,106.6472,4.2868
2009-03-11,2531.02,2535.80,2468.95,2481.96,103.8046,4.1824
2009-03-12,2468.34,2500.58,2403.97,2492.52,103.2907,4.1440
2009-03-13,2500.24,2518.58,2465.36,2469.92,99.7142,4.0371
2009-03-16,2455.57,2503.91,2439.22,2503.91,97.2125,3.8824
2009-03-17,2505.44,2602.98,2496.80,2595.07,97.8530,3.7707
2009-03-18,2605.72,2664.28,2602.21,2624.44,95.8071,3.6506
2009-03-19,2629.51,2687.28,2623.14,2687.28,93.5451,3.4810
2009-03-20,2687.11,2691.37,2621.49,2672.45,91.8548,3.4371
2009-03-23,2669.21,2726.86,2661.31,2723.02,89.9759,3.3043
2009-03-24,2741.75,2754.18,2707.42,2743.76,86.8890,3.1668
2009-03-25,2728.49,2756.65,2681.40,2681.40,86.0576,3.2094
2009-03-26,2673.70,2747.38,2638.05,2747.38,87.7200,3.1929
2009-03-27,2758.91,2790.01,2742.80,2773.33,84.8264,3.0586
2009-03-30,2774.70,2806.15,2763.79,2785.36,81.7931,2.9365
2009-03-31,2728.74,2814.25,2708.28,2814.17,83.5200,2.9678
2009-04-01,2822.11,2866.80,2822.11,2855.85,81.3136,2.8473
2009-04-02,2864.72,2889.34,2842.91,2861.15,78.8219,2.7549
2009-04-03,2875.42,2888.39,2810.90,2848.33,78.7268,2.7640
2009-04-07,2850.97,2893.86,2850.97,2893.86,76.3556,2.6385
2009-04-08,2884.40,2896.32,2799.43,2799.43,77.8223,2.7799
2009-04-09,2790.23,2860.71,2782.93,2860.71,77.8193,2.7203
2009-04-10,2872.57,2946.32,2863.82,2945.91,78.3758,2.6605
2009-04-13,2960.73,2985.34,2950.62,2979.83,75.5939,2.5369
2009-04-14,2980.06,3034.32,2962.73,3030.31,75.3079,2.4852
2009-04-15,3015.77,3071.31,2990.13,3071.29,75.7274,2.4657
2009-04-16,3079.32,3108.38,3026.23,3089.67,76.1861,2.4658
2009-04-17,3080.73,3089.34,3002.19,3042.66,76.9928,2.5304
2009-04-20,3032.36,3122.54,3032.36,3122.54,77.9348,2.4959
2009-04-21,3094.51,3134.62,3062.09,3117.70,77.5487,2.4874
2009-04-22,3122.59,3141.93,2936.99,2959.56,86.6481,2.9277
2009-04-23,2929.24,2999.27,2899.90,2980.15,87.5568,2.9380
2009-04-24,2990.47,3002.09,2954.19,2956.25,84.7242,2.8659
2009-04-27,2948.43,2955.16,2829.24,2838.17,87.7446,3.0916
2009-04-28,2812.15,2870.51,2811.64,2870.51,85.6821,2.9849
2009-04-29,2870.53,2939.43,2861.93,2933.56,85.0977,2.9008
2009-04-30,2943.51,2980.95,2933.40,2971.90,82.4157,2.7732
2009-05-04,2979.81,3069.85,2979.81,3069.85,83.5253,2.7208
2009-05-05,3093.53,3128.56,3075.90,3117.40,81.7528,2.6225
2009-05-06,3113.66,3175.64,3102.38,3175.64,81.1461,2.5553
2009-05-07,3190.75,3196.73,3090.64,3154.78,82.9279,2.6286
2009-05-08,3138.12,3175.41,3108.63,3160.74,81.7744,2.5872
2009-05-11,3170.97,3173.62,3033.39,3033.39,85.9498,2.8335
2009-05-12,3005.82,3108.81,3000.69,3108.81,87.5334,2.8157
2009-05-13,3112.53,3146.93,3095.23,3137.42,84.9739,2.7084
2009-05-14,3118.64,3166.87,3105.15,3160.98,83.3129,2.6357
2009-05-15,3170.07,3194.20,3157.52,3183.19,79.9820,2.5126
2009-05-18,3175.59,3215.19,3134.15,3212.93,80.0575,2.4917
2009-05-19,3229.79,3247.47,3217.32,3243.41,76.8063,2.3681
2009-05-20,3241.11,3266.33,3221.47,3227.42,74.5244,2.3091
2009-05-21,3210.37,3226.23,3151.45,3170.25,74.6277,2.3540
2009-05-22,3159.48,3195.18,3146.04,3164.27,72.8071,2.3009
2009-05-25,3081.76,3171.88,3051.87,3165.13,76.1788,2.4068
2009-05-26,3164.93,3219.85,3164.93,3179.55,74.6603,2.3481
2009-05-27,3188.26,3200.64,3148.79,3179.67,73.0310,2.2968
2009-06-01,3198.59,3228.13,3194.84,3226.04,71.2759,2.2094
2009-06-02,3238.17,3252.86,3223.84,3242.41,68.2576,2.1052
2009-06-03,3240.05,3266.59,3239.01,3266.59,65.3521,2.0006
2009-06-04,3257.22,3265.77,3204.82,3256.33,65.0962,1.9991
2009-06-05,3258.76,3277.16,3239.94,3243.50,63.1051,1.9456
2009-06-08,3245.52,3267.71,3219.12,3244.39,62.0683,1.9131
2009-06-09,3243.71,3266.02,3188.76,3266.02,63.1534,1.9336
2009-06-10,3271.41,3302.47,3265.77,3302.47,61.2639,1.8551
2009-06-11,3297.32,3316.84,3263.03,3282.26,60.7314,1.8503
2009-06-12,3278.44,3286.27,3197.27,3217.71,62.7506,1.9502
2009-06-15,3214.73,3258.58,3200.12,3258.58,62.4442,1.9163
2009-06-16,3228.95,3256.39,3219.68,3250.12,60.7624,1.8695
2009-06-17,3245.30,3297.42,3237.12,3293.83,60.7294,1.8437
2009-06-18,3297.13,3311.46,3286.89,3311.36,58.1466,1.7560
2009-06-19,3315.20,3330.32,3295.59,3319.76,56.4740,1.7011
2009-06-22,3332.51,3335.19,3285.79,3297.35,55.9687,1.6974
2009-06-23,3259.32,3318.02,3249.17,3295.94,56.8888,1.7260
2009-06-24,3296.79,3333.87,3290.78,3333.87,55.9032,1.6768
2009-06-25,3335.43,3348.75,3321.29,3339.82,53.8715,1.6130
2009-06-26,3343.39,3357.23,3330.05,3356.42,51.9650,1.5482
2009-06-29,3360.36,3380.68,3353.03,3364.94,50.2282,1.4927
2009-06-30,3365.22,3365.41,3322.86,3335.10,49.6797,1.4896
2009-07-01,3324.32,3357.63,3321.79,3357.22,48.6912,1.4503
2009-07-02,3367.13,3389.92,3358.72,3389.92,47.5490,1.4027
2009-07-03,3378.73,3424.08,3366.88,3423.77,48.2383,1.4089
2009-07-06,3426.37,3428.93,3389.66,3417.16,47.5977,1.3929
2009-07-07,3414.55,3450.61,3399.04,3433.16,47.8815,1.3947
2009-07-08,3419.27,3481.94,3412.12,3479.21,49.4485,1.4213
2009-07-09,3479.08,3551.98,3479.08,3551.98,51.1236,1.4393
2009-07-10,3553.46,3585.61,3547.12,3566.93,50.2212,1.4080
2009-07-13,3556.61,3617.49,3551.88,3598.01,51.3204,1.4264
2009-07-14,3608.92,3658.50,3608.92,3658.50,51.9754,1.4207
2009-07-15,3671.57,3697.93,3663.26,3694.75,51.0793,1.3825
2009-07-16,3702.90,3719.34,3671.41,3682.37,50.8543,1.3810
2009-07-17,3672.52,3712.84,3662.72,3703.26,50.8019,1.3718
2009-07-20,3713.33,3768.36,3713.33,3768.36,51.8232,1.3752
2009-07-21,3773.29,3773.29,3663.04,3671.16,55.9965,1.5253
2009-07-22,3666.34,3725.46,3666.34,3725.45,56.2196,1.5091
2009-07-23,3730.72,3771.71,3723.01,3771.71,55.6825,1.4763
2009-07-24,3784.50,3791.66,3674.06,3741.69,60.1052,1.6064
2009-07-27,3751.59,3816.15,3751.59,3816.04,61.1305,1.6019
2009-07-28,3820.96,3865.94,3789.00,3865.94,62.2598,1.6105
2009-07-29,3853.99,3859.08,3534.54,3618.03,81.4841,2.2522
2009-07-30,3629.47,3682.57,3535.76,3660.61,86.1502,2.3534
2009-07-31,3678.64,3773.39,3670.60,3771.17,88.0523,2.3349
2009-08-03,3783.49,3838.62,3761.73,3838.62,87.2550,2.2731
2009-08-04,3840.23,3876.24,3776.57,3876.24,88.1418,2.2739
2009-08-05,3874.90,3920.69,3825.16,3901.16,88.6695,2.2729
2009-08-06,3876.75,3914.77,3785.33,3849.22,91.5817,2.3792
2009-08-07,3844.77,3869.91,3727.67,3742.53,95.2002,2.5437
2009-08-10,3777.36,3807.19,3708.37,3774.80,95.4587,2.5288
2009-08-11,3784.71,3803.04,3748.73,3800.70,92.5195,2.4343
2009-08-12,3787.97,3787.97,3602.42,3610.93,100.0739,2.7714
2009-08-13,3608.82,3633.92,3540.76,3616.84,99.5800,2.7532
2009-08-14,3612.38,3620.68,3434.00,3434.00,105.8014,3.0810
2009-08-17,3389.62,3395.88,3196.08,3197.23,115.2385,3.6043
2009-08-18,3162.93,3261.74,3140.34,3252.12,115.6786,3.5570
2009-08-19,3249.88,3267.01,3060.47,3086.19,122.1687,3.9586
2009-08-20,3077.99,3208.57,3077.63,3206.88,122.7952,3.8291
2009-08-21,3200.60,3312.08,3177.55,3312.08,123.6334,3.7328
2009-08-24,3316.24,3408.75,3299.14,3395.40,122.6317,3.6117
2009-08-25,3377.81,3377.81,3256.55,3355.87,123.7902,3.6888
2009-08-26,3337.56,3490.91,3316.17,3461.41,127.4295,3.6814
2009-08-27,3449.51,3527.26,3428.63,3500.65,125.3724,3.5814
2009-08-28,3487.76,3491.13,3381.39,3398.37,124.9358,3.6763
2009-08-31,3350.02,3350.02,3160.12,3163.17,133.0296,4.2056
2009-09-01,3129.71,3200.42,3096.54,3138.41,130.9475,4.1724
2009-09-02,3119.67,3163.17,3085.36,3151.00,127.1520,4.0353
2009-09-03,3150.83,3304.09,3148.98,3293.92,129.1490,3.9208
2009-09-04,3286.12,3372.31,3271.47,3355.19,127.1269,3.7890
2009-09-07,3369.50,3435.12,3366.74,3405.00,123.7557,3.6345
2009-09-08,3390.03,3455.47,3354.85,3455.47,122.1032,3.5336
2009-09-09,3456.20,3470.80,3412.53,3466.62,117.5436,3.3907
2009-09-10,3452.47,3467.81,3406.44,3429.54,113.5312,3.3104
2009-09-11,3416.81,3502.15,3415.89,3492.15,111.5833,3.1953
2009-09-14,3505.09,3588.08,3504.67,3579.92,110.4652,3.0857
2009-09-15,3580.88,3634.62,3561.70,3619.60,107.7834,2.9778
2009-09-16,3612.68,3671.17,3568.70,3646.41,107.4039,2.9455
2009-09-17,3654.05,3750.21,3654.05,3740.77,107.1465,2.8643
2009-09-18,3748.15,3769.12,3593.66,3626.91,112.0260,3.0887
2009-09-21,3593.12,3679.38,3524.48,3676.52,115.0884,3.1304
2009-09-22,3668.10,3703.28,3589.19,3589.19,115.0171,3.2045
2009-09-23,3573.68,3609.83,3460.30,3482.48,117.4823,3.3735
2009-09-24,3460.71,3501.26,3362.91,3452.76,118.9729,3.4457
2009-09-25,3438.03,3461.02,3401.64,3415.83,114.7162,3.3584
2009-09-28,3425.47,3459.10,3291.93,3308.50,118.4629,3.5806
2009-09-29,3300.06,3318.75,3161.48,3220.38,121.2349,3.7646
2009-09-30,3238.06,3292.43,3238.06,3250.40,117.7217,3.6218
2009-10-09,3301.83,3419.11,3301.83,3419.11,121.3637,3.5496
2009-10-12,3428.11,3468.01,3402.02,3439.28,117.4084,3.4137
2009-10-13,3430.10,3501.87,3424.43,3501.87,114.5535,3.2712
2009-10-14,3513.73,3569.94,3511.22,3543.41,111.2333,3.1392
2009-10-15,3558.83,3576.67,3527.25,3559.61,106.8180,3.0008
2009-10-16,3564.62,3578.56,3514.54,3578.56,103.7610,2.8995
2009-10-19,3577.87,3661.71,3571.84,3661.71,102.7688,2.8066
2009-10-20,3675.12,3715.83,3658.75,3715.83,99.5053,2.6779
2009-10-21,3709.69,3728.91,3686.21,3686.21,95.4478,2.5893
2009-10-22,3669.93,3728.56,3661.99,3706.28,93.3851,2.5196
2009-10-23,3709.34,3769.76,3709.34,3751.55,91.2490,2.4323
2009-10-26,3760.59,3768.97,3719.19,3761.27,88.2870,2.3473
2009-10-27,3738.04,3738.04,3657.49,3657.89,89.3936,2.4439
2009-10-28,3640.67,3695.39,3611.88,3695.39,88.9733,2.4077
2009-10-29,3640.74,3667.60,3613.11,3624.55,88.4953,2.4416
2009-10-30,3665.74,3701.99,3639.96,3665.99,87.7056,2.3924
2009-11-02,3579.57,3784.19,3574.26,3784.19,96.4359,2.5484
2009-11-03,3792.56,3870.44,3791.28,3869.77,95.7083,2.4732
2009-11-04,3875.36,3912.64,3863.79,3911.09,92.3613,2.3615
2009-11-05,3909.73,3959.08,3897.07,3951.00,90.1934,2.2828
2009-11-06,3966.79,4002.13,3958.11,3969.64,87.4031,2.2018
2009-11-09,3973.39,4006.83,3949.79,4006.83,85.2343,2.1272
2009-11-10,4019.88,4044.31,4004.88,4017.98,81.9626,2.0399
2009-11-11,4011.71,4051.62,3996.56,4046.11,80.0410,1.9782
2009-11-12,4051.55,4096.22,4041.47,4056.64,78.2345,1.9286
2009-11-13,4041.44,4104.99,4008.08,4104.99,79.5684,1.9383
2009-11-16,4129.49,4197.54,4129.49,4197.54,80.4957,1.9177
2009-11-17,4209.03,4239.84,4176.31,4226.50,79.2839,1.8759
2009-11-18,4222.53,4253.37,4198.60,4253.37,77.5329,1.8229
2009-11-19,4255.64,4331.01,4250.79,4331.01,77.7248,1.7946
2009-11-20,4322.46,4392.56,4301.62,4358.75,78.6688,1.8048
2009-11-23,4365.47,4445.73,4365.47,4445.73,79.2624,1.7829
2009-11-24,4457.78,4461.63,4170.55,4193.56,94.3922,2.2509
2009-11-25,4174.86,4360.02,4161.02,4360.02,101.8642,2.3363
2009-11-26,4365.81,4386.48,4162.29,4182.09,110.6018,2.6447
2009-11-27,4122.38,4208.36,4043.49,4074.01,114.4781,2.8100
2009-11-30,4103.54,4264.05,4103.54,4264.05,119.8754,2.8113
2009-12-01,4268.19,4394.99,4248.89,4394.99,121.7485,2.7702
2009-12-02,4410.74,4484.05,4404.46,4474.93,119.4137,2.6685
2009-12-03,4462.58,4515.84,4450.05,4515.84,115.5834,2.5595
2009-12-04,4503.67,4533.17,4279.57,4375.98,125.4417,2.8666
2009-12-07,4375.16,4459.08,4375.16,4459.08,122.4759,2.7467
2009-12-08,4457.13,4471.71,4402.31,4450.83,118.6847,2.6666
2009-12-09,4407.21,4449.06,4363.74,4386.53,116.4280,2.6542
2009-12-10,4400.14,4434.56,4362.71,4411.69,113.2438,2.5669
2009-12-11,4418.00,4438.92,4390.28,4408.39,108.6293,2.4641
2009-12-14,4407.44,4408.21,4296.17,4384.54,108.8858,2.4834
2009-12-15,4384.90,4426.48,4372.32,4412.45,104.9768,2.3791
2009-12-16,4398.48,4427.71,4374.11,4391.34,101.3070,2.3070
2009-12-17,4390.56,4403.99,4256.66,4258.45,104.5944,2.4562
2009-12-18,4215.86,4215.86,4080.39,4091.68,109.8419,2.6845
2009-12-21,4083.96,4146.90,4070.36,4146.90,107.4632,2.5914
2009-12-22,4148.00,4153.60,4014.47,4024.34,109.7251,2.7265
2009-12-23,4016.97,4098.22,4016.97,4098.22,107.6912,2.6278
2009-12-24,4100.93,4236.27,4096.40,4229.80,109.9897,2.6004
2009-12-25,4227.10,4280.91,4208.57,4255.65,107.3004,2.5214
2009-12-28,4262.37,4326.27,4262.37,4326.27,104.6804,2.4196
2009-12-29,4330.13,4351.14,4280.41,4351.14,102.2553,2.3501
2009-12-30,4346.40,4360.52,4298.53,4336.61,99.3793,2.2916
2009-12-31,4337.55,4392.86,4334.14,4391.28,96.4750,2.1970
2010-01-04,4413.75,4436.06,4393.50,4406.77,92.7825,2.1055
2010-01-05,4411.28,4462.23,4378.10,4462.23,92.1645,2.0654
2010-01-06,4459.85,4499.51,4445.50,4452.87,89.4392,2.0086
2010-01-07,4440.11,4452.18,4345.05,4361.16,90.7521,2.0809
2010-01-08,4335.78,4417.79,4323.46,4417.77,91.0076,2.0600
2010-01-11,4445.60,4450.02,4398.06,4449.94,88.2185,1.9825
2010-01-12,4440.99,4541.60,4435.91,4541.60,89.4665,1.9699
2010-01-13,4447.51,4545.42,4430.01,4485.32,91.3196,2.0360
2010-01-14,4494.06,4609.30,4494.06,4609.30,93.6525,2.0318
2010-01-15,4617.90,4658.09,4617.86,4658.09,90.4480,1.9417
2010-01-18,4653.55,4734.05,4644.25,4734.05,90.4017,1.9096
2010-01-19,4736.71,4758.18,4695.72,4740.45,88.4059,1.8649
2010-01-20,4742.51,4744.69,4572.72,4586.75,94.3748,2.0576
2010-01-21,4586.21,4632.24,4545.29,4606.43,93.8444,2.0372
2010-01-22,4553.78,4560.12,4390.85,4471.28,102.5398,2.2933
2010-01-25,4439.89,4478.30,4404.22,4407.04,100.5070,2.2806
2010-01-26,4406.44,4429.23,4186.37,4226.94,110.6750,2.6183
2010-01-27,4219.65,4270.90,4171.26,4194.63,109.8868,2.6197
2010-01-28,4188.83,4252.35,4171.81,4248.04,107.7906,2.5374
2010-01-29,4227.87,4328.53,4212.45,4290.32,108.3827,2.5262
2010-02-01,4284.35,4287.38,4182.13,4239.99,108.3690,2.5559
2010-02-02,4248.43,4304.08,4222.17,4225.47,106.4790,2.5199
2010-02-03,4227.26,4304.84,4097.35,4304.84,113.6941,2.6411
2010-02-04,4283.90,4394.57,4262.71,4364.23,114.9917,2.6349
2010-02-05,4272.24,4341.20,4243.41,4281.78,115.4080,2.6953
2010-02-08,4272.28,4300.57,4253.32,4278.58,110.5395,2.5836
2010-02-09,4264.27,4299.84,4245.52,4277.33,106.5239,2.4904
2010-02-10,4294.83,4330.42,4282.90,4330.42,102.7072,2.3718
2010-02-11,4329.63,4337.32,4304.24,4307.13,97.7338,2.2691
2010-02-12,4311.89,4368.53,4311.89,4366.28,95.1385,2.1789
2010-02-22,4362.93,4422.33,4355.04,4392.69,93.1493,2.1206
2010-02-23,4389.42,4464.23,4353.05,4464.23,94.4372,2.1154
2010-02-24,4443.03,4559.66,4425.66,4559.66,97.2632,2.1331
2010-02-25,4566.04,4645.83,4563.95,4645.06,96.4708,2.0768
2010-02-26,4632.31,4676.42,4616.13,4653.34,93.8864,2.0176
2010-03-01,4656.98,4727.43,4656.98,4721.89,92.4724,1.9584
2010-03-02,4721.26,4736.49,4684.11,4724.64,89.6087,1.8966
2010-03-03,4716.52,4790.08,4710.67,4788.50,88.8802,1.8561
2010-03-04,4788.59,4812.36,4599.47,4617.85,97.7380,2.1165
2010-03-05,4613.45,4650.44,4563.11,4617.36,96.9946,2.1007
2010-03-08,4625.93,4685.49,4624.21,4676.44,94.9328,2.0300
2010-03-09,4671.06,4697.40,4625.14,4682.25,93.3134,1.9929
2010-03-10,4675.99,4696.87,4593.55,4630.01,94.0281,2.0308
2010-03-11,4624.90,4643.78,4560.09,4605.25,93.2897,2.0257
2010-03-12,4603.95,4613.17,4526.87,4532.08,92.7904,2.0474
2010-03-15,4523.61,4530.22,4468.32,4498.09,90.7168,2.0168
2010-03-16,4494.44,4555.31,4487.26,4555.31,89.0978,1.9559
2010-03-17,4566.41,4674.64,4562.89,4674.64,91.2572,1.9522
2010-03-18,4680.97,4702.18,4661.87,4686.25,87.6181,1.8697
2010-03-19,4685.39,4726.74,4675.29,4723.85,85.0347,1.8001
2010-03-22,4727.62,4767.16,4717.60,4766.94,82.5008,1.7307
2010-03-23,4764.46,4772.88,4722.23,4739.37,80.2257,1.6928
2010-03-24,4740.85,4764.17,4734.84,4750.99,76.5903,1.6121
2010-03-25,4738.48,4738.48,4673.92,4678.81,76.6246,1.6377
2010-03-26,4671.04,4745.96,4667.11,4742.47,76.7835,1.6191
2010-03-29,4754.34,4776.45,4730.68,4770.54,74.5683,1.5631
2010-03-30,4768.34,4804.22,4757.41,4800.45,72.5855,1.5121
2010-03-31,4796.98,4822.08,4785.14,4822.08,70.0394,1.4525
2010-04-01,4825.02,4904.30,4825.02,4904.30,70.9095,1.4459
2010-04-02,4905.15,4924.71,4890.60,4922.82,68.2809,1.3870
2010-04-06,4934.54,4946.53,4904.43,4942.33,66.4109,1.3437
2010-04-07,4934.03,4951.73,4910.69,4951.73,64.5987,1.3046
2010-04-08,4943.46,4973.17,4934.42,4956.37,62.7523,1.2661
2010-04-09,4956.02,5031.25,4956.02,5031.25,63.6436,1.2650
2010-04-12,5042.40,5088.29,5042.32,5088.29,63.1719,1.2415
2010-04-13,5085.98,5096.26,4863.93,4989.39,75.2546,1.5083
2010-04-14,4979.61,5074.68,4967.58,5074.68,77.5293,1.5278
2010-04-15,5072.44,5083.15,4982.38,5024.77,79.1894,1.5760
2010-04-16,5003.30,5060.51,4968.61,5019.35,80.0973,1.5958
2010-04-19,4970.82,5001.17,4805.14,4806.11,89.6767,1.8659
2010-04-20,4797.43,4875.36,4721.83,4875.09,94.2377,1.9330
2010-04-21,4875.59,5029.83,4875.59,5029.03,98.5593,1.9598
2010-04-22,5014.71,5101.70,4983.89,5060.75,99.9343,1.9747
2010-04-23,5047.73,5092.53,4985.30,5007.60,100.4554,2.0061
2010-04-26,5010.75,5027.58,4975.97,4999.06,96.9665,1.9397
2010-04-27,4980.26,4980.26,4775.24,4869.61,106.0275,2.1773
2010-04-28,4797.18,4888.72,4776.87,4834.79,106.4434,2.2016
2010-04-29,4840.27,4872.15,4686.54,4686.94,112.0981,2.3917
2010-04-30,4660.72,4666.54,4446.61,4527.76,121.2575,2.6781
2010-05-04,4440.05,4561.57,4406.26,4520.36,123.6899,2.7363
2010-05-05,4469.48,4663.09,4469.48,4662.84,128.6841,2.7598
2010-05-06,4647.98,4685.91,4531.56,4533.90,130.5174,2.8787
2010-05-07,4425.17,4544.40,4395.61,4453.17,131.8226,2.9602
2010-05-10,4445.12,4492.48,4279.21,4367.27,137.6403,3.1516
2010-05-11,4445.28,4465.54,4225.82,4239.79,144.9317,3.4184
2010-05-12,4203.75,4251.88,4073.10,4134.52,147.3494,3.5639
2010-05-13,4131.42,4236.40,4044.52,4236.40,150.5302,3.5533
2010-05-14,4204.46,4292.14,4178.97,4257.81,147.8616,3.4727
2010-05-17,4202.32,4202.32,3981.20,3981.29,157.0579,3.9449
2010-05-18,3954.47,4022.24,3852.67,4007.42,157.9516,3.9415
2010-05-19,3980.12,4065.78,3939.08,4007.16,155.7194,3.8860
2010-05-20,3972.05,4047.39,3908.76,3918.58,154.4987,3.9427
2010-05-21,3802.06,3993.74,3779.69,3993.74,158.7524,3.9750
2010-05-24,4022.89,4191.25,4022.89,4179.35,161.5208,3.8647
2010-05-25,4154.30,4201.22,4118.44,4169.41,155.8964,3.7391
2010-05-26,4153.68,4202.21,4139.92,4182.71,149.2103,3.5673
2010-05-27,4171.49,4272.79,4126.04,4264.16,149.0345,3.4950
2010-05-28,4297.02,4309.41,4248.63,4281.09,142.7306,3.3340
2010-05-31,4262.43,4306.73,4149.96,4149.96,143.7334,3.4635
2010-06-01,4108.79,4134.70,3967.33,4061.45,146.5118,3.6074
2010-06-02,4043.22,4129.53,4006.13,4129.53,144.8609,3.5079
2010-06-03,4145.08,4195.22,4098.05,4098.90,141.4544,3.4510
2010-06-04,4068.77,4138.02,4057.52,4133.33,137.1005,3.3170
2010-06-07,4044.27,4128.91,4026.96,4119.62,134.9055,3.2747
2010-06-08,4113.05,4183.31,4112.36,4180.62,130.3373,3.1177
2010-06-09,4192.70,4288.90,4190.33,4288.90,128.7617,3.0022
2010-06-10,4269.69,4328.45,4269.69,4297.88,123.7616,2.8796
2010-06-11,4311.43,4327.65,4272.39,4277.14,118.8686,2.7792
2010-06-17,4300.10,4319.79,4230.97,4231.55,116.7223,2.7584
2010-06-18,4220.80,4220.80,4041.61,4067.74,121.9521,2.9980
2010-06-21,4047.85,4169.36,4014.36,4169.36,124.3127,2.9816
2010-06-22,4166.48,4221.82,4155.94,4207.43,120.1389,2.8554
2010-06-23,4188.60,4238.03,4144.63,4205.53,118.2290,2.8113
2010-06-24,4198.99,4227.28,4173.12,4207.91,113.6527,2.7009
2010-06-25,4189.72,4194.71,4100.57,4139.81,113.2018,2.7345
2010-06-28,4133.04,4137.61,4037.91,4053.19,112.3945,2.7730
2010-06-29,4049.75,4066.90,3814.47,3814.47,122.3970,3.2088
2010-06-30,3771.69,3771.69,3687.95,3732.65,122.6915,3.2870
2010-07-01,3722.41,3760.66,3676.60,3685.54,119.9321,3.2541
2010-07-02,3676.01,3678.62,3492.26,3659.95,125.1713,3.4200
2010-07-05,3614.05,3652.79,3562.73,3627.29,123.1747,3.3958
2010-07-06,3617.51,3738.74,3616.42,3738.74,123.1137,3.2929
2010-07-07,3742.80,3795.59,3726.93,3795.59,119.2241,3.1411
2010-07-08,3801.14,3814.03,3735.03,3773.37,116.3510,3.0835
2010-07-09,3772.33,3892.93,3749.80,3886.27,118.2638,3.0431
2010-07-12,3886.43,3946.70,3879.50,3934.18,114.6164,2.9133
2010-07-13,3901.66,3901.66,3832.40,3878.64,113.6995,2.9314
2010-07-14,3882.40,3949.89,3882.40,3916.17,110.6674,2.8259
2010-07-15,3907.59,3942.27,3816.80,3816.80,111.7247,2.9272
2010-07-16,3793.09,3847.47,3746.86,3841.83,110.9308,2.8874
2010-07-19,3805.50,3937.28,3792.01,3930.96,113.3836,2.8844
2010-07-20,3939.44,4053.19,3939.44,4053.19,114.0155,2.8130
2010-07-21,4051.57,4087.00,4040.86,4059.38,109.1672,2.6893
2010-07-22,4047.94,4125.25,4042.66,4125.25,107.2689,2.6003
2010-07-23,4129.55,4135.99,4073.52,4131.47,104.0689,2.5189
2010-07-26,4136.44,4189.90,4125.02,4188.47,101.2697,2.4178
2010-07-27,4179.40,4207.46,4161.90,4184.58,97.2905,2.3250
2010-07-28,4173.59,4266.85,4163.14,4266.85,97.7490,2.2909
2010-07-29,4272.65,4299.57,4243.46,4296.21,94.7748,2.2060
2010-07-30,4289.97,4311.37,4241.85,4299.05,92.9709,2.1626
2010-08-02,4298.68,4389.72,4298.68,4389.72,92.8330,2.1148
2010-08-03,4394.86,4417.92,4320.95,4320.95,93.1285,2.1553
2010-08-04,4304.86,4372.51,4253.97,4372.51,94.9436,2.1714
2010-08-05,4369.34,4433.18,4354.96,4396.12,93.7490,2.1325
2010-08-06,4387.82,4480.65,4360.85,4480.65,95.6098,2.1338
2010-08-09,4486.45,4549.79,4482.74,4549.79,93.7191,2.0599
2010-08-10,4550.46,4554.58,4385.81,4385.81,99.0799,2.2591
2010-08-11,4364.37,4442.65,4364.37,4439.11,97.5942,2.1985
2010-08-12,4391.64,4466.27,4372.14,4388.62,97.3467,2.2182
2010-08-13,4390.05,4471.54,4359.04,4471.54,98.4291,2.2012
2010-08-16,4470.43,4579.27,4465.26,4573.42,99.5420,2.1765
2010-08-17,4584.45,4629.67,4566.16,4618.33,96.9683,2.0996
2010-08-18,4617.06,4631.00,4557.83,4611.65,95.2684,2.0658
2010-08-19,4607.08,4653.36,4580.76,4621.57,93.6493,2.0264
2010-08-20,4599.29,4604.41,4520.40,4522.61,94.1865,2.0826
2010-08-23,4519.50,4579.60,4519.50,4565.87,91.7517,2.0095
2010-08-24,4559.53,4644.71,4529.91,4626.35,93.3980,2.0188
2010-08-25,4599.38,4629.46,4529.61,4534.71,93.8589,2.0698
2010-08-26,4543.79,4579.04,4518.11,4562.35,91.5068,2.0057
2010-08-27,4555.53,4593.93,4534.04,4585.51,89.2485,1.9463
2010-08-30,4606.94,4705.88,4606.94,4705.88,91.4714,1.9438
2010-08-31,4691.88,4768.08,4678.78,4755.85,91.3163,1.9201
2010-09-01,4761.28,4791.65,4643.16,4698.73,95.4002,2.0303
2010-09-02,4730.30,4806.20,4705.70,4802.27,96.2623,2.0045
2010-09-03,4808.34,4855.38,4777.50,4845.91,94.9493,1.9594
2010-09-06,4868.43,4877.55,4793.32,4824.31,94.1836,1.9523
2010-09-07,4818.19,4865.78,4784.44,4865.78,93.2662,1.9168
2010-09-08,4843.68,4908.77,4828.05,4905.63,92.3701,1.8829
2010-09-09,4914.43,4933.28,4825.52,4837.02,93.4693,1.9324
2010-09-10,4831.84,4891.84,4760.58,4886.05,96.1687,1.9682
2010-09-13,4896.50,4969.13,4890.25,4967.47,95.2338,1.9171
2010-09-14,4975.59,5001.63,4949.95,4982.86,92.1228,1.8488
2010-09-15,4980.28,4980.28,4869.45,4888.01,93.6433,1.9158
2010-09-16,4881.21,4901.56,4703.60,4766.85,101.0945,2.1208
2010-09-17,4770.41,4812.53,4741.16,4767.48,98.9713,2.0760
2010-09-20,4767.34,4781.22,4672.86,4695.95,99.6419,2.1219
2010-09-21,4700.00,4715.32,4642.85,4677.68,97.7011,2.0887
2010-09-27,4696.70,4801.46,4696.70,4801.46,99.5639,2.0736
2010-09-28,4796.27,4816.51,4769.97,4785.70,95.7764,2.0013
2010-09-29,4778.79,4790.64,4706.21,4720.63,94.9660,2.0117
2010-09-30,4695.90,4785.49,4682.88,4785.49,95.5120,1.9959
2010-10-08,4819.00,4917.72,4819.00,4899.57,98.1347,2.0029
2010-10-11,4914.31,4951.72,4877.78,4922.59,96.4065,1.9585
2010-10-12,4907.14,4950.26,4887.90,4950.26,93.9746,1.8984
2010-10-13,4947.21,4969.01,4900.34,4968.83,92.1671,1.8549
2010-10-14,4975.90,4977.33,4806.77,4809.47,97.7666,2.0328
2010-10-15,4779.70,4836.76,4753.97,4789.48,96.6969,2.0189
2010-10-18,4784.12,4784.22,4471.40,4708.41,112.5100,2.3896
2010-10-19,4699.82,4865.70,4699.12,4865.70,116.3721,2.3917
2010-10-20,4774.57,4911.86,4754.34,4892.28,119.3112,2.4388
2010-10-21,4897.23,4936.62,4864.27,4930.62,115.9569,2.3518
2010-10-22,4929.92,4996.93,4926.14,4985.85,112.7307,2.2610
2010-10-25,5004.19,5107.28,5004.19,5107.28,113.3520,2.2194
2010-10-26,5119.92,5158.05,5087.05,5158.05,110.3269,2.1389
2010-10-27,5156.79,5192.08,5106.74,5124.13,108.5421,2.1183
2010-10-28,5103.27,5156.89,5086.86,5145.56,105.7912,2.0560
2010-10-29,5151.64,5226.64,5142.68,5211.52,104.2319,2.0000
2010-11-01,5232.57,5362.95,5232.57,5362.95,107.6032,2.0064
2010-11-02,5369.64,5440.50,5342.23,5343.49,106.9365,2.0012
2010-11-03,5329.36,5363.09,5271.08,5271.82,105.8703,2.0082
2010-11-04,5272.22,5392.56,5272.22,5392.56,106.9325,1.9830
2010-11-05,5439.44,5473.11,5414.91,5473.11,105.0480,1.9193
2010-11-08,5494.18,5598.49,5490.64,5598.49,106.5003,1.9023
2010-11-09,5604.38,5635.87,5568.22,5635.75,103.7253,1.8405
2010-11-10,5620.44,5669.45,5596.35,5651.39,101.5377,1.7967
2010-11-11,5624.63,5738.79,5596.31,5596.38,104.4622,1.8666
2010-11-12,5565.70,5592.10,5223.82,5227.25,123.6120,2.3648
2010-11-15,5232.54,5367.21,5186.59,5367.21,127.6840,2.3790
2010-11-16,5367.05,5416.53,5144.76,5197.37,137.9759,2.6547
2010-11-17,5126.01,5188.44,4976.71,5001.94,143.8819,2.8765
2010-11-18,5037.75,5090.08,4962.94,5080.88,142.6860,2.8083
2010-11-19,5099.98,5236.61,5075.76,5236.57,143.9835,2.7496
2010-11-22,5205.91,5368.22,5195.62,5332.61,146.0275,2.7384
2010-11-23,5314.47,5314.47,5158.92,5261.92,148.0034,2.8127
2010-11-24,5230.50,5414.17,5230.50,5414.17,150.5510,2.7807
2010-11-25,5436.30,5479.13,5417.94,5452.84,144.4374,2.6488
2010-11-26,5439.52,5468.15,5378.16,5444.86,140.5483,2.5813
2010-11-29,5435.43,5486.32,5397.60,5458.10,136.8463,2.5072
2010-11-30,5451.03,5459.71,5146.80,5294.70,149.4222,2.8221
2010-12-01,5276.01,5325.65,5249.53,5306.36,144.1864,2.7172
2010-12-02,5365.06,5386.33,5327.06,5333.58,139.5995,2.6174
2010-12-03,5329.13,5336.65,5244.42,5299.78,136.2159,2.5702
2010-12-06,5299.74,5307.58,5191.13,5224.88,134.8041,2.5800
2010-12-07,5205.65,5299.74,5136.72,5295.33,136.8195,2.5838
2010-12-08,5285.04,5343.67,5279.49,5294.81,131.6310,2.4860
2010-12-09,5265.12,5265.86,5185.31,5186.43,130.0502,2.5075
2010-12-10,5154.91,5261.96,5151.15,5253.71,128.6759,2.4492
2010-12-13,5274.50,5403.93,5274.50,5403.93,130.2148,2.4096
2010-12-14,5421.63,5482.79,5404.10,5482.79,126.5466,2.3081
2010-12-15,5477.04,5514.59,5460.59,5464.14,121.3647,2.2211
2010-12-16,5451.94,5502.17,5450.32,5470.23,116.3993,2.1279
2010-12-17,5460.37,5475.15,5441.91,5473.97,110.4594,2.0179
2010-12-20,5486.26,5505.76,5270.11,5409.48,119.4016,2.2073
2010-12-21,5407.15,5461.56,5366.49,5461.56,117.6636,2.1544
2010-12-22,5460.36,5462.35,5401.42,5420.19,113.6112,2.0961
2010-12-23,5408.57,5418.25,5299.81,5307.19,114.0947,2.1498
2010-12-24,5280.70,5280.70,5159.41,5205.72,116.5008,2.2379
2010-12-27,5218.95,5262.72,5031.06,5046.64,124.7264,2.4715
2010-12-28,5015.79,5017.19,4895.81,4934.75,126.5910,2.5653
2010-12-29,4935.49,5022.07,4928.57,5022.07,124.2273,2.4736
2010-12-30,5019.55,5065.63,4995.30,5044.62,120.3775,2.3863
2010-12-31,5047.44,5155.56,5047.44,5155.56,119.7034,2.3218
2011-01-04,5179.36,5230.74,5160.53,5230.74,116.5232,2.2277
2011-01-05,5211.74,5254.68,5185.43,5243.37,113.1465,2.1579
2011-01-06,5243.61,5263.35,5209.78,5224.82,108.8911,2.0841
2011-01-07,5212.85,5243.94,5161.79,5191.95,106.9810,2.0605
2011-01-10,5186.72,5191.59,5051.14,5051.95,109.3973,2.1654
2011-01-11,5033.27,5033.27,4953.43,5006.63,108.6204,2.1695
2011-01-12,5011.44,5044.80,4342.89,5042.24,150.9982,2.9947
2011-01-13,5056.25,5067.83,5030.83,5043.78,142.8555,2.8323
2011-01-14,5033.91,5033.91,4933.28,4942.07,140.5444,2.8438
2011-01-17,4907.93,4907.93,4715.26,4728.31,146.7062,3.1027
2011-01-18,4707.54,4752.65,4678.67,4750.15,141.5115,2.9791
2011-01-19,4750.89,4873.80,4743.63,4873.80,140.7014,2.8869
2011-01-20,4861.98,4862.04,4699.43,4699.95,143.1063,3.0448
2011-01-21,4682.72,4773.93,4668.90,4739.90,140.3865,2.9618
2011-01-24,4740.80,4756.11,4635.73,4636.91,138.9575,2.9968
2011-01-25,4622.43,4622.43,4500.92,4540.68,138.7455,3.0556
2011-01-26,4536.74,4621.01,4536.74,4619.12,134.8544,2.9195
2011-01-27,4594.22,4708.96,4566.60,4695.33,135.3905,2.8835
2011-01-28,4688.32,4760.29,4681.30,4749.43,131.3619,2.7658
2011-01-31,4746.74,4816.66,4736.94,4816.66,127.6732,2.6507
2011-02-01,4816.71,4839.55,4801.61,4830.41,121.2637,2.5104
2011-02-09,4796.68,4860.20,4782.74,4820.36,118.1349,2.4507
2011-02-10,4815.24,4962.52,4812.02,4962.52,120.4467,2.4271
2011-02-11,4961.37,5026.63,4949.47,5012.78,117.3548,2.3411
2011-02-14,5017.08,5095.67,5017.08,5087.25,114.8930,2.2584
2011-02-15,5088.64,5151.72,5070.64,5100.43,112.4778,2.2053
2011-02-16,5091.26,5196.15,5087.31,5196.15,112.2179,2.1596
2011-02-17,5207.77,5237.00,5161.81,5231.71,109.5731,2.0944
2011-02-18,5220.20,5242.32,5172.90,5197.12,106.7050,2.0532
2011-02-21,5164.56,5304.08,5157.75,5304.08,109.5354,2.0651
2011-02-22,5309.88,5314.46,5164.44,5166.97,112.4271,2.1759
2011-02-23,5147.97,5244.56,5147.97,5235.27,111.2959,2.1259
2011-02-24,5223.03,5276.85,5211.73,5269.96,107.9976,2.0493
2011-02-25,5262.88,5283.02,5216.02,5279.13,105.0692,1.9903
2011-02-28,5280.21,5347.30,5254.26,5347.30,104.2100,1.9488
2011-03-01,5351.20,5391.79,5332.60,5373.20,100.9943,1.8796
2011-03-02,5350.41,5371.30,5275.45,5362.24,100.7625,1.8791
2011-03-03,5359.19,5377.56,5255.40,5266.44,102.2909,1.9423
2011-03-04,5263.51,5330.17,5249.37,5330.17,100.7559,1.8903
2011-03-07,5344.66,5389.84,5344.66,5389.84,97.8212,1.8149
2011-03-08,5385.09,5425.68,5361.81,5425.68,95.3961,1.7582
2011-03-09,5423.58,5450.22,5406.18,5446.14,91.7278,1.6843
2011-03-10,5437.65,5441.58,5408.43,5413.57,87.8694,1.6231
2011-03-11,5387.33,5472.90,5382.47,5406.95,88.0523,1.6285
2011-03-14,5383.97,5462.40,5377.86,5462.40,87.8014,1.6074
2011-03-15,5454.69,5454.69,5300.92,5411.27,93.0642,1.7198
2011-03-16,5405.03,5481.89,5405.03,5481.89,91.9067,1.6766
2011-03-17,5438.87,5461.55,5355.37,5377.46,94.3791,1.7551
2011-03-18,5401.45,5433.95,5385.66,5417.94,91.6727,1.6920
2011-03-21,5405.48,5417.58,5363.91,5389.57,88.9840,1.6510
2011-03-22,5393.80,5400.64,5323.07,5389.59,88.1687,1.6359
2011-03-23,5381.71,5448.02,5375.29,5448.02,87.0659,1.5981
2011-03-24,5448.34,5488.73,5435.17,5473.54,84.6726,1.5469
2011-03-25,5466.35,5508.73,5465.61,5502.75,81.7046,1.4848
2011-03-28,5511.46,5523.90,5482.61,5493.79,78.8178,1.4347
2011-03-29,5479.40,5479.86,5398.04,5404.85,80.0273,1.4807
2011-03-30,5391.95,5406.98,5335.68,5357.80,79.4039,1.4820
2011-03-31,5351.18,5371.47,5278.08,5285.19,80.4029,1.5213
2011-04-01,5278.54,5346.70,5268.44,5346.70,80.2498,1.5009
2011-04-06,5327.26,5351.04,5312.56,5345.40,77.2663,1.4455
2011-04-07,5340.33,5373.33,5318.68,5373.33,75.6508,1.4079
2011-04-08,5370.26,5430.06,5360.66,5430.06,75.2043,1.3850
2011-04-11,5433.08,5438.09,5390.89,5396.87,73.2040,1.3564
2011-04-12,5381.97,5405.25,5351.46,5377.31,71.8173,1.3356
2011-04-13,5358.02,5424.46,5328.59,5424.46,73.5354,1.3556
2011-04-14,5421.91,5436.87,5404.92,5419.14,70.5650,1.3021
2011-04-15,5406.51,5418.88,5356.62,5418.88,69.9903,1.2916
2011-04-18,5403.82,5453.71,5396.06,5453.71,69.1089,1.2672
2011-04-19,5427.75,5447.39,5373.87,5408.91,69.8754,1.2919
2011-04-20,5401.47,5449.83,5401.30,5446.99,68.3507,1.2548
2011-04-21,5452.31,5478.36,5444.46,5472.29,65.8900,1.2041
2011-04-22,5465.83,5465.83,5419.11,5430.41,64.9821,1.1966
2011-04-25,5414.55,5414.55,5298.65,5298.65,69.7520,1.3164
2011-04-26,5271.72,5286.18,5172.86,5196.52,73.7547,1.4193
2011-04-27,5198.14,5221.96,5087.53,5128.22,78.0886,1.5227
2011-04-28,5128.21,5148.00,4946.70,4948.71,86.8894,1.7558
2011-04-29,4940.53,5027.55,4922.74,5027.55,88.1695,1.7537
2011-05-03,5029.67,5119.16,5012.78,5119.16,89.4702,1.7478
2011-05-04,5101.63,5101.63,4998.98,5016.81,91.6638,1.8271
2011-05-05,4996.25,5056.34,4993.10,5040.33,89.6335,1.7783
2011-05-06,5005.82,5095.83,4980.17,5080.04,91.4925,1.8010
2011-05-09,5085.36,5131.60,5085.36,5126.68,88.6402,1.7290
2011-05-10,5128.88,5169.23,5108.33,5169.23,86.6588,1.6764
2011-05-11,5164.61,5199.56,5126.81,5179.61,85.6653,1.6539
2011-05-12,5145.18,5176.38,5099.74,5100.27,85.2513,1.6715
2011-05-13,5092.31,5143.46,5054.29,5143.46,85.5312,1.6629
2011-05-16,5142.36,5166.56,5133.72,5141.23,81.7676,1.5904
2011-05-17,5128.59,5139.57,5047.57,5100.07,82.6170,1.6199
2011-05-18,5084.62,5139.75,5072.47,5137.72,81.5215,1.5867
2011-05-19,5139.42,5167.68,5111.85,5115.63,79.6864,1.5577
2011-05-20,5105.39,5114.02,5073.37,5102.13,77.0131,1.5094
2011-05-23,5092.35,5092.35,4905.23,4907.39,85.5765,1.7438
2011-05-24,4877.90,4913.87,4805.25,4908.91,87.2224,1.7768
2011-05-25,4902.75,4925.38,4849.58,4855.59,86.4065,1.7795
2011-05-26,4871.09,4898.47,4815.71,4815.85,86.1461,1.7888
2011-05-27,4801.70,4807.32,4641.23,4644.29,92.4656,1.9910
2011-05-30,4618.52,4641.61,4556.99,4565.12,92.0967,2.0174
2011-05-31,4559.63,4661.69,4552.23,4661.69,93.3369,2.0022
2011-06-01,4655.29,4728.00,4640.63,4723.71,92.9107,1.9669
2011-06-02,4664.20,4679.12,4586.98,4658.37,96.0406,2.0617
2011-06-03,4655.33,4747.84,4655.33,4739.36,95.7885,2.0211
2011-06-07,4734.79,4792.02,4725.07,4792.02,93.7286,1.9559
2011-06-08,4789.81,4830.17,4741.20,4826.86,93.3887,1.9348
2011-06-09,4815.06,4817.43,4716.72,4716.72,94.5852,2.0053
2011-06-10,4696.93,4724.62,4628.98,4724.62,94.6605,2.0036
2011-06-13,4694.37,4733.30,4650.16,4724.57,93.8376,1.9862
2011-06-14,4721.76,4805.80,4719.12,4796.47,93.3264,1.9457
2011-06-15,4786.72,4818.75,4754.11,4755.43,91.2774,1.9194
2011-06-16,4713.32,4713.66,4636.66,4645.56,93.2411,2.0071
2011-06-17,4637.51,4661.47,4566.94,4571.23,93.3332,2.0418
2011-06-20,4555.24,4556.41,4474.58,4505.85,93.5701,2.0766
2011-06-21,4507.34,4562.74,4484.40,4562.74,92.4822,2.0269
2011-06-22,4563.09,4586.73,4540.52,4565.62,89.1771,1.9532
2011-06-23,4551.16,4656.47,4518.12,4647.99,92.6894,1.9942
2011-06-24,4633.75,4781.39,4623.47,4757.73,97.3488,2.0461
2011-06-27,4761.06,4836.37,4760.86,4832.01,96.0124,1.9870
2011-06-28,4832.73,4859.14,4809.39,4850.80,92.7080,1.9112
2011-06-29,4847.03,4867.61,4800.19,4800.19,90.9017,1.8937
2011-06-30,4793.81,4874.48,4793.81,4872.27,90.1708,1.8507
2011-07-01,4885.06,4931.46,4880.29,4899.16,87.9579,1.7954
2011-07-04,4912.41,5011.68,4912.41,5011.68,89.7124,1.7901
2011-07-05,5019.74,5060.43,5007.30,5055.65,87.0993,1.7228
2011-07-06,5043.51,5081.96,5012.49,5081.96,85.8401,1.6891
2011-07-07,5070.25,5134.24,5053.34,5073.06,85.4872,1.6851
2011-07-08,5061.25,5079.22,5018.93,5057.72,83.6874,1.6546
2011-07-11,5049.66,5112.38,5037.28,5110.36,83.0740,1.6256
2011-07-12,5056.31,5073.77,5027.46,5030.08,83.0616,1.6513
2011-07-13,5023.03,5132.07,5023.03,5132.07,84.9172,1.6546
2011-07-14,5136.73,5187.08,5122.19,5187.08,83.4867,1.6095
2011-07-15,5176.12,5229.10,5165.66,5229.10,82.0548,1.5692
2011-07-18,5232.30,5257.07,5214.34,5235.19,79.2459,1.5137
2011-07-19,5211.54,5211.54,5155.91,5176.19,79.2483,1.5310
2011-07-20,5196.97,5214.53,5129.46,5184.12,79.6641,1.5367
2011-07-21,5176.68,5179.95,5110.49,5111.41,79.2331,1.5501
2011-07-22,5118.93,5159.32,5111.15,5143.21,77.0143,1.4974
2011-07-25,5126.23,5126.23,4901.89,4920.46,88.7505,1.8037
2011-07-26,4907.77,4951.52,4880.42,4951.52,87.4897,1.7669
2011-07-27,4940.15,5042.86,4913.72,5037.96,90.4647,1.7957
2011-07-28,4975.71,5018.89,4957.46,5013.66,89.7530,1.7902
2011-07-29,5007.90,5031.36,4951.12,4963.42,89.0735,1.7946
2011-08-01,4953.59,5010.19,4941.49,4995.39,87.6182,1.7540
2011-08-02,4981.33,4981.33,4888.38,4971.39,89.0033,1.7903
2011-08-03,4923.48,5007.67,4903.56,4995.00,90.0824,1.8035
2011-08-04,4999.26,5035.78,4999.03,5016.52,86.5608,1.7255
2011-08-05,4852.44,4937.39,4816.35,4896.38,94.6757,1.9336
2011-08-08,4826.06,4842.18,4539.71,4627.10,113.3896,2.4506
2011-08-09,4479.24,4647.66,4385.51,4619.64,124.0154,2.6845
2011-08-10,4686.78,4753.18,4686.78,4693.61,124.6957,2.6567
2011-08-11,4585.32,4780.69,4572.24,4780.69,130.6781,2.7335
2011-08-12,4807.16,4856.81,4806.29,4838.92,126.7811,2.6200
2011-08-15,4847.62,4918.89,4847.62,4918.89,123.4375,2.5095
2011-08-16,4923.41,4935.88,4872.41,4888.68,119.1541,2.4373
2011-08-17,4875.50,4907.36,4854.56,4881.84,114.4145,2.3437
2011-08-18,4875.93,4880.45,4787.66,4789.21,112.9692,2.3588
2011-08-19,4685.37,4742.32,4662.65,4742.32,113.9400,2.4026
2011-08-22,4738.50,4785.84,4699.02,4715.70,112.0028,2.3751
2011-08-23,4725.94,4799.18,4715.76,4799.18,109.9655,2.2913
2011-08-24,4821.44,4852.22,4790.20,4797.80,106.5408,2.2206
2011-08-25,4799.23,4879.62,4782.67,4879.62,105.8557,2.1693
2011-08-26,4865.47,4916.43,4854.53,4905.07,102.7160,2.0941
2011-08-29,4888.86,4899.21,4866.66,4876.72,98.1228,2.0121
2011-08-30,4894.09,4926.70,4824.11,4824.92,98.4418,2.0403
2011-08-31,4821.10,4841.75,4748.60,4798.73,98.0639,2.0435
2011-09-01,4801.87,4833.45,4750.68,4771.88,96.9714,2.0321
2011-09-02,4762.91,4771.52,4684.33,4716.88,96.2985,2.0416
2011-09-05,4674.47,4674.47,4595.76,4596.13,98.0714,2.1338
2011-09-06,4562.82,4598.67,4544.28,4568.59,94.9513,2.0784
2011-09-07,4580.44,4684.10,4580.44,4684.10,96.4198,2.0584
2011-09-08,4698.65,4705.92,4635.00,4635.03,94.5984,2.0409
2011-09-09,4629.63,4670.99,4588.09,4609.58,93.7628,2.0341
2011-09-13,4533.00,4547.51,4502.93,4532.08,94.6833,2.0892
2011-09-14,4548.67,4589.69,4480.98,4589.69,95.6852,2.0848
2011-09-15,4593.09,4630.10,4585.68,4598.45,92.0234,2.0012
2011-09-16,4610.36,4629.62,4595.79,4598.82,87.8667,1.9106
2011-09-19,4580.07,4580.07,4507.68,4507.68,88.1006,1.9545
2011-09-20,4495.39,4553.95,4476.07,4537.53,87.3705,1.9255
2011-09-21,4534.95,4669.90,4523.67,4666.07,91.5748,1.9626
2011-09-22,4631.80,4650.40,4529.96,4529.96,94.7558,2.0918
2011-09-23,4449.63,4509.93,4426.50,4494.48,95.3776,2.1221
2011-09-26,4475.63,4516.97,4412.56,4426.40,96.0227,2.1693
2011-09-27,4450.04,4475.37,4398.57,4441.81,94.6497,2.1309
2011-09-28,4458.46,4472.20,4344.65,4358.34,96.9997,2.2256
2011-09-29,4331.22,4331.22,4185.80,4189.11,102.3955,2.4443
2011-09-30,4192.62,4212.61,4122.48,4174.45,101.5193,2.4319
2011-10-10,4184.09,4200.13,4146.51,4159.45,98.0980,2.3584
2011-10-11,4242.47,4270.78,4108.03,4152.72,102.7160,2.4735
2011-10-12,4136.67,4303.15,4093.18,4302.10,110.3770,2.5657
2011-10-13,4296.47,4371.31,4285.42,4370.72,108.6279,2.4854
2011-10-14,4357.69,4366.39,4309.69,4350.42,105.2281,2.4188
2011-10-17,4356.75,4387.01,4336.07,4368.77,101.3503,2.3199
2011-10-18,4341.78,4343.07,4227.29,4230.95,104.2167,2.4632
2011-10-19,4232.19,4255.95,4189.02,4216.67,101.5534,2.4084
2011-10-20,4199.43,4199.43,4054.44,4088.08,105.8874,2.5902
2011-10-21,4077.76,4086.10,4004.71,4008.55,104.2791,2.6014
2011-10-24,4007.49,4071.46,3918.86,4071.46,107.7305,2.6460
2011-10-25,4065.09,4192.33,4053.56,4185.19,109.9477,2.6271
2011-10-26,4154.52,4256.19,4142.24,4217.89,110.2335,2.6135
2011-10-27,4217.95,4261.51,4199.16,4216.23,106.8133,2.5334
2011-10-28,4258.77,4306.40,4238.42,4306.40,105.6245,2.4527
2011-10-31,4303.37,4350.13,4292.45,4350.13,102.1999,2.3494
2011-11-01,4312.11,4368.66,4294.72,4355.00,100.1813,2.3004
2011-11-02,4284.45,4432.33,4265.36,4432.33,104.9519,2.3679
2011-11-03,4451.92,4520.75,4451.92,4458.45,103.7711,2.3275
2011-11-04,4475.80,4503.66,4451.24,4491.17,100.1031,2.2289
2011-11-07,4479.52,4517.04,4465.35,4474.75,96.6451,2.1598
2011-11-08,4470.74,4485.41,4411.87,4420.98,94.9947,2.1487
2011-11-09,4427.31,4501.26,4385.84,4501.26,96.4537,2.1428
2011-11-10,4450.63,4495.98,4437.93,4441.79,94.0877,2.1182
2011-11-11,4441.29,4480.75,4420.96,4441.94,91.6378,2.0630
2011-11-14,4474.53,4553.24,4474.53,4553.24,93.0423,2.0434
2011-11-15,4552.80,4587.39,4547.18,4587.39,89.2685,1.9460
2011-11-16,4586.21,4586.21,4457.43,4474.27,92.1751,2.0601
2011-11-17,4471.59,4525.95,4456.24,4474.34,90.5704,2.0242
2011-11-18,4444.92,4444.92,4325.66,4333.89,94.7211,2.1856
2011-11-21,4326.48,4347.00,4287.21,4347.00,92.2260,2.1216
2011-11-22,4308.50,4341.69,4272.70,4341.69,90.9456,2.0947
2011-11-23,4343.40,4363.39,4310.82,4318.12,88.2045,2.0427
2011-11-24,4279.34,4337.21,4248.43,4311.28,88.2456,2.0469
2011-11-25,4306.05,4336.82,4267.66,4280.95,86.8823,2.0295
2011-11-28,4283.89,4304.89,4251.61,4283.10,84.4822,1.9725
2011-11-29,4316.23,4358.57,4301.98,4358.57,83.8384,1.9235
2011-11-30,4352.35,4352.35,4109.10,4164.12,95.6693,2.2975
2011-12-01,4278.11,4319.83,4238.57,4254.09,99.9579,2.3497
2011-12-02,4232.55,4232.55,4137.22,4164.81,101.1659,2.4291
2011-12-05,4150.52,4150.52,4012.86,4021.21,104.7933,2.6060
2011-12-06,4006.46,4035.36,3962.99,4022.73,102.4774,2.5475
2011-12-07,4017.67,4051.61,4001.12,4035.03,98.7640,2.4477
2011-12-08,4023.25,4068.46,3953.17,4034.05,99.9444,2.4775
2011-12-09,4002.45,4041.32,3978.78,3991.45,97.2727,2.4370
2011-12-12,3989.66,4003.11,3935.50,3939.27,95.1539,2.4155
2011-12-13,3918.62,3918.62,3777.10,3789.03,99.9408,2.6376
2011-12-14,3773.09,3803.36,3696.03,3705.48,100.4686,2.7114
2011-12-15,3681.81,3681.81,3594.68,3598.94,101.2065,2.8121
2011-12-16,3592.20,3705.58,3581.43,3705.58,102.8454,2.7754
2011-12-19,3683.04,3716.98,3617.34,3715.70,102.6164,2.7617
2011-12-20,3703.86,3755.46,3692.60,3701.62,99.7767,2.6955
2011-12-21,3723.75,3742.82,3600.69,3602.60,102.8019,2.8535
2011-12-22,3569.41,3574.63,3418.37,3535.24,108.6182,3.0724
2011-12-23,3520.31,3598.35,3503.19,3561.98,107.6569,3.0224
2011-12-26,3558.99,3594.91,3535.96,3536.29,104.1778,2.9460
2011-12-27,3521.74,3521.74,3418.61,3422.98,105.1423,3.0717
2011-12-28,3396.07,3396.07,3300.80,3393.37,106.3593,3.1343
2011-12-29,3376.41,3418.38,3363.23,3394.85,102.7014,3.0252
2011-12-30,3399.63,3457.19,3399.63,3456.29,99.8185,2.8880
2012-01-04,3478.34,3494.01,3362.83,3362.83,102.0586,3.0349
2012-01-05,3337.37,3337.37,3200.99,3205.40,106.3287,3.3172
2012-01-06,3190.72,3224.99,3126.58,3224.50,105.7631,3.2800
2012-01-09,3221.74,3365.90,3191.00,3365.90,110.7014,3.2889
2012-01-10,3366.37,3506.94,3357.48,3503.24,113.4699,3.2390
2012-01-11,3498.71,3543.26,3476.91,3519.51,110.1042,3.1284
2012-01-12,3504.84,3559.31,3494.77,3518.88,106.8496,3.0365
2012-01-13,3512.56,3517.77,3355.08,3374.16,110.9175,3.2873
2012-01-16,3338.85,3352.69,3255.89,3255.89,111.4427,3.4228
2012-01-17,3248.03,3437.33,3232.53,3437.33,118.1111,3.4361
2012-01-18,3442.70,3472.08,3337.52,3350.37,119.2860,3.5604
2012-01-19,3339.49,3397.54,3313.72,3374.29,116.7527,3.4601
2012-01-20,3375.79,3422.75,3371.09,3415.75,112.1032,3.2820
2012-01-30,3425.40,3447.33,3397.62,3404.91,107.6466,3.1615
2012-01-31,3396.25,3409.21,3360.15,3406.68,103.4618,3.0370
2012-02-01,3399.93,3439.65,3375.30,3387.94,100.6681,2.9714
2012-02-02,3391.77,3457.05,3391.12,3457.05,98.4140,2.8468
2012-02-03,3454.79,3525.20,3444.50,3518.87,97.1487,2.7608
2012-02-06,3524.48,3561.18,3517.14,3557.08,93.3552,2.6245
2012-02-07,3540.96,3540.96,3469.83,3496.40,92.9191,2.6576
2012-02-08,3489.76,3593.28,3480.04,3593.28,94.3706,2.6263
2012-02-09,3589.93,3660.19,3583.80,3627.82,93.0863,2.5659
2012-02-10,3622.81,3664.81,3618.73,3648.42,89.7287,2.4594
2012-02-13,3621.37,3714.45,3604.36,3700.10,91.1831,2.4643
2012-02-14,3697.35,3713.01,3674.03,3703.36,87.4543,2.3615
2012-02-15,3698.88,3769.99,3686.39,3769.99,87.1790,2.3124
2012-02-16,3765.16,3799.29,3734.83,3775.80,85.5562,2.2659
2012-02-17,3778.31,3791.36,3721.32,3763.09,84.4479,2.2441
2012-02-20,3807.93,3816.26,3769.23,3771.66,82.2137,2.1798
2012-02-21,3765.47,3820.26,3723.99,3820.26,83.2178,2.1783
2012-02-22,3819.69,3895.77,3816.51,3895.77,82.9351,2.1288
2012-02-23,3892.53,3916.34,3857.78,3900.04,81.1940,2.0819
2012-02-24,3896.02,3941.75,3883.43,3941.75,79.5601,2.0184
2012-02-27,3948.55,4003.72,3942.39,3942.39,78.3037,1.9862
2012-02-28,3923.23,3933.56,3855.60,3907.70,78.9099,2.0193
2012-02-29,3896.11,3917.63,3856.02,3858.54,77.6742,2.0130
2012-03-01,3843.99,3910.41,3842.02,3887.17,77.0110,1.9812
2012-03-02,3891.39,3961.58,3891.39,3961.58,76.8252,1.9393
2012-03-05,3971.62,3996.05,3971.62,3981.73,73.7998,1.8535
2012-03-06,3973.32,3973.38,3913.85,3954.19,73.3770,1.8557
2012-03-07,3912.03,3989.10,3899.53,3939.31,74.5336,1.8920
2012-03-08,3947.31,4004.43,3947.31,3993.56,73.8612,1.8495
2012-03-09,4002.38,4053.90,3994.49,4053.90,72.8954,1.7982
2012-03-12,4060.53,4078.68,4041.95,4078.68,70.3122,1.7239
2012-03-13,4074.99,4114.57,4062.05,4114.57,69.0413,1.6780
2012-03-14,4126.94,4152.03,3887.28,3919.62,83.0205,2.1181
2012-03-15,3907.14,3938.58,3797.19,3869.06,87.1898,2.2535
2012-03-16,3872.74,3971.51,3867.09,3971.51,88.4205,2.2264
2012-03-19,3970.25,4040.96,3957.08,4040.96,88.0962,2.1801
2012-03-20,4028.37,4028.37,3949.38,3949.49,88.3450,2.2369
2012-03-21,3959.06,3982.64,3890.58,3965.64,88.6104,2.2345
2012-03-22,3960.41,3987.21,3932.58,3956.74,86.1832,2.1781
2012-03-23,3941.92,3941.92,3855.15,3873.49,87.2837,2.2534
2012-03-26,3863.50,3880.00,3828.60,3860.82,84.7206,2.1944
2012-03-27,3872.74,3898.06,3846.81,3852.90,82.3298,2.1368
2012-03-28,3835.22,3835.22,3655.52,3663.07,90.5477,2.4719
2012-03-29,3636.35,3645.55,3542.07,3580.75,92.7228,2.5895
2012-03-30,3575.35,3601.52,3528.67,3560.49,91.3034,2.5643
2012-04-05,3562.15,3677.11,3555.71,3676.55,93.4531,2.5419
2012-04-06,3675.84,3722.83,3669.29,3713.28,90.6022,2.4400
2012-04-09,3702.71,3718.73,3665.89,3666.37,87.9049,2.3976
2012-04-10,3647.14,3710.36,3576.44,3710.36,91.1917,2.4578
2012-04-11,3667.46,3739.42,3648.17,3739.42,91.1958,2.4388
2012-04-12,3740.79,3818.15,3735.67,3818.15,90.5733,2.3722
2012-04-13,3823.76,3869.57,3816.08,3850.73,87.9245,2.2833
2012-04-16,3822.88,3885.14,3812.16,3868.56,86.8570,2.2452
2012-04-17,3864.33,3883.65,3814.09,3815.25,85.6215,2.2442
2012-04-18,3818.11,3907.44,3813.73,3904.49,86.1993,2.2077
2012-04-19,3902.26,3921.41,3878.46,3901.32,83.1100,2.1303
2012-04-20,3890.64,3938.39,3879.42,3932.12,81.3857,2.0698
2012-04-23,3927.51,3930.33,3848.04,3867.25,81.5782,2.1095
2012-04-24,3828.31,3877.18,3708.51,3832.42,87.7990,2.2910
2012-04-25,3820.21,3906.54,3812.08,3894.92,88.2748,2.2664
2012-04-26,3899.52,3905.75,3854.68,3870.69,85.6173,2.2119
2012-04-27,3858.76,3867.35,3833.62,3837.88,82.1497,2.1405
2012-05-02,3875.50,3891.06,3836.73,3874.24,80.1625,2.0691
2012-05-03,3866.26,3892.93,3856.22,3892.93,77.0588,1.9795
2012-05-04,3889.18,3925.58,3880.13,3924.26,74.8010,1.9061
2012-05-07,3903.46,3954.18,3896.88,3954.18,73.5509,1.8601
2012-05-08,3950.95,3972.92,3924.58,3958.42,71.7502,1.8126
2012-05-09,3932.23,3932.23,3893.76,3897.47,71.2437,1.8279
2012-05-10,3889.71,3926.96,3889.71,3912.47,68.8156,1.7589
2012-05-11,3909.24,3931.79,3886.52,3886.52,67.1338,1.7273
2012-05-14,3916.21,3933.61,3878.72,3880.78,66.2592,1.7074
2012-05-15,3849.34,3865.88,3814.82,3865.88,66.2378,1.7134
2012-05-16,3857.78,3868.28,3825.56,3826.03,64.5580,1.6873
2012-05-17,3821.01,3881.54,3810.44,3880.79,65.0253,1.6756
2012-05-18,3856.10,3873.25,3799.64,3810.51,66.1771,1.7367
2012-05-21,3802.52,3824.50,3761.18,3802.15,65.9730,1.7351
2012-05-22,3811.95,3852.18,3811.95,3852.18,64.8342,1.6831
2012-05-23,3845.12,3859.53,3800.73,3844.08,64.4032,1.6754
2012-05-24,3832.32,3854.92,3806.05,3816.31,63.2937,1.6585
2012-05-25,3816.26,3823.20,3761.15,3773.09,63.2048,1.6751
2012-05-28,3759.78,3822.53,3694.43,3822.53,67.8402,1.7747
2012-05-29,3819.59,3886.37,3817.00,3881.07,67.9495,1.7508
2012-05-30,3877.27,3903.62,3870.39,3889.62,65.4695,1.6832
2012-05-31,3869.31,3921.23,3856.05,3898.59,65.4488,1.6788
2012-06-01,3896.87,3919.87,3874.03,3892.22,64.0482,1.6455
2012-06-04,3826.08,3845.85,3755.00,3755.00,69.2748,1.8449
2012-06-05,3756.77,3777.72,3733.57,3748.98,67.4801,1.8000
2012-06-06,3753.89,3772.41,3713.49,3734.67,66.8687,1.7905
2012-06-07,3766.55,3779.84,3702.65,3712.70,67.6059,1.8209
2012-06-08,3742.76,3745.32,3689.54,3697.72,66.7612,1.8055
2012-06-11,3697.24,3760.43,3683.22,3760.43,67.5076,1.7952
2012-06-12,3744.69,3759.02,3727.10,3738.89,65.0663,1.7403
2012-06-13,3742.89,3803.82,3737.66,3803.82,65.1444,1.7126
2012-06-14,3796.46,3821.16,3774.72,3777.59,63.8084,1.6891
2012-06-15,3780.95,3805.70,3737.53,3784.17,64.1199,1.6944
2012-06-18,3796.15,3830.06,3796.15,3824.15,62.8178,1.6427
2012-06-19,3818.44,3824.22,3794.63,3799.52,60.4444,1.5908
2012-06-20,3803.67,3816.55,3778.74,3784.33,58.8276,1.5545
2012-06-21,3777.62,3777.62,3712.71,3729.21,59.7414,1.6020
2012-06-25,3716.49,3716.49,3631.95,3633.24,62.4213,1.7181
2012-06-26,3612.75,3642.05,3568.10,3627.99,63.2448,1.7432
2012-06-27,3624.30,3663.95,3614.19,3615.95,62.2816,1.7224
2012-06-28,3620.47,3634.09,3562.42,3562.42,62.9522,1.7671
2012-06-29,3543.99,3610.25,3523.18,3610.25,64.6749,1.7914
2012-07-02,3628.80,3676.40,3625.12,3659.61,64.7802,1.7701
2012-07-03,3656.51,3700.72,3650.07,3672.97,63.7709,1.7362
2012-07-04,3675.50,3684.43,3645.88,3659.61,61.9694,1.6933
2012-07-05,3647.35,3647.35,3561.58,3572.75,64.5452,1.8066
2012-07-06,3587.68,3645.55,3543.14,3645.55,67.2498,1.8447
2012-07-09,3623.75,3640.22,3552.73,3553.28,69.0763,1.9440
2012-07-10,3538.78,3551.36,3501.37,3512.12,67.8501,1.9319
2012-07-11,3504.89,3544.09,3496.53,3544.09,66.4008,1.8736
2012-07-12,3536.86,3608.66,3515.96,3596.42,68.2793,1.8985
2012-07-13,3581.58,3606.66,3560.84,3570.77,66.6751,1.8672
2012-07-16,3563.17,3563.48,3414.66,3416.20,73.0633,2.1387
2012-07-17,3398.12,3445.55,3384.68,3445.55,72.1923,2.0952
2012-07-18,3437.65,3476.42,3396.65,3476.42,72.7336,2.0922
2012-07-19,3467.46,3549.26,3458.54,3525.84,74.0183,2.0993
2012-07-20,3519.59,3545.35,3501.34,3510.48,71.8749,2.0474
2012-07-23,3489.56,3498.25,3447.91,3477.06,71.2103,2.0480
2012-07-24,3454.43,3527.36,3447.81,3507.03,71.8060,2.0475
2012-07-25,3495.88,3518.07,3476.31,3482.59,69.6598,2.0002
2012-07-26,3477.21,3507.22,3441.49,3444.94,69.3791,2.0139
2012-07-27,3454.14,3466.01,3408.68,3420.61,68.5185,2.0031
2012-07-30,3416.92,3435.70,3320.17,3335.24,71.8764,2.1551
2012-07-31,3324.87,3326.44,3253.93,3272.06,72.5503,2.2173
2012-08-01,3267.74,3352.78,3267.74,3333.01,73.4424,2.2035
2012-08-02,3327.65,3349.31,3293.56,3314.23,72.1786,2.1778
2012-08-03,3319.09,3393.94,3312.92,3393.94,72.8102,2.1453
2012-08-06,3381.39,3485.65,3376.77,3484.00,75.3866,2.1638
2012-08-07,3483.03,3524.75,3479.30,3524.75,73.2483,2.0781
2012-08-08,3520.97,3535.37,3488.32,3515.61,71.3770,2.0303
2012-08-09,3510.21,3565.90,3491.76,3565.90,71.5743,2.0072
2012-08-10,3561.85,3572.94,3545.26,3562.51,68.4390,1.9211
2012-08-13,3554.65,3557.64,3488.43,3489.25,68.8419,1.9730
2012-08-14,3483.77,3526.63,3425.83,3526.63,71.1247,2.0168
2012-08-15,3519.49,3525.73,3486.54,3490.39,68.9079,1.9742
2012-08-16,3480.19,3495.12,3455.47,3462.82,66.8180,1.9296
2012-08-17,3457.61,3474.78,3426.46,3465.93,65.4968,1.8897
2012-08-20,3448.27,3492.51,3423.58,3487.60,65.7420,1.8850
2012-08-21,3485.82,3560.25,3482.38,3549.84,66.6083,1.8764
2012-08-22,3549.05,3556.60,3512.16,3528.20,65.0248,1.8430
2012-08-23,3521.89,3558.72,3510.07,3556.22,63.8552,1.7956
2012-08-24,3542.97,3545.37,3475.56,3475.56,65.0555,1.8718
2012-08-27,3457.28,3457.28,3394.33,3394.92,66.2109,1.9503
2012-08-28,3386.63,3442.99,3379.18,3420.87,66.0394,1.9305
2012-08-29,3415.57,3449.30,3401.51,3408.17,64.7358,1.8994
2012-08-30,3398.20,3416.37,3285.59,3340.95,69.4533,2.0788
2012-08-31,3330.92,3366.84,3320.93,3354.80,67.7716,2.0201
2012-09-03,3347.03,3423.44,3341.67,3417.64,68.7715,2.0123
2012-09-04,3418.20,3437.95,3386.46,3390.99,67.5371,1.9917
2012-09-05,3384.02,3430.28,3376.99,3419.60,66.5195,1.9452
2012-09-06,3423.91,3458.19,3421.86,3458.19,64.5245,1.8658
2012-09-07,3482.53,3600.19,3482.53,3569.98,70.0585,1.9624
2012-09-10,3571.24,3619.73,3561.83,3608.76,69.1900,1.9173
2012-09-11,3596.41,3602.09,3573.21,3602.09,66.7871,1.8541
2012-09-12,3612.15,3628.53,3586.49,3628.53,65.0195,1.7919
2012-09-13,3625.71,3634.01,3567.51,3567.51,65.1252,1.8255
2012-09-14,3592.05,3607.64,3538.62,3568.22,65.4034,1.8329
2012-09-17,3563.90,3565.80,3462.53,3462.53,68.2810,1.9720
2012-09-18,3447.80,3478.94,3436.54,3454.67,66.4324,1.9230
2012-09-19,3457.31,3488.25,3455.66,3486.53,64.0858,1.8381
2012-09-20,3480.23,3480.23,3361.50,3364.47,68.4390,2.0342
2012-09-21,3351.94,3375.22,3325.90,3329.30,67.0733,2.0146
2012-09-24,3311.99,3364.24,3284.43,3351.99,67.9831,2.0281
2012-09-25,3343.63,3364.78,3314.01,3323.86,66.7536,2.0083
2012-09-26,3315.49,3325.80,3224.68,3231.02,69.2083,2.1420
2012-09-27,3227.50,3323.16,3225.91,3301.32,71.2113,2.1571
2012-09-28,3288.97,3359.25,3280.18,3359.22,71.7726,2.1366
2012-10-08,3361.28,3382.12,3341.34,3358.49,69.5589,2.0711
2012-10-09,3359.95,3451.72,3359.95,3451.72,71.2497,2.0642
2012-10-10,3446.93,3494.37,3438.20,3494.37,70.1725,2.0082
2012-10-11,3489.30,3498.43,3439.71,3440.52,69.3545,2.0158
2012-10-12,3442.05,3473.11,3395.82,3432.24,69.9213,2.0372
2012-10-15,3428.38,3428.38,3372.86,3405.95,69.1684,2.0308
2012-10-16,3401.10,3443.62,3390.88,3418.92,67.9949,1.9888
2012-10-17,3421.95,3441.07,3394.84,3432.01,66.4403,1.9359
2012-10-18,3430.32,3494.55,3430.32,3486.98,66.2824,1.9009
2012-10-19,3484.83,3493.08,3468.96,3477.78,63.2708,1.8193
2012-10-22,3458.75,3495.20,3449.97,3492.79,61.9822,1.7746
2012-10-23,3492.53,3500.65,3453.16,3455.70,60.9470,1.7637
2012-10-24,3434.44,3461.21,3427.94,3440.75,58.9701,1.7139
2012-10-25,3440.99,3460.66,3400.98,3401.95,59.0208,1.7349
2012-10-26,3397.84,3401.85,3308.93,3327.72,61.4493,1.8466
2012-10-29,3318.97,3335.93,3304.42,3321.76,59.3108,1.7855
2012-10-30,3320.00,3356.61,3320.00,3327.51,57.6893,1.7337
2012-10-31,3326.23,3342.92,3308.76,3342.92,56.0086,1.6754
2012-11-01,3343.17,3409.63,3343.17,3402.75,56.7730,1.6684
2012-11-02,3403.37,3419.40,3385.77,3418.42,55.1200,1.6124
2012-11-05,3416.22,3424.96,3391.32,3406.77,53.5857,1.5729
2012-11-06,3405.99,3405.99,3332.90,3380.06,55.0346,1.6282
2012-11-07,3376.73,3395.18,3361.58,3380.40,53.5035,1.5828
2012-11-08,3354.83,3355.68,3293.70,3293.70,55.8747,1.6964
2012-11-09,3283.87,3308.94,3273.17,3284.72,54.4386,1.6573
2012-11-12,3285.93,3314.02,3283.19,3312.96,52.7523,1.5923
2012-11-13,3312.98,3312.98,3240.29,3245.89,54.1764,1.6691
2012-11-14,3242.14,3251.06,3210.26,3248.08,53.2210,1.6385
2012-11-15,3234.58,3245.29,3184.44,3185.24,53.9652,1.6942
2012-11-16,3178.30,3178.67,3143.04,3165.49,53.1248,1.6782
2012-11-19,3162.50,3183.68,3135.74,3183.37,52.7545,1.6572
2012-11-20,3188.62,3202.73,3173.76,3174.42,51.0556,1.6083
2012-11-21,3170.43,3208.17,3130.32,3208.17,52.9695,1.6511
2012-11-22,3195.46,3195.46,3161.96,3169.89,52.4866,1.6558
2012-11-23,3166.50,3194.75,3163.83,3177.76,50.9462,1.6032
2012-11-26,3175.09,3175.37,3135.00,3137.87,50.3614,1.6050
2012-11-27,3127.64,3127.64,3005.27,3005.27,56.2356,1.8712
2012-11-28,2988.75,2988.75,2921.78,2930.07,58.1824,1.9857
2012-11-29,2927.73,2954.00,2888.67,2892.59,58.6929,2.0291
2012-11-30,2889.21,2933.38,2880.77,2930.45,58.2584,1.9880
2012-12-03,2926.67,2941.67,2849.60,2850.82,60.6735,2.1283
2012-12-04,2839.70,2891.10,2798.27,2887.79,62.9704,2.1806
2012-12-05,2880.15,3017.89,2873.95,2999.13,68.7540,2.2925
2012-12-06,2996.91,3018.39,2980.62,2998.71,66.5408,2.2190
2012-12-07,2994.53,3076.48,2986.16,3071.86,68.2393,2.2214
2012-12-10,3076.90,3130.84,3065.60,3128.40,68.0251,2.1744
2012-12-11,3117.68,3141.24,3100.60,3104.63,66.0690,2.1281
2012-12-12,3099.04,3117.14,3068.21,3104.94,64.8448,2.0884
2012-12-13,3097.57,3112.89,3059.03,3061.62,64.0602,2.0924
2012-12-14,3054.65,3188.34,3054.65,3183.75,69.0337,2.1683
2012-12-17,3188.29,3210.60,3171.96,3201.26,66.8628,2.0886
2012-12-18,3195.90,3233.60,3176.62,3192.98,66.1568,2.0719
2012-12-19,3186.81,3219.45,3182.16,3205.87,64.0949,1.9993
2012-12-20,3198.37,3219.52,3168.02,3215.95,63.1953,1.9651
2012-12-21,3216.75,3255.34,3200.77,3218.08,62.5792,1.9446
2012-12-24,3212.27,3246.91,3209.53,3244.10,60.7793,1.8735
2012-12-25,3239.01,3326.79,3232.24,3318.39,63.1914,1.9043
2012-12-26,3317.39,3373.75,3313.96,3373.75,62.9485,1.8658
2012-12-27,3377.30,3391.57,3339.94,3340.74,62.1400,1.8601
2012-12-28,3335.71,3378.98,3326.12,3378.98,61.4772,1.8194
2012-12-31,3384.58,3409.61,3373.73,3406.80,59.6488,1.7509
2013-01-04,3427.27,3434.72,3358.30,3391.45,60.8467,1.7941
2013-01-07,3387.16,3441.69,3380.11,3441.69,60.8991,1.7695
2013-01-08,3444.44,3501.48,3426.98,3492.86,61.8706,1.7713
2013-01-09,3487.33,3526.02,3461.28,3497.93,62.0756,1.7746
2013-01-10,3493.87,3530.58,3492.49,3524.25,60.3623,1.7128
2013-01-11,3525.95,3534.48,3446.31,3454.62,62.3486,1.8048
2013-01-14,3449.48,3581.01,3449.03,3578.98,67.3222,1.8810
2013-01-15,3583.84,3659.87,3583.70,3649.14,68.2914,1.8714
2013-01-16,3643.42,3656.87,3580.84,3645.82,68.8441,1.8883
2013-01-17,3639.06,3646.80,3593.07,3602.85,67.7646,1.8809
2013-01-18,3605.09,3659.57,3594.82,3659.57,67.5492,1.8458
2013-01-21,3663.77,3689.91,3645.51,3689.91,65.8957,1.7858
2013-01-22,3685.27,3685.27,3590.16,3617.13,68.3139,1.8886
2013-01-23,3605.10,3630.77,3570.81,3630.04,67.7172,1.8655
2013-01-24,3627.28,3657.68,3511.36,3540.22,73.3317,2.0714
2013-01-25,3532.52,3556.97,3517.32,3536.90,70.9258,2.0053
2013-01-28,3536.28,3629.36,3536.28,3629.36,72.5083,1.9978
2013-01-29,3632.45,3671.29,3625.51,3663.64,70.5991,1.9270
2013-01-30,3666.21,3672.06,3626.88,3661.03,68.7835,1.8788
2013-01-31,3655.88,3657.06,3617.58,3639.19,66.9739,1.8404
2013-02-01,3632.69,3664.88,3622.89,3659.46,65.1894,1.7814
2013-02-04,3664.59,3672.31,3610.21,3624.82,64.9687,1.7923
2013-02-05,3605.23,3657.51,3593.20,3657.51,64.9216,1.7750
2013-02-06,3658.07,3691.81,3658.07,3681.31,62.7344,1.7041
2013-02-07,3681.27,3706.57,3665.37,3700.57,61.1962,1.6537
2013-02-08,3700.11,3763.40,3699.94,3755.54,61.3579,1.6338
2013-02-18,3774.06,3801.89,3762.90,3797.69,60.2859,1.5874
2013-02-19,3794.52,3799.16,3723.08,3737.65,61.4141,1.6431
2013-02-20,3734.22,3818.44,3733.20,3818.44,63.1159,1.6529
2013-02-21,3797.96,3800.27,3717.77,3750.17,65.7983,1.7545
2013-02-22,3742.91,3784.23,3738.36,3744.10,64.3749,1.7194
2013-02-25,3752.50,3797.04,3751.26,3790.96,63.5581,1.6766
2013-02-26,3775.20,3807.76,3740.23,3743.81,63.8418,1.7053
2013-02-27,3746.55,3775.55,3713.43,3745.41,63.7188,1.7013
2013-02-28,3751.82,3815.72,3739.30,3815.72,64.6261,1.6937
2013-03-01,3812.45,3876.64,3809.04,3876.64,64.8385,1.6725
2013-03-04,3847.07,3847.20,3733.81,3760.61,70.4093,1.8723
2013-03-05,3754.67,3848.59,3744.29,3848.59,72.8301,1.8924
2013-03-06,3855.49,3914.84,3855.49,3914.84,72.3601,1.8484
2013-03-07,3909.43,3916.14,3827.82,3867.61,73.5001,1.9004
2013-03-08,3866.65,3884.07,3824.18,3829.17,72.5279,1.8941
2013-03-11,3823.26,3848.73,3803.93,3832.11,70.5473,1.8410
2013-03-12,3829.91,3847.22,3679.00,3726.21,77.5240,2.0805
2013-03-13,3715.09,3717.83,3656.72,3696.45,76.9501,2.0817
2013-03-14,3686.44,3728.68,3683.27,3709.72,74.6972,2.0136
2013-03-15,3707.10,3765.32,3672.57,3715.14,75.9867,2.0453
2013-03-18,3703.14,3722.71,3668.69,3671.80,74.4177,2.0267
2013-03-19,3669.64,3689.66,3613.20,3675.68,74.5636,2.0286
2013-03-20,3675.11,3769.26,3673.02,3769.26,76.1119,2.0193
2013-03-21,3768.48,3829.12,3767.51,3818.09,75.0760,1.9663
2013-03-22,3812.61,3833.20,3800.16,3827.10,72.0735,1.8832
2013-03-25,3827.62,3844.81,3803.41,3834.29,69.8825,1.8226
2013-03-26,3822.38,3822.75,3764.62,3814.19,69.8673,1.8318
2013-03-27,3811.66,3847.04,3798.34,3825.75,68.3554,1.7867
2013-03-28,3801.36,3801.36,3710.24,3710.24,71.7236,1.9331
2013-03-29,3709.37,3734.72,3695.06,3712.22,69.4333,1.8704
2013-04-01,3710.33,3755.56,3710.32,3743.37,67.7052,1.8087
2013-04-02,3741.70,3770.94,3673.80,3680.15,69.8077,1.8969
2013-04-03,3678.89,3687.38,3625.50,3642.59,69.2414,1.9009
2013-04-08,3597.39,3669.02,3548.96,3669.01,72.8713,1.9861
2013-04-09,3666.48,3707.53,3666.34,3703.40,70.6084,1.9066
2013-04-10,3697.60,3708.31,3652.12,3685.73,69.5785,1.8878
2013-04-11,3690.89,3702.91,3672.55,3674.33,66.7772,1.8174
2013-04-12,3667.61,3686.20,3640.87,3643.71,65.2452,1.7906
2013-04-15,3632.50,3632.50,3583.94,3594.43,64.8541,1.8043
2013-04-16,3560.81,3629.74,3545.60,3629.74,66.2317,1.8247
2013-04-17,3627.76,3669.81,3626.29,3669.81,64.6094,1.7606
2013-04-18,3650.82,3689.28,3638.09,3681.91,63.6509,1.7287
2013-04-19,3681.87,3762.40,3681.87,3752.88,64.8566,1.7282
2013-04-22,3739.32,3793.25,3737.49,3793.25,64.2068,1.6927
2013-04-23,3790.75,3790.78,3682.75,3685.55,67.5135,1.8318
2013-04-24,3682.07,3774.48,3681.00,3770.95,69.3682,1.8395
2013-04-25,3763.74,3789.45,3700.49,3700.49,70.7676,1.9124
2013-04-26,3693.93,3705.33,3620.41,3627.50,71.7785,1.9787
2013-05-02,3615.23,3667.16,3605.87,3667.16,71.0293,1.9369
2013-05-03,3674.16,3752.70,3674.16,3746.93,72.0658,1.9233
2013-05-06,3753.78,3821.54,3753.78,3817.58,72.2475,1.8925
2013-05-07,3813.07,3836.21,3799.18,3829.52,69.7320,1.8209
2013-05-08,3833.92,3877.75,3830.56,3877.75,68.1961,1.7587
2013-05-09,3874.25,3892.92,3846.63,3892.92,66.6314,1.7116
2013-05-10,3886.00,3912.35,3867.00,3912.06,65.1113,1.6644
2013-05-13,3912.17,3936.81,3893.22,3936.81,63.5741,1.6149
2013-05-14,3929.39,3929.39,3866.05,3889.65,64.0874,1.6476
2013-05-15,3888.15,3953.85,3888.15,3953.85,64.2025,1.6238
2013-05-16,3947.51,3999.97,3939.43,3977.96,63.9409,1.6074
2013-05-17,3972.41,4037.42,3969.94,4031.56,64.1937,1.5923
2013-05-20,4039.56,4105.23,4036.18,4105.23,64.8706,1.5802
2013-05-21,4101.09,4168.57,4093.69,4168.57,65.5856,1.5733
2013-05-22,4158.74,4164.86,4093.93,4111.25,66.2323,1.6110
2013-05-23,4094.11,4153.43,4076.16,4089.16,67.0207,1.6390
2013-05-24,4089.49,4160.95,4089.49,4160.95,67.3614,1.6189
2013-05-27,4164.27,4210.93,4163.81,4210.93,66.1198,1.5702
2013-05-28,4207.92,4212.07,4137.09,4179.86,66.7527,1.5970
2013-05-29,4178.14,4216.17,4174.72,4213.76,64.9454,1.5413
2013-05-30,4199.12,4238.52,4188.80,4231.04,63.8579,1.5093
2013-05-31,4230.77,4256.53,4210.30,4210.97,62.5987,1.4866
2013-06-03,4204.52,4220.44,4163.58,4172.69,62.1888,1.4904
2013-06-04,4166.93,4166.93,4041.68,4080.09,67.1046,1.6447
2013-06-05,4073.73,4110.79,4067.03,4104.91,65.4371,1.5941
2013-06-06,4088.04,4093.52,4033.78,4036.82,65.8438,1.6311
2013-06-07,4036.28,4062.93,3959.86,3985.51,68.5028,1.7188
2013-06-13,3939.75,3939.75,3788.30,3887.75,77.6962,1.9985
2013-06-14,3892.87,3981.80,3892.87,3975.52,78.8643,1.9837
2013-06-17,3985.37,4028.77,3967.97,3996.34,77.5740,1.9411
2013-06-18,3995.61,4013.98,3947.00,4005.14,76.8173,1.9180
2013-06-19,3984.79,3987.30,3926.60,3987.30,76.9403,1.9296
2013-06-20,3965.70,3976.15,3859.83,3860.89,80.5496,2.0863
2013-06-21,3791.66,3855.66,3721.59,3833.82,84.7460,2.2105
2013-06-24,3824.98,3824.98,3570.71,3604.75,97.4863,2.7044
2013-06-25,3563.81,3616.72,3330.60,3602.57,110.9602,3.0800
2013-06-26,3598.27,3697.96,3578.03,3697.96,111.6009,3.0179
2013-06-27,3703.46,3758.31,3625.64,3625.68,113.1058,3.1196
2013-06-28,3599.11,3680.90,3556.30,3602.11,113.9268,3.1628
2013-07-01,3594.87,3693.60,3582.40,3693.60,113.7320,3.0792
2013-07-02,3695.51,3769.93,3692.47,3769.93,111.1412,2.9481
2013-07-03,3758.15,3789.83,3690.79,3780.60,110.2768,2.9169
2013-07-04,3761.03,3839.36,3742.64,3795.61,109.3085,2.8799
2013-07-05,3795.21,3830.27,3756.33,3756.33,106.7822,2.8427
2013-07-08,3698.58,3705.50,3611.25,3620.65,109.5177,3.0248
2013-07-09,3612.35,3650.70,3595.79,3650.70,105.6172,2.8931
2013-07-10,3649.54,3751.05,3648.77,3751.05,105.3788,2.8093
2013-07-11,3747.89,3855.89,3747.89,3832.03,105.5660,2.7548
2013-07-12,3828.74,3884.54,3820.95,3829.20,102.5677,2.6786
2013-07-15,3833.03,3923.38,3833.03,3923.38,101.9686,2.5990
2013-07-16,3927.98,3966.64,3902.40,3966.64,99.2737,2.5027
2013-07-17,3957.36,3979.76,3889.21,3908.83,98.6506,2.5238
2013-07-18,3895.67,3933.60,3867.41,3911.20,96.3320,2.4630
2013-07-19,3909.24,3958.21,3832.16,3832.16,98.4547,2.5692
2013-07-22,3806.73,3919.30,3794.54,3919.30,100.3336,2.5600
2013-07-23,3928.55,4015.22,3928.55,4015.22,100.0184,2.4910
2013-07-24,4010.29,4064.61,3986.12,4057.86,98.4806,2.4269
2013-07-25,4057.98,4066.01,3951.42,3963.31,99.6313,2.5138
2013-07-26,3950.73,3984.38,3905.06,3968.93,98.1805,2.4737
2013-07-29,3952.46,3966.77,3894.07,3901.10,96.5147,2.4740
2013-07-30,3898.47,3921.88,3797.80,3882.32,98.4837,2.5367
2013-07-31,3888.09,3925.29,3885.45,3900.49,94.5184,2.4232
2013-08-01,3904.84,4026.47,3904.84,4026.47,96.7657,2.4032
2013-08-02,4040.02,4078.69,4034.80,4038.77,93.5839,2.3171
2013-08-05,4036.29,4102.13,4036.29,4102.13,91.6021,2.2330
2013-08-06,4100.47,4155.57,4092.63,4146.67,89.5549,2.1597
2013-08-07,4140.77,4147.76,4086.93,4094.32,87.5031,2.1372
2013-08-08,4081.52,4137.07,4074.38,4113.07,85.7307,2.0843
2013-08-09,4116.27,4142.62,4056.86,4113.43,85.7328,2.0842
2013-08-12,4118.48,4146.49,4105.05,4146.49,82.5690,1.9913
2013-08-13,4145.74,4178.39,4130.03,4178.39,80.1255,1.9176
2013-08-14,4181.01,4202.15,4147.25,4175.45,78.3237,1.8758
2013-08-15,4168.58,4182.05,4129.32,4131.23,76.4956,1.8516
2013-08-16,4104.50,4165.91,4029.65,4032.38,80.7645,2.0029
2013-08-19,4010.64,4129.44,4007.30,4129.44,83.7199,2.0274
2013-08-20,4126.69,4163.46,4110.80,4141.53,81.5013,1.9679
2013-08-21,4136.15,4164.53,4117.84,4164.53,79.0148,1.8973
2013-08-22,4157.79,4200.04,4156.48,4181.36,76.4823,1.8291
2013-08-23,4189.57,4210.37,4101.79,4184.82,78.7750,1.8824
2013-08-26,4186.71,4267.37,4186.71,4267.37,79.0446,1.8523
2013-08-27,4266.08,4306.38,4247.76,4306.38,77.5857,1.8016
2013-08-28,4280.21,4300.45,4248.54,4257.97,76.1753,1.7890
2013-08-29,4255.02,4272.25,4229.10,4260.79,73.8164,1.7325
2013-08-30,4256.81,4270.00,4164.49,4181.74,76.0802,1.8193
2013-09-02,4173.48,4218.40,4147.44,4218.40,75.7145,1.7949
2013-09-03,4221.02,4290.87,4216.86,4290.87,75.5927,1.7617
2013-09-04,4290.87,4311.21,4273.97,4298.86,72.8532,1.6947
2013-09-05,4292.64,4333.82,4282.72,4324.73,71.2994,1.6486
2013-09-06,4317.88,4357.44,4309.43,4352.46,69.6359,1.5999
2013-09-09,4355.51,4373.89,4340.57,4369.94,67.0419,1.5342
2013-09-10,4372.78,4387.76,4352.60,4387.76,64.7646,1.4760
2013-09-11,4382.22,4382.22,4296.34,4318.72,66.6686,1.5437
2013-09-12,4302.42,4340.64,4297.48,4319.11,64.9894,1.5047
2013-09-13,4314.72,4360.37,4300.15,4352.95,64.6487,1.4852
2013-09-16,4354.72,4403.52,4354.72,4384.99,63.6431,1.4514
2013-09-17,4384.62,4384.62,4324.22,4325.06,63.4379,1.4668
2013-09-18,4320.39,4366.14,4315.18,4366.14,62.5466,1.4325
2013-09-23,4372.88,4455.81,4372.88,4455.81,64.4840,1.4472
2013-09-24,4455.43,4476.00,4417.95,4468.38,64.0244,1.4328
2013-09-25,4464.49,4485.34,4439.36,4447.11,62.7355,1.4107
2013-09-26,4437.38,4449.53,4375.46,4378.19,63.5451,1.4514
2013-09-27,4378.41,4411.63,4378.41,4393.74,61.3948,1.3973
2013-09-30,4405.45,4470.45,4405.45,4470.45,62.4887,1.3978
2013-10-08,4476.78,4542.31,4471.67,4542.31,63.1581,1.3904
2013-10-09,4537.15,4612.13,4526.54,4612.13,64.7604,1.4041
2013-10-10,4619.85,4620.73,4558.38,4567.57,64.5882,1.4141
2013-10-11,4576.75,4613.58,4562.18,4613.58,63.6462,1.3795
2013-10-14,4614.79,4666.22,4607.93,4665.91,63.2636,1.3559
2013-10-15,4669.70,4676.49,4629.51,4662.77,62.1005,1.3318
2013-10-16,4651.25,4651.25,4495.95,4518.72,69.5805,1.5398
2013-10-17,4534.22,4578.33,4504.02,4517.77,69.9183,1.5476
2013-10-18,4513.65,4557.93,4509.03,4549.99,68.4170,1.5037
2013-10-21,4561.34,4673.76,4561.34,4673.76,72.3708,1.5484
2013-10-22,4673.03,4695.68,4609.94,4621.39,73.3257,1.5867
2013-10-23,4608.21,4609.14,4474.65,4504.00,78.5696,1.7444
2013-10-24,4488.92,4515.10,4460.63,4469.64,76.8482,1.7193
2013-10-25,4470.25,4485.49,4358.69,4388.61,80.4162,1.8324
2013-10-28,4380.43,4394.90,4357.00,4384.39,77.3793,1.7649
2013-10-29,4375.60,4405.14,4142.72,4269.66,90.5965,2.1219
2013-10-30,4254.27,4335.59,4250.32,4335.59,90.2160,2.0808
2013-10-31,4323.68,4323.68,4266.90,4270.97,88.6785,2.0763
2013-11-01,4246.99,4265.81,4189.42,4240.21,88.1693,2.0794
2013-11-04,4234.14,4285.83,4234.14,4267.37,85.5636,2.0051
2013-11-05,4257.64,4340.39,4225.40,4340.39,87.6655,2.0198
2013-11-06,4329.77,4381.46,4303.90,4303.90,86.9437,2.0201
2013-11-07,4282.13,4306.19,4238.86,4246.21,85.5427,2.0146
2013-11-08,4223.51,4235.99,4172.08,4186.18,84.7275,2.0240
2013-11-11,4177.11,4227.76,4149.45,4213.14,84.2691,2.0001
2013-11-12,4209.54,4248.37,4195.72,4248.37,82.0106,1.9304
2013-11-13,4239.52,4239.74,4173.45,4173.50,81.5041,1.9529
2013-11-14,4159.24,4242.91,4133.72,4242.91,83.4817,1.9676
2013-11-15,4242.94,4358.54,4242.94,4324.29,85.7780,1.9836
2013-11-18,4346.21,4421.24,4343.86,4421.24,86.5760,1.9582
2013-11-19,4427.64,4456.89,4417.56,4446.49,83.2013,1.8712
2013-11-20,4449.16,4486.61,4432.08,4486.61,81.1533,1.8088
2013-11-21,4472.09,4489.45,4442.30,4478.39,78.7245,1.7579
2013-11-22,4476.97,4491.17,4450.83,4467.83,75.9828,1.7007
2013-11-25,4459.09,4507.21,4444.93,4473.54,75.0040,1.6766
2013-11-26,4467.42,4502.71,4454.84,4490.51,73.0659,1.6271
2013-11-27,4485.66,4559.45,4483.22,4559.45,73.2919,1.6075
2013-11-28,4562.76,4610.24,4562.71,4587.69,71.6846,1.5625
2013-11-29,4587.02,4646.57,4587.02,4643.30,70.8178,1.5252
2013-12-02,4497.19,4534.35,4330.88,4354.57,88.0751,2.0226
2013-12-03,4298.71,4434.67,4277.03,4427.71,93.0441,2.1014
2013-12-04,4418.53,4513.63,4412.42,4465.71,93.6273,2.0966
2013-12-05,4460.32,4473.30,4428.31,4436.97,90.1532,2.0319
2013-12-06,4424.81,4444.09,4406.56,4430.06,86.3944,1.9502
2013-12-09,4439.30,4494.50,4439.30,4494.50,84.8263,1.8873
2013-12-10,4499.14,4507.37,4467.33,4491.97,81.6272,1.8172
2013-12-11,4482.38,4488.08,4429.29,4465.05,80.2739,1.7978
2013-12-12,4457.00,4528.83,4456.03,4507.55,79.7400,1.7690
2013-12-13,4491.58,4530.07,4476.00,4520.79,77.9065,1.7233
2013-12-16,4521.32,4524.86,4448.47,4460.13,77.7981,1.7443
2013-12-17,4455.89,4469.85,4409.30,4433.70,76.5661,1.7269
2013-12-18,4432.91,4454.68,4412.60,4429.14,74.1028,1.6731
2013-12-19,4434.23,4460.16,4392.21,4393.52,73.6633,1.6766
2013-12-20,4390.96,4408.80,4329.65,4348.80,74.0552,1.7029
2013-12-23,4344.47,4353.12,4266.77,4334.17,74.9334,1.7289
2013-12-24,4335.37,4406.02,4335.37,4379.27,74.7132,1.7061
2013-12-25,4381.57,4454.30,4371.82,4454.30,75.2680,1.6898
2013-12-26,4454.27,4457.73,4373.48,4375.16,75.9095,1.7350
2013-12-27,4368.93,4464.94,4368.93,4455.35,77.3453,1.7360
2013-12-30,4473.65,4494.81,4464.51,4487.49,74.6392,1.6633
2013-12-31,4473.20,4488.93,4440.41,4482.86,72.7735,1.6234
2014-01-02,4477.76,4539.54,4470.13,4539.50,72.5333,1.5978
2014-01-03,4530.64,4543.21,4504.95,4531.75,70.0852,1.5465
2014-01-06,4522.04,4522.04,4408.39,4411.27,73.8905,1.6750
2014-01-07,4391.45,4458.56,4382.78,4458.56,74.0255,1.6603
2014-01-08,4466.04,4521.71,4466.02,4504.67,73.2487,1.6261
2014-01-09,4499.10,4531.29,4431.44,4431.80,75.1488,1.6957
2014-01-10,4415.10,4432.85,4339.46,4354.84,76.4517,1.7556
2014-01-13,4350.65,4386.50,4320.72,4346.71,75.6895,1.7413
2014-01-14,4346.66,4447.70,4345.42,4447.70,77.5888,1.7445
2014-01-15,4445.89,4494.10,4440.85,4494.10,75.8503,1.6878
2014-01-16,4493.50,4518.33,4476.44,4485.27,73.4246,1.6370
2014-01-17,4473.46,4477.49,4441.82,4445.20,71.2835,1.6036
2014-01-20,4442.76,4462.48,4390.82,4415.10,71.3104,1.6151
2014-01-21,4410.08,4486.87,4409.94,4486.87,71.7118,1.5983
2014-01-22,4486.86,4584.08,4486.86,4584.08,73.5338,1.6041
2014-01-23,4581.14,4647.51,4576.68,4627.34,73.3407,1.5849
2014-01-24,4617.82,4705.33,4614.45,4695.29,74.5935,1.5887
2014-01-27,4675.59,4725.97,4652.33,4682.05,74.5254,1.5917
2014-01-28,4680.31,4703.59,4624.46,4667.73,74.8543,1.6037
2014-01-29,4670.20,4733.71,4670.11,4730.86,74.2204,1.5689
2014-01-30,4722.92,4743.73,4701.09,4714.68,71.9647,1.5264
2014-02-07,4688.68,4818.25,4673.21,4818.25,77.1843,1.6019
2014-02-10,4829.61,4943.38,4829.61,4943.38,80.6090,1.6306
2014-02-11,4944.97,4979.22,4874.54,4941.81,82.3284,1.6660
2014-02-12,4942.31,5005.03,4920.60,5005.03,82.4785,1.6479
2014-02-13,4999.26,5008.39,4901.68,4901.68,84.2093,1.7180
2014-02-14,4899.41,5000.59,4896.22,5000.59,85.6494,1.7128
2014-02-17,5019.18,5117.39,5019.18,5117.39,87.8744,1.7172
2014-02-18,5119.09,5136.51,5086.17,5120.24,85.1934,1.6639
2014-02-19,5115.11,5149.06,5083.95,5120.14,83.7589,1.6359
2014-02-20,5124.86,5131.42,5016.25,5035.17,86.0025,1.7080
2014-02-21,5027.73,5059.97,4978.84,5030.78,85.6545,1.7026
2014-02-24,5015.06,5064.49,4967.12,5064.49,86.4913,1.7078
2014-02-25,5067.19,5107.76,4821.91,4849.37,100.7312,2.0772
2014-02-26,4811.45,4881.73,4726.41,4881.73,104.6304,2.1433
2014-02-27,4886.04,4965.12,4791.11,4795.55,109.5861,2.2852
2014-02-28,4783.90,4842.64,4716.47,4842.52,110.7707,2.2875
2014-03-03,4842.61,4954.17,4835.40,4954.17,111.3420,2.2474
2014-03-04,4932.53,4964.69,4898.47,4961.94,108.1190,2.1790
2014-03-05,4976.10,4998.38,4949.73,4963.66,103.8712,2.0926
2014-03-06,4954.43,4973.08,4887.57,4962.40,102.5597,2.0667
2014-03-07,4961.17,4990.45,4923.37,4949.84,100.0255,2.0208
2014-03-10,4912.13,4912.13,4752.82,4760.67,106.9536,2.2466
2014-03-11,4744.93,4785.15,4694.59,4746.73,105.7827,2.2285
2014-03-12,4731.06,4772.29,4648.18,4726.86,107.0918,2.2656
2014-03-13,4723.06,4794.00,4721.72,4794.00,104.6052,2.1820
2014-03-14,4771.57,4806.56,4747.70,4785.04,101.3377,2.1178
2014-03-17,4788.71,4903.13,4788.71,4903.13,102.5343,2.0912
2014-03-18,4908.19,4960.72,4906.72,4934.42,99.3240,2.0129
2014-03-19,4924.72,4937.73,4883.50,4937.73,96.1030,1.9463
2014-03-20,4926.87,4951.37,4798.40,4798.40,100.1649,2.0875
2014-03-21,4769.40,4875.75,4723.08,4870.01,103.9153,2.1338
2014-03-24,4867.42,4891.94,4847.36,4876.47,99.6770,2.0440
2014-03-25,4866.32,4895.17,4845.41,4876.29,96.1115,1.9710
2014-03-26,4878.41,4912.88,4878.41,4903.92,91.8600,1.8732
2014-03-27,4894.98,4894.98,4804.21,4804.21,92.4207,1.9237
2014-03-28,4787.97,4795.02,4660.60,4671.79,96.0771,2.0565
2014-03-31,4661.62,4674.71,4604.12,4633.27,94.2566,2.0343
2014-04-01,4626.75,4715.01,4626.74,4714.95,93.8290,1.9900
2014-04-02,4714.32,4726.36,4670.87,4683.78,91.0905,1.9448
2014-04-03,4684.91,4714.55,4663.36,4686.95,88.2404,1.8827
2014-04-04,4677.56,4743.68,4668.06,4743.68,87.3390,1.8412
2014-04-08,4720.46,4774.53,4709.21,4774.53,85.7662,1.7963
2014-04-09,4779.17,4830.54,4779.04,4830.54,83.6408,1.7315
2014-04-10,4836.88,4877.17,4832.99,4849.66,80.9971,1.6702
2014-04-11,4826.19,4833.11,4791.77,4822.71,79.3466,1.6453
2014-04-14,4822.68,4858.16,4822.00,4858.16,76.2619,1.5698
2014-04-15,4857.80,4862.55,4828.88,4838.65,73.2196,1.5132
2014-04-16,4828.25,4850.57,4809.84,4847.64,70.8989,1.4625
2014-04-17,4849.34,4864.20,4846.53,4847.68,67.0968,1.3841
2014-04-18,4838.57,4870.31,4828.53,4870.31,65.2885,1.3405
2014-04-21,4841.34,4868.32,4791.76,4794.88,66.2357,1.3814
2014-04-22,4784.43,4804.18,4681.22,4748.01,70.2875,1.4804
2014-04-23,4741.62,4764.52,4709.90,4730.83,69.1684,1.4621
2014-04-24,4723.53,4727.75,4671.66,4682.83,68.4542,1.4618
2014-04-25,4677.13,4682.03,4581.30,4582.63,70.8168,1.5453
2014-04-28,4559.94,4559.94,4421.81,4424.41,77.2456,1.7459
2014-04-29,4412.38,4479.26,4411.41,4479.26,76.5744,1.7095
2014-04-30,4476.21,4526.49,4472.69,4525.31,74.9477,1.6562
2014-05-05,4521.11,4577.41,4511.61,4577.41,74.2943,1.6231
2014-05-06,4575.01,4629.43,4571.12,4612.15,73.1526,1.5861
2014-05-07,4599.44,4599.44,4531.59,4533.01,73.6817,1.6254
2014-05-08,4518.13,4587.36,4514.17,4532.26,73.6465,1.6249
2014-05-09,4528.18,4533.02,4449.78,4481.84,74.3318,1.6585
2014-05-12,4506.17,4576.42,4490.48,4576.42,75.7781,1.6558
2014-05-13,4571.44,4596.03,4558.05,4574.80,73.0782,1.5974
2014-05-14,4569.90,4585.98,4560.77,4577.68,69.6591,1.5217
2014-05-15,4571.44,4575.97,4489.15,4491.75,71.0070,1.5808
2014-05-16,4479.11,4491.00,4417.22,4472.17,71.2586,1.5934
2014-05-19,4464.79,4464.79,4422.77,4458.38,69.6973,1.5633
2014-05-20,4478.31,4518.14,4468.62,4480.03,68.9875,1.5399
2014-05-21,4471.25,4518.66,4437.64,4518.66,69.8470,1.5457
2014-05-22,4521.67,4570.78,4521.67,4527.60,68.5807,1.5147
2014-05-23,4523.06,4582.46,4513.98,4582.46,68.5736,1.4964
2014-05-26,4592.14,4645.00,4592.14,4645.00,68.1426,1.4670
2014-05-27,4642.70,4649.08,4618.99,4624.34,65.4245,1.4148
2014-05-28,4623.92,4690.88,4620.88,4690.62,65.7514,1.4018
2014-05-29,4687.91,4696.82,4633.78,4635.01,65.5577,1.4144
2014-05-30,4628.01,4660.44,4602.08,4648.23,65.0436,1.3993
2014-06-03,4648.93,4669.12,4640.11,4640.24,62.4697,1.3463
2014-06-04,4633.91,4633.91,4569.19,4610.72,63.0826,1.3682
2014-06-05,4602.32,4671.33,4597.99,4671.33,63.8153,1.3661
2014-06-06,4671.86,4681.40,4635.98,4662.31,62.5013,1.3406
2014-06-09,4652.37,4669.16,4624.01,4627.43,61.2620,1.3239
2014-06-10,4627.48,4686.09,4606.32,4686.09,62.5840,1.3355
2014-06-11,4681.62,4721.45,4675.90,4717.94,61.3673,1.3007
2014-06-12,4707.19,4728.51,4693.84,4712.04,59.4603,1.2619
2014-06-13,4704.12,4770.43,4702.67,4766.52,60.0531,1.2599
2014-06-16,4772.80,4803.64,4772.80,4800.60,58.4151,1.2168
2014-06-17,4795.05,4795.05,4755.49,4757.48,57.4647,1.2079
2014-06-18,4753.63,4762.03,4719.47,4721.70,56.4001,1.1945
2014-06-19,4716.53,4727.58,4553.96,4581.91,64.7729,1.4137
2014-06-20,4577.51,4635.06,4570.80,4635.06,64.7363,1.3967
2014-06-23,4642.17,4709.50,4642.17,4697.42,65.4294,1.3929
2014-06-24,4698.46,4733.76,4697.78,4733.76,63.3516,1.3383
2014-06-25,4730.56,4730.56,4692.63,4715.85,61.7643,1.3097
2014-06-26,4715.92,4798.66,4715.92,4793.36,63.2676,1.3199
2014-06-27,4796.01,4851.76,4786.46,4829.48,63.4128,1.3130
2014-06-30,4834.31,4884.40,4825.86,4884.40,63.0647,1.2911
2014-07-01,4889.95,4915.74,4874.26,4915.74,61.5230,1.2516
2014-07-02,4917.37,4945.53,4892.30,4945.53,60.9306,1.2320
2014-07-03,4944.63,4992.64,4929.88,4980.72,61.0613,1.2260
2014-07-04,4982.27,4989.84,4962.90,4977.59,58.6240,1.1778
2014-07-07,4979.56,4987.80,4938.08,4970.87,57.9880,1.1666
2014-07-08,4965.86,5014.86,4927.17,5014.86,60.1096,1.1986
2014-07-09,5005.97,5026.15,4936.78,4937.32,62.1996,1.2598
2014-07-10,4931.95,4968.69,4926.39,4935.69,60.7782,1.2314
2014-07-11,4931.80,4977.93,4928.00,4966.18,60.0034,1.2082
2014-07-14,4972.84,5025.24,4966.51,5025.24,59.9360,1.1927
2014-07-15,5023.59,5024.26,4958.62,4992.83,60.4134,1.2100
2014-07-16,4984.68,4993.96,4905.70,4925.46,62.4024,1.2669
2014-07-17,4917.54,4923.39,4871.72,4907.89,61.7837,1.2589
2014-07-18,4891.84,4939.64,4886.17,4910.77,61.1899,1.2460
2014-07-21,4906.80,4913.81,4868.21,4898.25,60.0763,1.2265
2014-07-22,4892.31,4966.79,4892.31,4966.79,61.1051,1.2303
2014-07-23,4967.41,4968.79,4875.40,4897.56,63.4112,1.2948
2014-07-24,4889.27,4894.79,4806.44,4859.62,65.3904,1.3456
2014-07-25,4855.75,4899.73,4855.18,4899.73,63.9018,1.3042
2014-07-28,4911.33,4984.28,4911.33,4984.28,65.3767,1.3117
2014-07-29,4990.96,5058.00,4981.87,5046.41,66.1448,1.3107
2014-07-30,5043.10,5088.81,5036.77,5088.65,65.1373,1.2801
2014-07-31,5088.47,5115.58,5072.24,5115.58,63.5803,1.2429
2014-08-01,5101.98,5123.46,5048.20,5056.04,64.4146,1.2740
2014-08-04,5061.76,5121.73,5061.76,5121.73,64.5057,1.2595
2014-08-05,5124.91,5170.16,5093.28,5170.16,65.3896,1.2647
2014-08-06,5159.57,5198.83,5142.94,5192.31,64.7110,1.2463
2014-08-07,5189.99,5222.56,5156.04,5158.50,64.8402,1.2570
2014-08-08,5160.01,5215.25,5160.01,5206.20,64.2624,1.2343
2014-08-11,5216.31,5285.68,5216.31,5285.68,65.3493,1.2363
2014-08-12,5288.20,5322.30,5279.09,5322.30,63.7680,1.1981
2014-08-13,5319.77,5325.88,5250.88,5320.85,64.5703,1.2135
2014-08-14,5317.20,5360.22,5299.60,5302.98,64.2881,1.2123
2014-08-15,5302.93,5360.88,5294.19,5359.73,64.4597,1.2027
2014-08-18,5369.40,5449.27,5369.40,5449.27,66.2511,1.2158
2014-08-19,5457.70,5481.77,5432.38,5473.40,65.0467,1.1884
2014-08-20,5473.41,5491.07,5443.47,5461.59,63.8005,1.1682
2014-08-21,5463.99,5477.34,5409.21,5477.34,64.1098,1.1705
2014-08-22,5477.47,5530.14,5469.95,5524.37,63.8298,1.1554
2014-08-25,5525.21,5525.21,5469.58,5485.08,63.2441,1.1530
2014-08-26,5473.01,5482.46,5357.83,5376.85,67.8160,1.2613
2014-08-27,5372.60,5418.46,5372.60,5406.56,66.2477,1.2253
2014-08-28,5407.18,5417.24,5343.10,5359.56,66.8114,1.2466
2014-08-29,5352.07,5421.29,5349.53,5421.29,67.1649,1.2389
2014-09-01,5428.58,5522.78,5428.58,5522.78,69.6167,1.2605
2014-09-02,5537.51,5604.66,5537.27,5604.66,70.4926,1.2578
2014-09-03,5617.89,5654.08,5598.36,5648.72,69.4374,1.2293
2014-09-04,5654.47,5704.78,5635.91,5704.28,69.3969,1.2166
2014-09-05,5710.52,5722.82,5677.00,5722.82,67.7128,1.1832
2014-09-09,5730.35,5757.87,5689.95,5757.87,67.7276,1.1763
2014-09-10,5742.79,5801.35,5713.77,5797.45,69.1457,1.1927
2014-09-11,5797.52,5863.58,5750.92,5790.10,72.2538,1.2479
2014-09-12,5789.05,5862.17,5780.38,5862.17,72.9350,1.2442
2014-09-15,5866.13,5922.87,5852.35,5922.27,72.7625,1.2286
2014-09-16,5924.35,5931.08,5714.88,5717.84,83.0080,1.4517
2014-09-17,5718.86,5757.99,5652.73,5757.99,84.5975,1.4692
2014-09-18,5754.18,5803.72,5739.16,5803.72,83.1662,1.4330
2014-09-19,5807.99,5872.93,5802.98,5870.09,82.2222,1.4007
2014-09-22,5865.17,5865.17,5804.85,5820.68,81.0092,1.3917
2014-09-23,5819.08,5905.17,5819.08,5905.17,81.3721,1.3780
2014-09-24,5897.94,5984.15,5885.27,5984.15,82.6227,1.3807
2014-09-25,6000.95,6043.62,5970.59,5989.88,81.9375,1.3679
2014-09-26,5983.13,6015.45,5963.25,6015.45,79.8134,1.3268
2014-09-29,6033.64,6081.61,6033.64,6080.10,78.8381,1.2967
2014-09-30,6090.73,6127.13,6075.66,6127.13,76.8833,1.2548
2014-10-08,6146.77,6214.97,6117.74,6214.97,78.3366,1.2605
2014-10-09,6227.40,6246.09,6146.36,6238.26,79.8647,1.2802
2014-10-10,6221.25,6247.03,6179.10,6216.98,79.0122,1.2709
2014-10-13,6195.37,6216.67,6115.99,6216.67,80.5821,1.2962
2014-10-14,6209.94,6262.34,6165.05,6204.00,81.7755,1.3181
2014-10-15,6200.05,6222.80,6140.25,6222.80,81.8308,1.3150
2014-10-16,6190.18,6253.09,6134.74,6134.74,84.4393,1.3764
2014-10-17,6118.98,6140.12,5943.59,6058.67,92.4458,1.5258
2014-10-20,6068.78,6154.69,6068.52,6154.52,92.7011,1.5062
2014-10-21,6153.02,6176.07,6097.37,6103.01,91.7010,1.5026
2014-10-22,6102.46,6131.89,6024.40,6027.51,92.8288,1.5401
2014-10-23,6009.84,6032.61,5899.89,5930.48,95.6782,1.6133
2014-10-24,5930.57,5980.34,5917.56,5941.93,93.3283,1.5707
2014-10-27,5927.15,6007.16,5899.77,6006.84,94.3327,1.5704
2014-10-28,6021.65,6163.67,6021.64,6163.67,98.7968,1.6029
2014-10-29,6179.46,6269.96,6179.16,6246.70,99.3320,1.5902
2014-10-30,6248.47,6284.70,6222.81,6241.59,96.6576,1.5486
2014-10-31,6242.84,6261.71,6158.80,6208.61,97.1042,1.5640
2014-11-03,6217.10,6276.23,6216.88,6275.99,94.9982,1.5137
2014-11-04,6275.00,6280.83,6207.40,6231.82,93.4576,1.4997
2014-11-05,6222.94,6241.07,6188.34,6227.25,90.5485,1.4541
2014-11-06,6223.08,6289.83,6201.27,6289.19,90.4065,1.4375
2014-11-07,6297.35,6319.09,6204.81,6228.17,92.1117,1.4790
2014-11-10,6236.20,6247.72,6196.99,6246.61,89.1559,1.4273
2014-11-11,6252.39,6253.22,5973.74,6023.00,102.7505,1.7060
2014-11-12,6005.86,6120.25,5992.90,6120.06,104.5076,1.7076
2014-11-13,6116.98,6117.11,5987.00,6023.78,106.5470,1.7688
2014-11-14,6002.05,6024.37,5965.81,6009.45,103.1194,1.7160
2014-11-17,6016.54,6118.01,5992.80,6100.83,104.6973,1.7161
2014-11-18,6095.87,6139.76,6094.61,6139.52,100.4439,1.6360
2014-11-19,6134.37,6206.82,6134.05,6193.56,98.4672,1.5898
2014-11-20,6174.89,6189.44,6158.34,6185.92,93.9495,1.5188
2014-11-21,6183.47,6240.78,6183.34,6240.77,91.3417,1.4636
2014-11-24,6281.56,6304.45,6253.74,6293.02,89.3659,1.4201
2014-11-25,6295.68,6392.80,6290.37,6392.44,90.2990,1.4126
2014-11-26,6400.59,6435.34,6381.89,6435.14,87.6670,1.3623
2014-11-27,6450.51,6472.79,6420.73,6472.59,85.1236,1.3151
2014-11-28,6476.57,6499.20,6419.20,6478.11,84.7576,1.3084
2014-12-01,6478.00,6478.00,6360.93,6392.46,87.0735,1.3621
2014-12-02,6385.95,6466.69,6382.65,6457.56,86.8568,1.3450
2014-12-03,6465.46,6514.31,6393.73,6513.96,89.2656,1.3704
2014-12-04,6517.68,6608.23,6515.23,6605.32,89.6231,1.3568
2014-12-05,6612.19,6612.19,6294.19,6462.09,105.9357,1.6393
2014-12-08,6445.51,6494.32,6390.90,6457.51,105.7560,1.6377
2014-12-09,6435.57,6435.68,6153.78,6161.37,119.8970,1.9459
2014-12-10,6137.27,6367.07,6111.76,6366.81,129.5694,2.0351
2014-12-11,6361.34,6463.72,6335.86,6463.32,129.4473,2.0028
2014-12-12,6469.27,6549.42,6455.97,6545.19,126.8760,1.9385
2014-12-15,6528.87,6664.25,6510.36,6658.15,128.8056,1.9346
2014-12-16,6663.47,6678.41,6590.84,6635.26,125.8602,1.8968
2014-12-17,6613.97,6613.97,6494.31,6551.12,126.9381,1.9377
2014-12-18,6538.89,6581.06,6529.34,6540.88,121.5653,1.8585
2014-12-19,6524.55,6524.76,6346.30,6438.04,126.7807,1.9692
2014-12-22,6406.51,6406.55,6097.91,6120.58,142.0199,2.3204
2014-12-23,6087.27,6153.65,6012.57,6023.37,141.9528,2.3567
2014-12-24,6045.09,6155.29,6045.09,6154.88,141.2361,2.2947
2014-12-25,6166.47,6222.66,6159.04,6222.51,135.9893,2.1854
2014-12-26,6218.91,6233.96,6196.22,6233.94,128.9715,2.0689
2014-12-29,6222.94,6222.94,6068.55,6098.98,131.5728,2.1573
2014-12-30,6083.96,6088.87,5967.82,5982.64,131.5433,2.1988
2014-12-31,5981.12,6027.52,5945.72,6027.52,127.9902,2.1234
2015-01-05,6025.75,6052.44,5948.27,6049.79,126.2888,2.0875
2015-01-06,6021.45,6172.64,5986.40,6172.39,130.5710,2.1154
2015-01-07,6161.48,6171.15,6118.14,6166.77,125.1195,2.0289
2015-01-08,6161.55,6211.46,6126.97,6164.11,122.2174,1.9827
2015-01-09,6148.11,6214.29,6128.01,6128.01,119.6504,1.9525
2015-01-12,6098.82,6102.44,6033.71,6062.28,117.8397,1.9438
2015-01-13,6059.38,6167.35,6058.60,6167.12,117.1904,1.9002
2015-01-14,6167.75,6170.91,6114.24,6139.29,112.8675,1.8384
2015-01-15,6136.56,6177.05,6136.10,6168.66,107.7306,1.7464
2015-01-16,6172.96,6252.14,6169.05,6252.08,105.9984,1.6954
2015-01-19,6133.55,6296.61,6033.88,6109.29,117.1935,1.9183
2015-01-20,6135.61,6336.71,6135.61,6336.63,125.0668,1.9737
2015-01-21,6358.02,6465.83,6357.68,6465.73,125.3621,1.9389
2015-01-22,6472.17,6569.90,6466.65,6568.64,123.8483,1.8854
2015-01-23,6576.98,6577.38,6481.21,6502.07,121.8713,1.8743
2015-01-26,6508.73,6642.72,6508.09,6642.61,123.2126,1.8549
2015-01-27,6652.21,6694.82,6582.44,6693.81,122.4389,1.8291
2015-01-28,6680.08,6725.67,6649.19,6666.26,119.1561,1.7875
2015-01-29,6620.23,6661.73,6594.45,6625.01,115.7742,1.7475
2015-01-30,6629.28,6655.61,6546.14,6546.60,115.3239,1.7616
2015-02-02,6485.16,6567.40,6449.57,6535.90,115.5029,1.7672
2015-02-03,6547.75,6661.89,6547.62,6654.55,116.2520,1.7470
2015-02-04,6665.88,6692.32,6645.19,6653.34,111.3147,1.6731
2015-02-05,6685.76,6729.51,6649.22,6654.08,109.0987,1.6396
2015-02-06,6637.54,6658.95,6503.59,6526.95,112.4031,1.7221
2015-02-09,6508.38,6541.72,6458.18,6474.82,110.3414,1.7042
2015-02-10,6468.52,6556.07,6458.43,6555.82,109.4342,1.6693
2015-02-11,6563.87,6645.98,6563.73,6645.51,108.0574,1.6260
2015-02-12,6652.56,6707.65,6652.47,6703.82,104.7776,1.5630
2015-02-13,6732.30,6824.59,6731.72,6815.85,105.9199,1.5540
2015-02-16,6831.26,6965.46,6831.09,6965.30,109.0407,1.5655
2015-02-17,6987.39,7020.20,6948.22,7020.05,106.3935,1.5156
2015-02-25,7037.96,7060.07,6984.17,7004.67,104.2154,1.4878
2015-02-26,7001.18,7045.53,6967.94,7045.27,102.3136,1.4522
2015-02-27,7045.79,7142.26,7042.14,7141.89,102.1569,1.4304
2015-03-02,7187.53,7317.87,7172.75,7317.68,107.4299,1.4681
2015-03-03,7306.44,7386.82,7272.46,7282.11,107.9250,1.4821
2015-03-04,7277.54,7411.27,7277.54,7411.03,109.7682,1.4811
2015-03-05,7417.53,7451.24,7375.11,7450.91,107.3654,1.4410
2015-03-06,7454.92,7467.43,7330.45,7338.40,109.4808,1.4919
2015-03-09,7314.93,7450.82,7284.73,7450.82,113.5243,1.5236
2015-03-10,7460.61,7577.37,7458.68,7566.48,114.4547,1.5127
2015-03-11,7573.26,7573.75,7538.49,7566.31,108.7979,1.4379
2015-03-12,7566.49,7592.53,7455.08,7514.45,110.8445,1.4751
2015-03-13,7530.21,7649.76,7530.21,7649.35,112.5920,1.4719
2015-03-16,7707.40,7903.62,7706.95,7903.36,122.7119,1.5527
2015-03-17,7946.13,8031.47,7896.75,7993.24,123.5696,1.5459
2015-03-18,7992.92,8150.96,7968.12,8150.95,127.8032,1.5680
2015-03-19,8149.48,8217.38,8103.79,8216.62,126.7880,1.5431
2015-03-20,8216.30,8336.83,8213.72,8318.83,126.5253,1.5210
2015-03-23,8360.92,8560.77,8360.92,8560.44,134.7692,1.5743
2015-03-24,8593.78,8665.25,8319.36,8655.38,149.8492,1.7313
2015-03-25,8662.77,8834.25,8604.24,8784.91,155.5750,1.7709
2015-03-26,8730.36,8786.74,8523.36,8611.86,163.2754,1.8959
2015-03-27,8586.40,8715.29,8578.53,8710.29,161.3814,1.8528
2015-03-30,8721.21,8758.75,8663.83,8719.22,156.6342,1.7964
2015-03-31,8734.95,8859.42,8676.63,8780.74,158.5024,1.8051
2015-04-01,8785.13,9015.02,8782.13,9008.20,163.9151,1.8196
2015-04-02,9061.50,9238.35,9061.50,9238.05,168.6462,1.8256
2015-04-03,9204.84,9422.84,9159.57,9419.20,175.4050,1.8622
2015-04-07,9457.74,9600.83,9457.65,9600.72,175.8497,1.8316
2015-04-08,9625.21,9628.23,9264.54,9455.59,189.2668,2.0016
2015-04-09,9446.68,9446.68,8988.71,9369.66,209.0963,2.2316
2015-04-10,9325.42,9621.50,9276.95,9600.40,218.7716,2.2788
2015-04-13,9652.53,9838.88,9616.40,9813.60,220.1794,2.2436
2015-04-14,9830.53,9926.39,9741.70,9830.06,217.6444,2.2141
2015-04-15,9800.64,9800.64,9434.62,9441.19,230.3441,2.4398
2015-04-16,9319.96,9654.16,9209.41,9541.77,245.6588,2.5746
2015-04-17,9612.73,9663.94,9526.09,9567.70,237.9582,2.4871
2015-04-20,9541.26,9591.22,9317.30,9353.61,240.5269,2.5715
2015-04-21,9364.31,9716.61,9362.87,9716.35,249.2749,2.5655
2015-04-22,9798.16,9995.60,9798.16,9995.26,251.4160,2.5154
2015-04-23,10035.43,10157.04,9977.37,10105.27,246.2913,2.4373
2015-04-24,9990.34,10153.96,9909.48,10123.91,246.1619,2.4315
2015-04-27,10202.03,10297.10,10093.25,10174.90,243.1396,2.3896
2015-04-28,10184.27,10184.27,9744.38,9847.89,257.1932,2.6117
2015-04-29,9817.45,10111.91,9792.64,10107.40,261.6273,2.5885
2015-04-30,10156.36,10298.49,10155.19,10180.49,256.5889,2.5204
2015-05-04,10206.21,10281.71,10085.33,10270.13,252.2883,2.4565
2015-05-05,10273.57,10286.56,9950.57,10007.27,258.2670,2.5808
2015-05-06,10032.05,10264.65,9913.61,9973.99,264.8936,2.6558
2015-05-07,9934.94,9989.86,9789.18,9806.51,260.3069,2.6544
2015-05-08,9913.85,10274.58,9913.85,10274.38,275.1472,2.6780
2015-05-11,10424.97,10772.06,10386.63,10771.62,291.0424,2.7019
2015-05-12,10871.48,11051.87,10782.20,11051.43,290.2715,2.6266
2015-05-13,10969.33,11259.27,10834.99,11137.30,299.8435,2.6922
2015-05-14,11158.42,11272.84,11093.57,11211.10,291.2311,2.5977
2015-05-15,11165.97,11316.89,11000.63,11217.93,293.0189,2.6121
2015-05-18,11234.72,11557.17,11222.20,11542.28,296.3204,2.5673
2015-05-19,11624.30,11837.65,11525.34,11831.36,297.4625,2.5142
2015-05-20,11912.38,12321.41,11909.24,12132.37,311.2188,2.5652
2015-05-21,12214.48,12586.64,12213.73,12586.06,321.4367,2.5539
2015-05-22,12782.06,12848.23,12386.94,12687.29,331.4262,2.6123
2015-05-25,12513.18,12894.44,12408.10,12877.87,342.4915,2.6595
2015-05-26,12962.67,13402.18,12960.29,13401.31,355.4785,2.6526
2015-05-27,13484.77,13642.14,13174.12,13582.55,363.5172,2.6764
2015-05-28,13610.78,13806.21,12816.46,12818.99,408.2481,3.1847
2015-05-29,12775.09,13250.95,12237.60,13027.21,451.4697,3.4656
2015-06-01,13146.12,13691.60,13146.07,13691.17,466.6783,3.4086
2015-06-02,13805.72,14277.33,13763.64,14276.32,475.2127,3.3287
2015-06-03,14381.02,14461.30,13928.16,14356.60,479.3504,3.3389
2015-06-04,14366.78,14424.36,13459.88,14308.65,514.0025,3.5922
2015-06-05,14513.11,14656.25,14174.18,14465.75,511.7216,3.5375
2015-06-08,14445.11,14445.11,13967.37,14099.73,510.7686,3.6225
2015-06-09,14018.54,14217.85,13899.36,14106.23,497.0344,3.5235
2015-06-10,14047.11,14596.06,13918.59,14461.81,509.9227,3.5260
2015-06-11,14486.94,14769.59,14478.84,14768.88,495.4839,3.3549
2015-06-12,14844.62,15086.44,14825.28,15006.34,482.7751,3.2171
2015-06-15,15050.58,15076.49,14675.21,14707.78,476.9540,3.2429
2015-06-16,14514.85,14514.85,13981.68,14102.22,494.7501,3.5083
2015-06-17,14061.98,14446.51,13603.85,14407.31,519.6008,3.6065
2015-06-18,14392.32,14499.87,13894.26,13934.22,525.7443,3.7730
2015-06-19,13564.22,13688.94,12999.07,13024.72,554.9876,4.2610
2015-06-23,12955.75,13131.65,12168.35,13047.02,584.1528,4.4773
2015-06-24,13176.06,13382.76,12935.57,13313.80,574.3697,4.3141
2015-06-25,13357.22,13361.77,12585.36,12760.48,588.8012,4.6143
2015-06-26,12309.80,12311.04,11710.78,11730.75,621.7225,5.2999
2015-06-29,11923.42,11933.72,10787.16,10906.04,659.2109,6.0445
2015-06-30,10543.23,11389.19,10110.66,11381.47,703.4480,6.1806
2015-07-01,11264.87,11641.03,10685.37,10734.01,721.4631,6.7213
2015-07-02,10626.73,10696.42,9959.56,10002.36,725.2479,7.2508
2015-07-03,9545.27,10055.57,9282.59,9358.73,728.6573,7.7859
2015-07-06,9943.96,9943.96,8755.04,8858.91,761.5332,8.5962
2015-07-07,8517.29,8528.49,8352.94,8356.13,743.2787,8.8950
2015-07-08,8057.11,8128.54,8056.46,8114.60,711.5924,8.7693
2015-07-09,7951.43,8349.73,7951.43,8348.88,689.2144,8.2552
2015-07-10,8488.35,8621.39,8478.26,8620.27,659.4498,7.6500
2015-07-13,8930.79,9034.35,8879.57,9032.56,641.9234,7.1068
2015-07-14,9311.51,9501.08,9236.84,9338.17,629.5374,6.7416
2015-07-15,9424.22,9424.22,8918.93,8942.91,620.6626,6.9403
2015-07-16,8615.93,9241.73,8470.13,9041.23,631.4438,6.9840
2015-07-17,9087.16,9588.17,9078.86,9541.26,625.4078,6.5548
2015-07-20,9657.62,9940.92,9579.16,9839.92,609.2830,6.1920
2015-07-21,9762.60,10139.15,9652.93,10062.89,600.4928,5.9674
2015-07-22,10082.96,10270.11,9923.16,10228.86,582.3826,5.6935
2015-07-23,10251.56,10585.68,10197.66,10553.22,568.4995,5.3870
2015-07-24,10579.16,10782.59,10351.93,10449.75,558.6539,5.3461
2015-07-27,10235.63,10556.48,9716.97,9719.55,578.7150,5.9541
2015-07-28,9125.96,9769.62,9036.62,9284.54,589.7354,6.3518
2015-07-29,9435.39,9727.53,9019.91,9727.23,598.1557,6.1493
2015-07-30,9679.10,9910.54,9422.05,9460.73,590.3224,6.2397
2015-07-31,9283.38,9512.49,9081.72,9223.64,578.9258,6.2765
2015-08-03,9076.07,9109.28,8656.51,8723.59,578.0833,6.6267
2015-08-04,8720.24,9265.35,8720.24,9265.22,575.7280,6.2139
2015-08-05,9285.30,9465.77,9131.80,9240.89,558.4596,6.0434
2015-08-06,9025.67,9331.65,8996.41,9229.35,542.5154,5.8782
2015-08-07,9321.98,9585.51,9319.25,9585.14,529.2043,5.5211
2015-08-10,9704.08,10133.76,9680.44,10077.94,530.5911,5.2649
2015-08-11,10093.88,10300.82,10050.24,10153.71,510.5903,5.0286
2015-08-12,10053.47,10227.34,10003.36,10005.93,490.1181,4.8983
2015-08-13,9946.41,10309.77,9893.16,10308.79,484.8676,4.7034
2015-08-14,10400.50,10505.92,10295.34,10377.98,465.2756,4.4833
2015-08-17,10339.26,10563.52,10267.23,10563.13,453.2052,4.2904
2015-08-18,10582.23,10603.36,9781.75,9806.70,479.5198,4.8897
2015-08-19,9442.91,10118.27,9224.17,10057.84,509.1327,5.0620
2015-08-20,9947.82,10149.46,9734.62,9739.92,502.3975,5.1581
2015-08-21,9531.92,9661.60,9159.43,9208.15,507.9755,5.5166
2015-08-24,8782.49,8833.71,8505.74,8506.72,521.8637,6.1347
2015-08-25,7889.78,8073.07,7878.49,7882.11,529.4613,6.7173
2015-08-26,7836.28,8103.10,7457.89,7543.78,537.7291,7.1281
2015-08-27,7666.51,7794.85,7370.21,7793.54,529.6513,6.7960
2015-08-28,7912.79,8271.60,7861.96,8270.96,525.9662,6.3592
2015-08-31,8222.53,8222.53,7950.10,7950.46,511.3157,6.4313
2015-09-01,7848.66,7848.66,7433.89,7441.34,511.6910,6.8763
2015-09-02,7072.79,7619.51,7057.55,7129.97,515.2817,7.2270
2015-09-07,7243.44,7465.77,7219.47,7291.47,502.4616,6.8911
2015-09-08,7247.57,7660.61,7204.36,7651.50,499.1607,6.5237
2015-09-09,7716.55,7980.59,7697.81,7956.73,487.0128,6.1208
2015-09-10,7831.50,7999.54,7798.75,7843.00,466.5683,5.9489
2015-09-11,7826.74,7975.51,7808.48,7952.14,445.1727,5.5982
2015-09-14,7997.34,8022.06,7391.90,7412.30,458.3861,6.1841
2015-09-15,7183.33,7352.00,7008.99,7034.90,454.4521,6.4600
2015-09-16,7062.84,7517.62,7049.42,7500.61,456.4712,6.0858
2015-09-17,7516.36,7771.46,7428.57,7428.64,448.3583,6.0355
2015-09-18,7484.28,7599.36,7386.12,7556.20,431.5641,5.7114
2015-09-21,7453.17,7850.81,7430.94,7847.89,430.7288,5.4885
2015-09-22,7868.64,7974.88,7765.78,7880.84,414.8982,5.2646
2015-09-23,7734.28,7924.52,7716.13,7824.07,400.1476,5.1143
2015-09-24,7856.02,7951.79,7814.34,7928.83,381.3835,4.8101
2015-09-25,7877.93,7934.52,7585.15,7640.17,379.0968,4.9619
2015-09-28,7643.16,7841.22,7536.82,7839.62,373.7613,4.7676
2015-09-29,7702.65,7824.23,7658.20,7720.68,360.0227,4.6631
2015-09-30,7753.35,7794.64,7642.70,7727.51,345.1596,4.4666
2015-10-08,7961.00,8099.15,7902.55,8056.28,347.0511,4.3078
2015-10-09,8045.77,8213.56,8028.61,8180.40,335.4724,4.1009
2015-10-12,8226.55,8590.91,8225.24,8522.63,340.8323,3.9991
2015-10-13,8447.74,8672.87,8420.64,8651.05,334.5035,3.8666
2015-10-14,8610.35,8682.82,8515.65,8534.73,322.5511,3.7793
2015-10-15,8476.31,8808.90,8476.31,8808.47,323.2682,3.6700
2015-10-16,8866.79,8948.62,8742.43,8943.02,314.9055,3.5212
2015-10-19,8961.66,9008.61,8806.43,8935.39,306.8536,3.4341
2015-10-20,8915.87,9117.31,8891.94,9116.54,301.0334,3.3021
2015-10-21,9116.48,9157.92,8515.14,8541.61,325.4439,3.8101
2015-10-22,8531.69,8901.22,8525.98,8894.76,329.0007,3.6988
2015-10-23,8977.88,9220.98,8942.33,9182.55,328.8021,3.5807
2015-10-26,9296.19,9347.64,9126.58,9262.89,321.1062,3.4666
2015-10-27,9183.79,9398.73,8882.22,9345.97,335.0636,3.5851
2015-10-28,9277.73,9406.35,9091.56,9131.87,333.6155,3.6533
2015-10-29,9197.47,9320.23,9058.94,9214.59,328.4494,3.5644
2015-10-30,9183.49,9332.91,9031.78,9188.27,326.4980,3.5534
2015-11-02,8946.88,9236.42,8915.77,8944.68,326.0803,3.6455
2015-11-03,8963.77,9033.58,8837.31,8924.42,316.8082,3.5499
2015-11-04,8973.16,9396.99,8973.16,9396.84,327.9340,3.4898
2015-11-05,9416.49,9525.22,9295.37,9391.45,320.9280,3.4172
2015-11-06,9396.10,9640.44,9395.73,9629.28,315.7896,3.2795
2015-11-09,9560.54,9861.11,9473.46,9816.03,320.9225,3.2694
2015-11-10,9770.13,9958.15,9739.17,9911.24,313.6409,3.1645
2015-11-11,9910.12,10106.02,9873.24,10100.51,307.8651,3.0480
2015-11-12,10137.46,10223.71,9990.76,10135.08,302.5140,2.9848
2015-11-13,10030.15,10102.65,9813.03,9934.77,303.9094,3.0590
2015-11-16,9749.11,10195.72,9736.48,10194.78,315.0045,3.0899
2015-11-17,10308.23,10361.30,10088.03,10109.40,312.0234,3.0865
2015-11-18,10116.71,10203.40,9902.83,9928.66,311.2053,3.1344
2015-11-19,9954.66,10235.83,9944.38,10235.35,310.9171,3.0377
2015-11-20,10272.35,10477.22,10265.67,10440.35,305.9852,2.9308
2015-11-23,10447.81,10546.74,10297.14,10341.42,301.9576,2.9199
2015-11-24,10324.04,10460.35,10204.42,10459.60,298.6700,2.8555
2015-11-25,10470.93,10707.77,10468.34,10696.31,295.0628,2.7585
2015-11-26,10745.06,10772.62,10595.10,10620.83,286.6669,2.6991
2015-11-27,10560.39,10619.71,9859.02,9933.50,320.6057,3.2275
2015-11-30,9935.40,10058.66,9406.73,10001.19,344.2717,3.4423
2015-12-01,9985.79,10101.51,9832.26,9955.21,338.9130,3.4044
2015-12-02,9928.27,9954.86,9506.10,9822.06,346.7842,3.5307
2015-12-03,9833.30,10103.49,9832.95,10102.89,342.1161,3.3863
2015-12-04,10073.67,10199.95,9996.29,10081.57,332.2264,3.2954
2015-12-07,10105.79,10238.79,10038.58,10238.02,322.7966,3.1529
2015-12-08,10189.87,10210.75,10022.62,10057.74,315.1254,3.1332
2015-12-09,10002.73,10111.56,9945.79,10034.19,304.4572,3.0342
2015-12-10,10024.19,10145.99,10008.74,10035.45,292.5138,2.9148
2015-12-11,10003.76,10043.54,9915.11,9946.12,280.7935,2.8231
2015-12-14,9845.07,10119.68,9829.34,10118.90,281.4754,2.7817
2015-12-15,10137.46,10312.42,10136.87,10278.47,275.1929,2.6774
2015-12-16,10319.56,10438.45,10314.86,10374.23,266.9634,2.5733
2015-12-17,10436.80,10680.39,10436.80,10679.96,269.7632,2.5259
2015-12-18,10678.38,10721.66,10562.68,10629.97,261.8501,2.4633
2015-12-21,10596.41,10712.04,10579.92,10699.61,252.5836,2.3607
2015-12-22,10724.02,10809.85,10652.01,10809.24,245.8162,2.2741
2015-12-23,10817.28,10828.97,10613.43,10638.16,243.6537,2.2904
2015-12-24,10600.47,10662.43,10413.92,10633.19,244.0005,2.2947
2015-12-25,10651.66,10760.15,10645.44,10726.99,235.6405,2.1967
2015-12-28,10765.91,10859.83,10515.36,10515.36,243.4140,2.3148
2015-12-29,10499.50,10654.42,10406.06,10653.71,243.7673,2.2881
2015-12-30,10678.11,10813.02,10661.28,10806.70,237.7347,2.1999
2015-12-31,10810.35,10839.05,10614.38,10614.38,236.8015,2.2309
2016-01-04,10598.27,10602.65,9694.63,9694.84,285.5835,2.9457
2016-01-05,9140.67,9680.16,9084.87,9452.04,308.7540,3.2665
2016-01-06,9511.73,9710.12,9404.07,9709.57,308.5608,3.1779
2016-01-07,9511.14,9511.14,8850.15,8856.49,347.9079,3.9283
2016-01-08,9049.77,9141.57,8404.51,8876.25,375.7045,4.2327
2016-01-11,8651.33,8754.36,8203.43,8205.12,396.9270,4.8376
2016-01-12,8164.34,8304.14,7968.75,8187.96,392.5315,4.7940
2016-01-13,8230.08,8311.73,7836.06,7836.12,398.4700,5.0850
2016-01-14,7548.03,8174.31,7534.04,8157.74,415.7414,5.0963
2016-01-15,8092.87,8202.34,7813.26,7868.17,413.8370,5.2596
2016-01-18,7689.66,8158.56,7685.47,8060.88,418.0694,5.1864
2016-01-19,8041.86,8400.60,8018.64,8388.38,415.4901,4.9532
2016-01-20,8328.72,8468.79,8244.73,8321.39,401.8166,4.8287
2016-01-21,8167.95,8410.16,7944.57,7944.57,406.3718,5.1151
2016-01-22,8036.32,8115.40,7787.62,8074.29,400.7581,4.9634
2016-01-25,8153.35,8256.16,8076.40,8180.50,385.1232,4.7078
2016-01-26,8071.36,8093.24,7526.59,7545.54,404.3223,5.3584
2016-01-27,7557.46,7585.83,7047.79,7466.75,413.8736,5.5429
2016-01-28,7344.03,7438.69,7067.55,7100.90,412.8254,5.8137
2016-01-29,7071.75,7459.37,7037.83,7385.76,413.4479,5.5979
2016-02-01,7358.75,7420.48,7163.91,7292.61,402.2424,5.5158
2016-02-02,7296.22,7600.08,7295.80,7576.07,395.4729,5.2200
2016-02-03,7480.30,7665.65,7428.90,7630.46,384.1355,5.0342
2016-02-04,7661.65,7839.28,7661.65,7807.40,371.6130,4.7598
2016-02-05,7828.61,7856.74,7716.21,7718.71,355.1071,4.6006
2016-02-15,7434.28,7772.49,7432.40,7726.37,354.0344,4.5822
2016-02-16,7767.03,8088.71,7767.03,8069.59,354.6277,4.3946
2016-02-17,8060.91,8214.94,8010.82,8202.15,343.8771,4.1925
2016-02-18,8256.95,8282.91,8155.08,8176.14,328.4452,4.0171
2016-02-19,8146.06,8289.21,8133.50,8239.26,316.1070,3.8366
2016-02-22,8350.29,8407.88,8303.21,8407.85,305.5722,3.6344
2016-02-23,8414.67,8437.16,8230.98,8357.36,298.4727,3.5714
2016-02-24,8316.83,8399.43,8161.00,8364.66,294.1840,3.5170
2016-02-25,8340.46,8340.59,7673.22,7702.59,322.5594,4.1877
2016-02-26,7750.74,7799.30,7487.27,7666.82,321.8073,4.1974
2016-02-29,7614.16,7614.16,7113.07,7183.68,338.3746,4.7103
2016-03-01,7183.11,7402.31,7038.61,7345.09,340.1836,4.6314
2016-03-02,7324.49,7724.30,7323.37,7711.89,344.5226,4.4674
2016-03-03,7711.30,7875.95,7693.90,7727.16,332.9174,4.3084
2016-03-04,7684.92,7735.55,7321.56,7418.80,338.7083,4.5655
2016-03-07,7494.04,7670.96,7494.04,7600.44,332.5263,4.3751
2016-03-08,7585.86,7670.99,7276.67,7670.69,336.9401,4.3926
2016-03-09,7486.95,7634.00,7430.43,7500.17,330.0344,4.4004
2016-03-10,7503.42,7568.24,7364.29,7376.70,321.0284,4.3519
2016-03-11,7284.95,7401.51,7239.56,7349.57,309.6656,4.2134
2016-03-14,7441.09,7715.64,7441.04,7640.13,313.6945,4.1059
2016-03-15,7612.97,7668.85,7537.79,7571.82,300.6492,3.9706
2016-03-16,7633.75,7659.05,7426.95,7484.23,295.7528,3.9517
2016-03-17,7514.68,7795.71,7514.58,7779.88,296.8762,3.8159
2016-03-18,7823.57,8118.71,7820.29,8097.20,299.8729,3.7034
2016-03-21,8206.53,8326.38,8172.85,8325.98,294.8234,3.5410
2016-03-22,8248.53,8387.55,8203.09,8311.21,286.9403,3.4524
2016-03-23,8279.88,8408.95,8262.26,8408.64,276.9224,3.2933
2016-03-24,8324.85,8453.30,8247.29,8279.65,271.8573,3.2834
2016-03-25,8252.42,8353.02,8211.84,8343.24,262.5232,3.1465
2016-03-28,8400.21,8482.57,8266.55,8298.78,259.2015,3.1234
2016-03-29,8274.09,8292.43,8040.76,8119.00,259.1171,3.1915
2016-03-30,8187.45,8439.09,8187.45,8438.68,263.4723,3.1222
2016-03-31,8475.43,8541.46,8414.89,8447.18,253.6936,3.0033
2016-04-01,8399.18,8426.46,8240.87,8389.29,250.3090,2.9837
2016-04-05,8401.34,8642.98,8380.46,8635.67,251.1813,2.9086
2016-04-06,8601.66,8699.52,8579.43,8691.23,241.8176,2.7823
2016-04-07,8715.01,8733.50,8549.51,8549.51,237.6871,2.7801
2016-04-08,8465.83,8511.87,8359.54,8484.17,234.2787,2.7614
2016-04-11,8560.09,8719.22,8560.09,8677.41,234.3338,2.7005
2016-04-12,8664.28,8688.71,8501.04,8608.37,231.0007,2.6834
2016-04-13,8655.20,8831.59,8655.20,8729.84,230.4449,2.6397
2016-04-14,8780.55,8837.44,8711.79,8837.02,222.9595,2.5230
2016-04-15,8840.53,8866.01,8777.97,8841.10,213.3224,2.4128
2016-04-18,8780.46,8780.46,8646.33,8715.85,211.9973,2.4323
2016-04-19,8755.25,8784.33,8678.97,8754.50,204.3803,2.3346
2016-04-20,8784.65,8798.78,8158.82,8312.20,235.4931,2.8331
2016-04-21,8268.02,8382.27,8185.37,8198.51,232.7365,2.8388
2016-04-22,8130.90,8282.90,8112.33,8282.42,228.2960,2.7564
2016-04-25,8246.03,8261.95,8106.07,8232.48,224.5856,2.7280
2016-04-26,8218.47,8343.71,8202.15,8343.42,218.6552,2.6207
2016-04-27,8357.26,8426.83,8307.39,8323.46,211.5684,2.5418
2016-04-28,8319.22,8336.13,8130.93,8303.56,211.1135,2.5424
2016-04-29,8253.48,8340.58,8239.79,8291.70,203.2333,2.4510
2016-05-03,8290.79,8558.58,8256.68,8558.58,210.2809,2.4570
2016-05-04,8526.31,8632.70,8514.49,8565.11,203.7044,2.3783
2016-05-05,8549.33,8631.98,8522.15,8628.74,196.9991,2.2831
2016-05-06,8632.45,8663.07,8275.97,8276.03,210.5777,2.5444
2016-05-09,8180.63,8180.70,7876.17,7918.15,224.0979,2.8302
2016-05-10,7898.65,7961.59,7855.29,7898.66,215.6837,2.7306
2016-05-11,7950.38,7973.60,7800.97,7823.98,212.6085,2.7174
2016-05-12,7706.13,7822.76,7570.92,7821.91,215.4979,2.7551
2016-05-13,7794.62,7902.00,7758.26,7806.96,210.3723,2.6947
2016-05-16,7783.30,7961.43,7744.88,7961.15,210.8136,2.6480
2016-05-17,7964.51,8040.20,7901.18,7961.50,205.6855,2.5835
2016-05-18,7886.25,7886.50,7614.20,7711.96,215.8008,2.7983
2016-05-19,7707.33,7868.72,7707.33,7767.32,211.9143,2.7283
2016-05-20,7699.07,7860.13,7665.86,7860.13,210.6540,2.6800
2016-05-23,7876.12,7995.99,7876.12,7995.58,205.3116,2.5678
2016-05-24,7981.01,7981.22,7852.69,7913.68,200.8529,2.5380
2016-05-25,7965.75,8012.16,7848.53,7889.73,198.1941,2.5121
2016-05-26,7864.03,7929.67,7703.52,7929.47,200.1910,2.5246
2016-05-27,7904.77,7976.51,7879.64,7912.86,192.8109,2.4367
2016-05-30,7863.31,7946.13,7787.47,7867.60,190.3715,2.4197
2016-05-31,7872.31,8197.64,7872.31,8197.56,200.3479,2.4440
2016-06-01,8207.25,8324.09,8202.72,8270.52,195.0752,2.3587
2016-06-02,8261.60,8369.67,8255.96,8369.43,189.2634,2.2614
2016-06-03,8370.79,8442.90,8336.96,8391.76,183.3117,2.1844
2016-06-06,8418.34,8443.57,8359.02,8422.47,176.2573,2.0927
2016-06-07,8421.61,8439.14,8363.41,8434.67,169.0768,2.0045
2016-06-08,8417.75,8481.65,8340.90,8431.89,167.0534,1.9812
2016-06-13,8307.19,8387.42,8000.65,8000.82,185.9239,2.3238
2016-06-14,7957.93,8053.54,7931.23,8038.59,181.3800,2.2564
2016-06-15,7948.18,8369.94,7936.62,8340.54,199.3758,2.3904
2016-06-16,8339.82,8421.33,8314.98,8358.03,192.7311,2.3059
2016-06-17,8374.07,8480.65,8338.73,8414.51,189.1017,2.2473
2016-06-20,8417.36,8476.47,8330.67,8457.93,186.0087,2.1992
2016-06-21,8510.75,8552.66,8305.55,8350.76,190.3731,2.2797
2016-06-22,8323.88,8513.93,8316.10,8513.54,190.9057,2.2424
2016-06-23,8510.84,8547.39,8424.91,8495.78,186.0182,2.1895
2016-06-24,8477.03,8547.68,8153.16,8428.82,200.9112,2.3836
2016-06-27,8360.52,8646.37,8358.34,8646.16,207.1339,2.3957
2016-06-28,8616.07,8737.82,8599.85,8730.20,202.1937,2.3160
2016-06-29,8758.70,8784.95,8704.35,8745.82,193.5084,2.2126
2016-06-30,8753.85,8776.24,8692.26,8741.10,185.6849,2.1243
2016-07-01,8747.79,8779.63,8680.08,8710.52,179.5324,2.0611
2016-07-04,8661.27,8882.85,8653.86,8874.07,183.0651,2.0629
2016-07-05,8886.51,8925.09,8839.94,8914.84,176.0712,1.9750
2016-07-06,8885.33,8957.58,8862.76,8947.14,170.2675,1.9030
2016-07-07,8942.99,8988.32,8851.30,8954.28,167.8927,1.8750
2016-07-08,8941.49,8996.97,8904.59,8939.26,162.4989,1.8178
2016-07-11,8953.87,9004.75,8865.59,8875.00,160.8319,1.8122
2016-07-12,8862.37,8943.15,8719.88,8943.07,165.2917,1.8483
2016-07-13,8963.44,9042.07,8926.76,9023.24,161.7216,1.7923
2016-07-14,9011.39,9044.02,8976.52,9042.76,154.9915,1.7140
2016-07-15,9039.88,9048.35,8952.61,8982.89,150.7593,1.6783
2016-07-18,8962.96,8990.29,8881.50,8937.86,147.7614,1.6532
2016-07-19,8928.64,8996.96,8883.77,8996.83,145.2921,1.6149
2016-07-20,8999.11,9044.37,8976.00,8997.89,139.7976,1.5537
2016-07-21,8991.33,9065.69,8964.62,9007.55,137.0314,1.5213
2016-07-22,9002.09,9022.06,8925.94,8931.97,134.1091,1.5015
2016-07-25,8911.94,8969.60,8875.78,8925.34,131.2313,1.4703
2016-07-26,8922.75,9035.88,8922.75,9035.56,129.9384,1.4381
2016-07-27,9037.50,9046.08,8488.95,8602.92,160.4521,1.8651
2016-07-28,8580.09,8636.49,8431.12,8571.56,163.6605,1.9093
2016-07-29,8565.25,8584.64,8457.97,8501.09,161.0183,1.8941
2016-08-01,8462.91,8462.91,8263.36,8363.61,166.4977,1.9907
2016-08-02,8353.42,8446.36,8353.14,8445.78,161.2636,1.9094
2016-08-03,8431.52,8491.26,8412.78,8482.20,155.3505,1.8315
2016-08-04,8474.26,8564.84,8447.36,8553.01,152.6454,1.7847
2016-08-05,8545.86,8571.18,8498.59,8505.36,146.9272,1.7275
2016-08-08,8480.79,8607.45,8426.64,8607.40,149.3474,1.7351
2016-08-09,8601.84,8699.69,8596.79,8699.39,146.0297,1.6786
2016-08-10,8694.38,8725.45,8668.06,8671.78,139.6983,1.6110
2016-08-11,8647.12,8667.25,8531.69,8531.69,139.7263,1.6377
2016-08-12,8515.52,8615.20,8507.65,8615.05,137.4280,1.5952
2016-08-15,8628.63,8821.69,8590.06,8807.83,144.1567,1.6367
2016-08-16,8813.21,8903.49,8812.60,8877.07,140.6927,1.5849
2016-08-17,8867.46,8933.03,8846.32,8911.75,136.8368,1.5355
2016-08-18,8899.19,8942.57,8880.26,8908.32,131.5134,1.4763
2016-08-19,8895.30,8945.17,8864.07,8923.36,127.9125,1.4335
2016-08-22,8921.91,8939.70,8809.22,8810.84,128.0959,1.4538
2016-08-23,8796.50,8847.65,8756.92,8820.21,125.4269,1.4220
2016-08-24,8824.72,8892.08,8815.47,8850.51,121.9399,1.3778
2016-08-25,8799.76,8799.76,8681.19,8784.58,125.3242,1.4266
2016-08-26,8799.49,8883.77,8794.91,8814.46,123.4575,1.4006
2016-08-29,8808.73,8860.04,8798.06,8836.99,119.0663,1.3474
2016-08-30,8842.42,8886.01,8822.25,8838.46,115.1158,1.3024
2016-08-31,8833.21,8844.47,8772.95,8838.38,112.0018,1.2672
2016-09-01,8831.60,8851.75,8770.75,8770.75,109.7874,1.2517
2016-09-02,8750.94,8790.00,8675.92,8724.94,110.0940,1.2618
2016-09-05,8743.74,8804.77,8739.65,8761.96,107.9323,1.2318
2016-09-06,8761.42,8907.17,8689.65,8906.87,115.7600,1.2997
2016-09-07,8908.51,8959.99,8886.79,8897.80,112.7200,1.2668
2016-09-08,8888.01,8939.42,8880.40,8938.43,108.8843,1.2182
2016-09-09,8934.27,8958.51,8872.31,8872.31,107.2640,1.2090
2016-09-12,8705.75,8737.99,8585.87,8587.40,120.0623,1.3981
2016-09-13,8635.58,8664.91,8595.50,8656.68,117.0228,1.3518
2016-09-14,8612.70,8664.10,8579.35,8618.15,114.7176,1.3311
2016-09-19,8630.65,8716.98,8630.65,8716.49,113.5828,1.3031
2016-09-20,8721.38,8724.89,8685.97,8712.28,108.2497,1.2425
2016-09-21,8705.25,8756.13,8704.93,8732.00,104.1747,1.1930
2016-09-22,8779.89,8801.57,8760.15,8770.09,101.7030,1.1597
2016-09-23,8773.90,8781.25,8728.06,8729.61,98.2378,1.1253
2016-09-26,8711.88,8712.23,8544.18,8544.18,104.4658,1.2227
2016-09-27,8521.01,8604.55,8477.80,8604.10,106.0575,1.2326
2016-09-28,8604.24,8613.14,8575.03,8592.13,101.2041,1.1779
2016-09-29,8597.29,8651.21,8597.25,8618.61,98.1953,1.1393
2016-09-30,8607.97,8669.15,8606.38,8661.02,95.6649,1.1045
2016-10-10,8699.71,8843.03,8687.75,8842.82,101.8324,1.1516
2016-10-11,8845.23,8903.88,8834.11,8903.46,99.5422,1.1180
2016-10-12,8879.66,8915.91,8862.01,8915.44,96.2821,1.0799
2016-10-13,8914.56,8952.76,8905.26,8929.51,92.7976,1.0392
2016-10-14,8913.74,8918.77,8845.37,8913.70,92.1792,1.0341
2016-10-17,8922.14,8940.04,8802.80,8832.09,95.3979,1.0801
2016-10-18,8822.79,8966.69,8822.79,8966.69,98.8623,1.1026
2016-10-19,8976.85,8992.07,8926.89,8954.20,96.4564,1.0772
2016-10-20,8957.47,9006.84,8953.29,8995.41,93.3917,1.0382
2016-10-21,8987.24,8991.04,8857.10,8943.01,96.6001,1.0802
2016-10-24,8940.54,9010.23,8918.21,9000.70,96.2730,1.0696
2016-10-25,9003.38,9039.95,9001.11,9039.48,92.1999,1.0200
2016-10-26,9041.93,9042.36,8966.46,9000.76,91.0356,1.0114
2016-10-27,8989.70,8997.86,8956.64,8997.02,87.6845,0.9746
2016-10-28,8988.22,9006.22,8913.06,8914.62,88.0756,0.9880
2016-10-31,8893.29,8920.66,8841.15,8910.51,87.4638,0.9816
2016-11-01,8914.68,9006.79,8914.58,9006.79,88.0935,0.9781
2016-11-02,8990.47,9006.79,8939.55,8946.74,86.6040,0.9680
2016-11-03,8922.04,9055.51,8914.68,9004.85,90.4773,1.0048
2016-11-04,9000.49,9040.35,8960.58,8979.93,89.7125,0.9990
2016-11-07,8981.43,9002.58,8946.76,8975.57,87.2916,0.9725
2016-11-08,8996.91,9042.72,8988.38,9030.73,85.8529,0.9507
2016-11-09,9027.95,9038.98,8853.89,8967.60,92.9413,1.0364
2016-11-10,9028.67,9084.76,9028.67,9083.84,94.6712,1.0422
2016-11-11,9080.44,9121.61,9064.25,9121.51,92.0061,1.0087
2016-11-14,9105.93,9162.30,9093.46,9152.17,90.3514,0.9872
2016-11-15,9152.19,9198.24,9123.28,9197.86,89.2520,0.9704
2016-11-16,9208.49,9236.68,9202.18,9211.95,85.6497,0.9298
2016-11-17,9197.92,9198.09,9131.90,9174.44,85.2497,0.9292
2016-11-18,9176.33,9191.47,9132.73,9146.21,83.3562,0.9114
2016-11-21,9138.06,9181.96,9135.20,9167.49,80.7422,0.8807
2016-11-22,9176.55,9244.55,9174.56,9244.21,80.4791,0.8706
2016-11-23,9250.04,9257.17,9161.52,9180.01,81.5628,0.8885
2016-11-24,9166.58,9185.56,9096.00,9116.57,82.1340,0.9009
2016-11-25,9109.17,9134.82,8957.16,9134.82,88.9573,0.9738
2016-11-28,9148.97,9163.65,9121.59,9133.91,85.6075,0.9372
2016-11-29,9120.59,9132.16,9031.29,9031.29,86.8227,0.9614
2016-11-30,9013.15,9053.17,8983.70,9014.91,85.5832,0.9494
2016-12-01,9021.97,9056.24,9021.97,9055.99,82.4222,0.9101
2016-12-02,9056.01,9060.63,8900.41,8900.41,87.9792,0.9885
2016-12-05,8818.61,8908.11,8793.09,8851.52,89.9107,1.0158
2016-12-06,8865.34,8896.55,8853.91,8871.73,86.7049,0.9773
2016-12-07,8870.30,8969.34,8855.41,8969.14,88.6496,0.9884
2016-12-08,8973.10,8974.18,8908.31,8914.51,87.0225,0.9762
2016-12-09,8903.74,8920.31,8864.07,8881.34,84.8237,0.9551
2016-12-12,8875.59,8879.45,8391.03,8397.48,113.7870,1.3550
2016-12-13,8371.37,8458.32,8299.28,8433.59,117.0194,1.3875
2016-12-14,8416.98,8464.95,8339.60,8378.06,117.6144,1.4038
2016-12-15,8347.61,8516.85,8340.85,8467.71,121.7848,1.4382
2016-12-16,8470.54,8565.79,8466.35,8559.99,120.1888,1.4041
2016-12-19,8554.96,8556.44,8521.12,8551.33,114.3803,1.3376
2016-12-20,8543.87,8561.34,8509.59,8546.19,109.9067,1.2860
2016-12-21,8558.28,8609.67,8558.28,8609.41,106.5905,1.2381
2016-12-22,8602.35,8618.37,8560.97,8607.95,103.0769,1.1975
2016-12-23,8602.67,8609.79,8502.05,8509.36,103.4100,1.2152
2016-12-26,8472.45,8547.25,8380.69,8547.10,107.9207,1.2627
2016-12-27,8541.00,8575.38,8534.15,8555.99,103.1571,1.2057
2016-12-28,8551.22,8568.13,8507.89,8521.38,100.0916,1.1746
2016-12-29,8505.46,8551.19,8484.44,8488.30,97.7100,1.1511
2016-12-30,8487.15,8516.61,8466.74,8490.86,94.2929,1.1105
2017-01-03,8503.66,8565.34,8503.66,8565.14,92.8777,1.0844
2017-01-04,8567.23,8670.16,8554.13,8669.95,94.5314,1.0903
2017-01-05,8665.23,8694.44,8657.74,8670.76,90.4006,1.0426
2017-01-06,8661.69,8666.66,8603.91,8609.90,88.7184,1.0304
2017-01-09,8595.91,8654.13,8578.99,8653.85,87.7485,1.0140
2017-01-10,8646.08,8666.90,8604.12,8609.55,85.9651,0.9985
2017-01-11,8592.75,8619.64,8514.63,8519.85,87.3254,1.0250
2017-01-12,8509.53,8536.59,8433.78,8443.26,88.4315,1.0474
2017-01-13,8434.00,8444.98,8277.79,8286.24,94.0571,1.1351
2017-01-16,8263.20,8263.98,7715.43,7931.96,128.1108,1.6151
2017-01-17,7900.93,8031.99,7808.21,8028.65,134.9444,1.6808
2017-01-18,8009.51,8036.38,7972.29,7989.14,129.8833,1.6257
2017-01-19,7966.47,8000.82,7927.71,7955.39,125.8281,1.5817
2017-01-20,7945.19,8102.39,7944.39,8087.77,128.1261,1.5842
2017-01-23,8100.04,8185.73,8100.04,8169.11,125.9714,1.5420
2017-01-24,8160.78,8163.78,8115.13,8123.59,120.8291,1.4874
2017-01-25,8107.67,8160.44,8099.99,8150.60,116.5163,1.4295
2017-01-26,8157.02,8206.01,8157.02,8205.87,112.1516,1.3667
2017-02-03,8212.41,8217.69,8157.67,8182.28,108.4279,1.3252
2017-02-06,8181.91,8280.01,8175.46,8280.01,108.1509,1.3062
2017-02-07,8271.76,8295.99,8233.80,8282.37,104.8680,1.2662
2017-02-08,8267.79,8342.52,8226.58,8342.43,105.6588,1.2665
2017-02-09,8338.00,8411.14,8330.80,8410.26,103.8504,1.2348
2017-02-10,8404.51,8414.18,8374.53,8380.79,99.2646,1.1844
2017-02-13,8373.75,8433.32,8363.25,8432.96,97.1793,1.1524
2017-02-14,8427.70,8433.14,8399.06,8423.84,92.6722,1.1001
2017-02-15,8415.57,8434.52,8331.36,8344.07,93.4213,1.1196
2017-02-16,8333.81,8401.71,8329.71,8397.56,91.8912,1.0943
2017-02-17,8390.12,8401.07,8307.23,8324.42,92.0304,1.1055
2017-02-20,8318.28,8397.43,8312.56,8397.24,91.5190,1.0899
2017-02-21,8399.04,8479.61,8393.54,8479.61,91.1298,1.0747
2017-02-22,8477.75,8510.42,8457.63,8510.31,88.3912,1.0386
2017-02-23,8507.96,8515.45,8460.44,8512.70,86.0068,1.0103
2017-02-24,8500.70,8544.32,8487.50,8543.45,83.9221,0.9823
2017-02-27,8534.72,8546.62,8470.75,8476.91,83.3469,0.9832
2017-02-28,8470.44,8508.35,8460.48,8508.09,80.8128,0.9498
2017-03-01,8497.89,8548.82,8491.74,8526.47,79.1176,0.9279
2017-03-02,8529.58,8539.11,8467.39,8471.44,78.5892,0.9277
2017-03-03,8450.97,8509.88,8425.39,8505.45,79.0107,0.9289
2017-03-06,8513.21,8608.40,8513.21,8608.15,80.7207,0.9377
2017-03-07,8614.85,8625.52,8574.29,8624.47,78.6142,0.9115
2017-03-08,8622.11,8624.44,8563.97,8589.87,77.3203,0.9001
2017-03-09,8578.89,8579.25,8513.65,8535.56,77.2417,0.9049
2017-03-10,8526.54,8561.52,8519.67,8537.78,74.7137,0.8751
2017-03-13,8529.17,8598.52,8477.70,8598.52,78.0071,0.9072
2017-03-14,8604.77,8618.29,8563.61,8581.71,76.3408,0.8896
2017-03-15,8563.47,8582.90,8540.10,8574.03,73.9451,0.8624
2017-03-16,8582.96,8664.98,8582.96,8664.98,75.1597,0.8674
2017-03-17,8671.52,8704.85,8601.57,8603.87,77.1683,0.8969
2017-03-20,8594.71,8635.08,8569.83,8634.84,76.3170,0.8838
2017-03-21,8629.06,8640.10,8607.66,8639.57,73.1829,0.8471
2017-03-22,8604.61,8625.41,8547.05,8592.51,74.5641,0.8678
2017-03-23,8592.34,8624.07,8500.52,8590.96,78.0631,0.9087
2017-03-24,8583.95,8606.61,8552.68,8602.29,76.3393,0.8874
2017-03-27,8603.23,8611.40,8570.86,8586.91,73.7822,0.8592
2017-03-28,8579.05,8591.84,8546.12,8558.07,71.7778,0.8387
2017-03-29,8555.99,8565.86,8484.74,8488.22,72.4451,0.8535
2017-03-30,8471.24,8473.34,8303.00,8315.05,80.5004,0.9681
2017-03-31,8314.08,8351.42,8291.69,8339.15,79.0168,0.9475
2017-04-05,8369.39,8522.01,8369.39,8522.01,86.4342,1.0142
2017-04-06,8531.20,8557.52,8514.09,8543.66,83.3625,0.9757
2017-04-07,8539.14,8567.80,8523.30,8544.75,80.5866,0.9431
2017-04-10,8522.91,8523.40,8439.31,8449.16,82.3618,0.9748
2017-04-11,8432.47,8514.44,8373.84,8514.44,86.5217,1.0162
2017-04-12,8505.70,8505.92,8439.44,8444.39,85.6987,1.0149
2017-04-13,8429.73,8490.86,8423.30,8470.31,84.4031,0.9965
2017-04-14,8460.64,8463.06,8338.87,8345.65,87.7629,1.0516
2017-04-17,8309.78,8309.78,8183.07,8220.66,93.1070,1.1326
2017-04-18,8216.21,8247.05,8133.05,8136.41,94.5993,1.1627
2017-04-19,8101.80,8101.80,7939.29,8033.50,101.9222,1.2687
2017-04-20,8021.06,8059.11,7925.30,7987.65,104.1999,1.3045
2017-04-21,7984.47,8014.83,7938.32,7945.39,102.2221,1.2866
2017-04-24,7921.42,7921.42,7698.10,7698.28,112.5841,1.4625
2017-04-25,7699.98,7779.67,7691.32,7724.00,110.8531,1.4352
2017-04-26,7721.66,7763.07,7718.76,7751.94,106.1000,1.3687
2017-04-27,7737.07,7810.11,7593.02,7799.12,114.0278,1.4621
2017-04-28,7777.75,7842.11,7768.05,7842.08,111.1730,1.4176
2017-05-02,7831.44,7851.41,7811.84,7845.47,106.0585,1.3518
2017-05-03,7832.02,7860.30,7796.82,7830.64,103.0172,1.3156
2017-05-04,7804.78,7877.32,7763.84,7804.58,103.7645,1.3295
2017-05-05,7780.14,7787.57,7700.21,7700.26,103.8078,1.3481
2017-05-08,7679.16,7691.48,7555.06,7555.28,106.7644,1.4131
2017-05-09,7522.22,7603.36,7475.41,7602.96,108.2776,1.4242
2017-05-10,7597.77,7637.64,7451.36,7451.78,113.8492,1.5278
2017-05-11,7400.42,7408.11,7199.41,7387.15,123.7436,1.6751
2017-05-12,7368.07,7395.36,7306.38,7371.30,121.2604,1.6450
2017-05-15,7386.20,7425.32,7386.20,7391.61,116.4576,1.5755
2017-05-16,7377.76,7549.92,7324.14,7549.76,124.2663,1.6460
2017-05-17,7545.21,7609.53,7538.67,7570.44,120.4516,1.5911
2017-05-18,7509.41,7581.83,7490.78,7519.19,118.3515,1.5740
2017-05-19,7517.13,7540.92,7472.28,7510.11,114.8006,1.5286
2017-05-22,7500.51,7521.63,7354.07,7372.79,118.5692,1.6082
2017-05-23,7352.25,7359.78,7132.31,7138.24,127.2771,1.7830
2017-05-24,7099.27,7172.66,6996.64,7172.14,130.7587,1.8231
2017-05-25,7160.16,7241.23,7078.55,7232.63,133.0388,1.8394
2017-05-26,7224.81,7265.15,7221.08,7233.34,126.6839,1.7514
2017-05-31,7303.58,7327.32,7211.07,7212.70,125.9386,1.7461
2017-06-01,7191.69,7191.69,7015.87,7016.30,131.0023,1.8671
2017-06-02,6989.44,7105.03,6927.92,7094.43,134.2957,1.8930
2017-06-05,7102.50,7172.44,7099.62,7160.53,130.2753,1.8194
2017-06-06,7147.17,7198.30,7136.46,7197.62,125.3871,1.7421
2017-06-07,7194.69,7347.60,7192.86,7347.60,127.4837,1.7350
2017-06-08,7349.93,7374.86,7327.07,7342.48,121.7913,1.6587
2017-06-09,7331.51,7353.41,7288.32,7348.52,117.7412,1.6022
2017-06-12,7314.67,7322.47,7241.07,7246.71,117.0061,1.6146
2017-06-13,7234.28,7358.43,7232.69,7352.98,117.6300,1.5998
2017-06-14,7346.52,7382.58,7340.70,7362.86,112.2192,1.5241
2017-06-15,7350.01,7468.21,7348.42,7455.39,112.7600,1.5125
2017-06-16,7453.60,7463.05,7433.42,7442.95,106.8222,1.4352
2017-06-19,7435.25,7489.82,7435.24,7489.76,103.0906,1.3764
2017-06-20,7496.89,7542.13,7495.72,7503.80,99.4677,1.3256
2017-06-21,7510.01,7521.21,7456.56,7504.19,96.9807,1.2924
2017-06-22,7495.92,7506.41,7371.96,7371.96,99.6571,1.3518
2017-06-23,7355.76,7383.93,7262.41,7376.67,101.2187,1.3721
2017-06-26,7370.62,7462.25,7363.39,7462.10,101.0502,1.3542
2017-06-27,7461.40,7493.82,7442.85,7474.03,97.4731,1.3042
2017-06-28,7457.36,7457.71,7411.38,7423.47,94.9857,1.2795
2017-06-29,7424.97,7480.74,7424.97,7456.67,92.2917,1.2377
2017-06-30,7435.70,7473.27,7416.45,7465.76,89.7580,1.2023
2017-07-03,7468.15,7537.33,7460.44,7537.11,88.8389,1.1787
2017-07-04,7533.99,7540.94,7506.52,7523.70,84.9518,1.1291
2017-07-05,7520.86,7588.12,7510.53,7588.09,84.4260,1.1126
2017-07-06,7583.15,7613.26,7543.34,7601.79,83.3898,1.0970
2017-07-07,7585.33,7623.50,7576.81,7623.38,80.7684,1.0595
2017-07-10,7613.31,7626.85,7567.10,7577.82,79.2671,1.0460
2017-07-11,7566.41,7575.47,7484.06,7484.06,80.3023,1.0730
2017-07-12,7471.56,7494.95,7367.26,7474.33,83.6871,1.1197
2017-07-13,7463.28,7494.73,7452.13,7474.30,80.7524,1.0804
2017-07-14,7460.53,7465.54,7415.58,7433.18,79.1786,1.0652
2017-07-17,7405.91,7405.91,7048.54,7048.54,100.9973,1.4329
2017-07-18,7013.31,7109.94,6988.52,7109.60,102.4560,1.4411
2017-07-19,7097.54,7202.95,7081.51,7202.81,103.8120,1.4413
2017-07-20,7199.68,7273.98,7192.07,7244.90,102.2476,1.4113
2017-07-21,7232.81,7268.24,7227.96,7252.71,97.8214,1.3488
2017-07-24,7235.01,7295.28,7228.84,7292.65,95.5798,1.3106
2017-07-25,7281.39,7297.11,7237.52,7278.84,93.0091,1.2778
2017-07-26,7275.88,7290.14,7238.27,7289.88,90.0706,1.2356
2017-07-27,7274.15,7388.29,7252.46,7383.11,93.3391,1.2642
2017-07-28,7366.55,7400.37,7361.36,7386.21,89.4585,1.2112
2017-07-31,7382.96,7445.25,7371.04,7444.96,88.3693,1.1870
2017-08-01,7444.75,7456.41,7416.97,7452.93,84.8744,1.1388
2017-08-02,7445.29,7453.20,7385.35,7389.51,83.6583,1.1321
2017-08-03,7374.47,7451.61,7368.53,7424.11,83.6170,1.1263
2017-08-04,7417.31,7447.36,7389.15,7389.15,81.8022,1.1071
2017-08-07,7379.03,7445.68,7379.03,7445.18,80.7199,1.0842
2017-08-08,7446.23,7482.25,7423.21,7470.69,79.1714,1.0598
2017-08-09,7469.29,7495.80,7455.69,7495.39,76.3813,1.0190
2017-08-10,7478.93,7499.87,7381.21,7441.24,79.4012,1.0670
2017-08-11,7389.74,7425.30,7318.48,7328.40,82.4982,1.1257
2017-08-14,7331.64,7475.20,7331.64,7474.64,87.0912,1.1652
2017-08-15,7477.27,7507.76,7462.44,7507.29,84.1076,1.1203
2017-08-16,7502.57,7553.50,7475.20,7544.39,83.6927,1.1093
2017-08-17,7547.78,7615.75,7545.63,7614.21,82.8118,1.0876
2017-08-18,7564.98,7595.27,7547.67,7576.05,81.6496,1.0777
2017-08-21,7583.08,7631.95,7583.05,7631.75,79.8103,1.0458
2017-08-22,7622.99,7622.99,7567.69,7585.11,78.6853,1.0374
2017-08-23,7572.08,7581.20,7516.69,7534.46,77.9520,1.0346
2017-08-24,7531.84,7540.77,7470.35,7486.06,77.4140,1.0341
2017-08-25,7483.85,7566.03,7483.85,7559.31,77.7545,1.0286
2017-08-28,7563.54,7656.79,7563.54,7642.65,79.1634,1.0358
2017-08-29,7639.01,7653.18,7607.19,7623.26,76.7939,1.0074
2017-08-30,7618.38,7663.33,7618.38,7654.37,74.5193,0.9736
2017-08-31,7654.34,7680.31,7639.78,7679.87,72.0915,0.9387
2017-09-01,7687.84,7740.29,7674.20,7739.91,71.6628,0.9259
2017-09-04,7739.87,7798.51,7730.11,7798.18,71.4298,0.9160
2017-09-05,7790.70,7803.90,7751.47,7800.54,70.0727,0.8983
2017-09-06,7776.99,7858.35,7766.04,7858.28,71.6610,0.9119
2017-09-07,7859.40,7886.92,7819.32,7823.40,71.3710,0.9123
2017-09-08,7816.21,7861.04,7789.33,7838.80,71.3952,0.9108
2017-09-11,7835.82,7920.86,7832.68,7920.69,72.5941,0.9165
2017-09-12,7926.47,7965.69,7883.66,7899.42,73.2681,0.9275
2017-09-13,7888.84,7928.95,7872.76,7928.75,72.0482,0.9087
2017-09-14,7930.83,7951.84,7885.68,7916.67,71.6276,0.9048
2017-09-15,7902.20,7904.36,7846.92,7880.57,71.4935,0.9072
2017-09-18,7870.64,7941.94,7870.64,7941.68,71.4797,0.9001
2017-09-19,7941.07,7948.30,7880.96,7905.71,71.1840,0.9004
2017-09-20,7896.82,7975.61,7883.28,7975.39,72.6944,0.9115
2017-09-21,7974.71,7981.78,7886.52,7886.52,74.3063,0.9422
2017-09-22,7860.86,7873.25,7807.83,7849.73,74.6194,0.9506
2017-09-25,7835.20,7843.28,7725.57,7731.80,78.1580,1.0109
2017-09-26,7723.11,7751.06,7697.11,7746.24,76.4289,0.9867
2017-09-27,7745.59,7812.88,7742.47,7810.23,75.9989,0.9731
2017-09-28,7800.13,7818.99,7766.86,7768.38,74.2940,0.9564
2017-09-29,7779.88,7842.96,7779.88,7842.59,74.3144,0.9476
2017-10-09,7921.73,7945.04,7894.30,7941.18,76.3241,0.9611
2017-10-10,7934.37,7994.74,7925.55,7994.46,75.8145,0.9483
2017-10-11,7991.22,7997.99,7953.95,7961.11,73.5449,0.9238
2017-10-12,7951.67,7962.31,7886.24,7940.14,73.7253,0.9285
2017-10-13,7934.43,7972.67,7926.76,7972.42,71.7385,0.8998
2017-10-16,7963.52,7964.26,7817.24,7819.59,77.6986,0.9936
2017-10-17,7799.78,7836.40,7772.89,7805.07,76.6851,0.9825
2017-10-18,7806.88,7829.99,7729.05,7730.27,78.4176,1.0144
2017-10-19,7718.80,7734.90,7637.61,7656.06,79.7656,1.0419
2017-10-20,7650.08,7751.43,7647.06,7751.43,81.5231,1.0517
2017-10-23,7753.69,7793.81,7746.89,7793.54,79.0514,1.0143
2017-10-24,7786.30,7786.30,7702.55,7752.92,79.9042,1.0306
2017-10-25,7745.32,7799.87,7740.49,7799.75,78.4382,1.0057
2017-10-26,7791.74,7836.70,7783.91,7830.11,76.6062,0.9784
2017-10-27,7821.56,7831.02,7762.64,7770.71,76.0186,0.9783
2017-10-30,7753.68,7755.66,7531.29,7574.65,87.6901,1.1577
2017-10-31,7563.65,7631.92,7560.90,7631.53,86.4994,1.1334
2017-11-01,7630.42,7659.37,7622.94,7635.44,82.9230,1.0860
2017-11-02,7622.84,7622.84,7540.89,7542.35,83.7535,1.1104
2017-11-03,7534.44,7549.83,7436.43,7476.98,85.8711,1.1485
2017-11-06,7476.19,7551.89,7453.20,7551.35,86.7868,1.1493
2017-11-07,7548.38,7596.42,7530.04,7596.17,85.3291,1.1233
2017-11-08,7585.91,7653.42,7578.69,7617.52,84.5720,1.1102
2017-11-09,7610.89,7657.25,7609.24,7656.67,81.9605,1.0704
2017-11-10,7649.47,7677.70,7634.65,7669.97,79.1812,1.0324
2017-11-13,7673.52,7682.06,7649.43,7681.63,75.8561,0.9875
2017-11-14,7676.70,7683.23,7596.80,7627.49,76.6114,1.0044
2017-11-15,7609.72,7618.40,7530.81,7556.42,78.0448,1.0328
2017-11-16,7543.01,7575.51,7523.89,7535.59,76.1573,1.0106
2017-11-17,7528.80,7529.21,7262.89,7272.66,90.1961,1.2402
2017-11-20,7234.33,7292.51,7089.63,7292.46,98.2449,1.3472
2017-11-21,7283.61,7332.98,7246.20,7289.31,97.4260,1.3366
2017-11-22,7290.64,7330.65,7244.99,7297.39,96.5856,1.3236
2017-11-23,7283.75,7283.75,7124.03,7129.05,102.0695,1.4317
2017-11-24,7102.26,7165.41,7093.73,7139.55,99.8988,1.3992
2017-11-27,7130.10,7148.31,7057.33,7065.84,99.2617,1.4048
2017-11-28,7057.53,7177.10,7057.36,7176.92,100.7245,1.4034
2017-11-29,7176.16,7194.78,7110.48,7193.12,99.5513,1.3840
2017-11-30,7176.15,7199.27,7133.81,7153.57,97.1162,1.3576
2017-12-01,7144.48,7221.00,7144.07,7215.78,95.6743,1.3259
2017-12-04,7209.78,7215.28,7135.40,7139.75,94.5819,1.3247
2017-12-05,7124.98,7139.70,6909.40,6946.56,104.2796,1.5012
2017-12-06,6925.46,7016.87,6879.24,7016.76,106.6618,1.5201
2017-12-07,7002.46,7052.22,6992.92,7012.71,103.2788,1.4727
2017-12-08,7004.12,7091.61,7002.64,7078.00,102.2567,1.4447
2017-12-11,7089.95,7160.84,7089.92,7160.43,100.8698,1.4087
2017-12-12,7157.73,7157.73,7095.23,7095.59,98.3220,1.3857
2017-12-13,7080.62,7140.20,7078.26,7139.72,95.7233,1.3407
2017-12-14,7131.27,7149.22,7103.92,7146.45,92.1216,1.2891
2017-12-15,7137.04,7146.71,7092.26,7122.75,89.4308,1.2556
2017-12-18,7113.78,7120.85,7049.30,7075.87,88.2893,1.2478
2017-12-19,7070.22,7116.09,7069.88,7115.85,85.2836,1.1985
2017-12-20,7106.66,7112.59,7029.70,7041.50,85.3455,1.2120
2017-12-21,7029.02,7064.67,6963.13,7051.34,86.5023,1.2267
2017-12-22,7043.39,7063.81,7027.20,7037.40,82.9385,1.1785
2017-12-25,7031.03,7034.20,6927.32,6940.51,84.8772,1.2229
2017-12-26,6935.04,6970.98,6893.62,6970.75,84.3403,1.2099
2017-12-27,6963.06,6985.49,6935.88,6942.54,81.8595,1.1791
2017-12-28,6929.54,6979.08,6925.07,6956.48,79.8703,1.1481
2017-12-29,6957.02,7018.06,6956.59,7017.35,78.5638,1.1196
2018-01-02,7027.63,7092.22,7022.23,7092.09,78.3000,1.1040
2018-01-03,7090.87,7163.86,7083.11,7159.88,78.4750,1.0960
2018-01-04,7149.68,7175.35,7141.70,7174.87,75.2732,1.0491
2018-01-05,7172.00,7194.98,7163.04,7176.87,72.1780,1.0057
2018-01-08,7172.04,7188.55,7132.94,7188.29,70.9945,0.9876
2018-01-09,7179.93,7183.28,7156.20,7176.74,68.2156,0.9505
2018-01-10,7172.73,7175.08,7089.66,7138.78,69.5631,0.9744
2018-01-11,7121.46,7180.33,7093.73,7175.40,70.7800,0.9864
2018-01-12,7166.75,7174.84,7125.23,7127.83,69.3079,0.9724
2018-01-15,7103.61,7103.70,6912.71,6929.31,79.7230,1.1505
2018-01-16,6916.16,6960.73,6915.99,6960.68,77.2242,1.1094
2018-01-17,6938.72,6948.32,6846.56,6942.86,79.8597,1.1502
2018-01-18,6928.09,6963.62,6926.59,6955.23,76.8004,1.1042
2018-01-19,6953.34,6981.81,6928.65,6938.31,75.1118,1.0826
2018-01-22,6928.80,7014.83,6902.63,7014.55,77.7610,1.1086
2018-01-23,7008.97,7028.57,6996.64,7019.98,74.4873,1.0611
2018-01-24,7008.47,7072.87,6972.69,7072.41,76.3225,1.0792
2018-01-25,7065.30,7110.15,7057.64,7062.64,74.6216,1.0566
2018-01-26,7043.27,7070.60,7038.00,7056.01,71.6201,1.0150
2018-01-29,7052.31,7060.12,6956.20,6972.48,73.9272,1.0603
2018-01-30,6955.68,6977.10,6944.80,6955.24,70.9538,1.0201
2018-01-31,6913.36,6913.36,6773.99,6791.01,78.8321,1.1608
2018-02-01,6775.36,6792.99,6505.76,6506.45,93.7177,1.4404
2018-02-02,6454.45,6493.22,6322.58,6487.87,100.1571,1.5438
2018-02-05,6403.08,6485.75,6379.83,6461.81,100.7202,1.5587
2018-02-06,6353.20,6383.18,6142.40,6142.67,116.3409,1.8940
2018-02-07,6236.46,6270.57,6042.63,6158.26,124.3123,2.0186
2018-02-08,6141.78,6243.74,6138.17,6238.22,122.9735,1.9713
2018-02-09,6100.35,6142.31,5983.77,6053.02,132.3647,2.1868
2018-02-12,6074.46,6216.52,6074.46,6203.75,134.5887,2.1695
2018-02-13,6229.38,6268.78,6211.63,6216.51,129.6202,2.0851
2018-02-14,6216.38,6230.73,6182.89,6230.66,123.7787,1.9866
2018-02-22,6269.37,6347.15,6269.37,6347.08,123.2581,1.9420
2018-02-23,6346.82,6367.06,6316.54,6365.92,118.0625,1.8546
2018-02-26,6396.51,6509.62,6382.15,6507.13,119.8938,1.8425
2018-02-27,6506.40,6540.75,6491.53,6529.38,114.8457,1.7589
2018-02-28,6488.25,6581.08,6461.37,6563.81,115.1931,1.7550
2018-03-01,6530.22,6658.94,6517.59,6658.58,117.0615,1.7581
2018-03-02,6621.53,6672.96,6612.46,6632.37,113.0214,1.7041
2018-03-05,6648.26,6674.41,6626.42,6674.28,108.3763,1.6238
2018-03-06,6679.27,6735.96,6679.05,6735.86,105.0408,1.5594
2018-03-07,6726.80,6740.08,6682.64,6688.55,101.6408,1.5196
2018-03-08,6679.04,6725.42,6678.68,6725.18,97.7193,1.4530
2018-03-09,6725.43,6839.72,6722.68,6837.13,99.0993,1.4494
2018-03-12,6865.44,6947.65,6865.44,6947.46,99.9151,1.4382
2018-03-13,6937.12,6963.85,6906.65,6911.67,96.8640,1.4015
2018-03-14,6886.02,6908.11,6831.75,6834.84,95.6537,1.3995
2018-03-15,6809.85,6838.89,6743.40,6824.05,95.6420,1.4015
2018-03-16,6821.23,6861.68,6805.93,6805.93,92.7926,1.3634
2018-03-19,6796.35,6856.09,6773.55,6820.50,92.0603,1.3498
2018-03-20,6768.71,6826.78,6749.81,6822.25,90.9824,1.3336
2018-03-21,6826.22,6875.52,6766.94,6771.06,92.2394,1.3623
2018-03-22,6767.26,6804.24,6729.16,6764.69,91.0137,1.3454
2018-03-23,6565.98,6625.10,6336.25,6402.89,115.1156,1.7979
2018-03-26,6313.90,6515.33,6257.96,6515.25,125.2766,1.9228
2018-03-27,6570.42,6692.97,6570.42,6680.84,129.0226,1.9312
2018-03-28,6602.63,6684.00,6586.97,6635.87,126.7374,1.9099
2018-03-29,6648.89,6686.74,6635.82,6684.28,121.3219,1.8150
2018-03-30,6699.46,6799.02,6699.46,6798.67,120.8517,1.7776
2018-04-02,6818.12,6875.64,6806.19,6835.87,117.7173,1.7221
2018-04-03,6745.21,6776.00,6712.49,6769.56,118.1218,1.7449
2018-04-04,6783.34,6804.04,6704.10,6708.92,116.8231,1.7413
2018-04-09,6680.40,6747.70,6627.68,6718.65,117.0514,1.7422
2018-04-10,6721.91,6731.55,6649.89,6720.77,114.5235,1.7040
2018-04-11,6736.22,6778.18,6731.35,6759.81,110.4439,1.6338
2018-04-12,6748.47,6772.43,6718.51,6727.64,106.4065,1.5816
2018-04-13,6753.35,6771.12,6710.71,6721.66,103.1211,1.5342
2018-04-16,6704.34,6750.18,6657.95,6717.93,102.3431,1.5234
2018-04-17,6727.42,6739.17,6559.04,6564.69,107.8993,1.6436
2018-04-18,6597.33,6668.39,6483.09,6661.29,113.4279,1.7028
2018-04-19,6649.05,6717.53,6642.06,6677.09,110.7167,1.6582
2018-04-20,6649.99,6670.49,6528.92,6535.96,113.3919,1.7349
2018-04-23,6532.72,6557.76,6394.42,6466.52,116.9596,1.8087
2018-04-24,6459.48,6606.58,6459.48,6606.58,119.1125,1.8029
2018-04-25,6571.66,6641.54,6563.66,6632.02,116.1673,1.7516
2018-04-26,6621.46,6623.95,6509.51,6510.53,116.6204,1.7913
2018-04-27,6528.73,6549.29,6462.70,6517.05,114.4754,1.7566
2018-05-02,6516.60,6551.25,6442.78,6486.81,114.0464,1.7581
2018-05-03,6471.17,6546.03,6393.12,6545.27,116.8224,1.7848
2018-05-04,6524.02,6565.72,6511.53,6531.29,112.3486,1.7202
2018-05-07,6538.13,6646.68,6538.13,6646.58,112.5659,1.6936
2018-05-08,6647.34,6678.46,6637.65,6678.14,107.4404,1.6088
2018-05-09,6666.77,6685.69,6642.20,6674.91,102.8726,1.5412
2018-05-10,6682.12,6703.67,6651.67,6703.21,99.2388,1.4805
2018-05-11,6705.31,6707.82,6635.55,6636.77,97.3125,1.4663
2018-05-14,6625.03,6639.84,6573.46,6591.73,95.1030,1.4428
2018-05-15,6592.65,6661.42,6568.73,6661.13,94.9306,1.4251
2018-05-16,6638.67,6670.65,6616.74,6622.64,92.0006,1.3892
2018-05-17,6616.44,6631.07,6576.53,6591.26,89.3248,1.3552
2018-05-18,6583.87,6621.15,6555.42,6620.77,87.6395,1.3237
2018-05-21,6654.05,6705.83,6653.98,6697.14,87.4552,1.3059
2018-05-22,6691.80,6724.74,6675.97,6724.40,84.6920,1.2595
2018-05-23,6702.49,6707.83,6652.29,6652.29,83.7933,1.2596
2018-05-24,6649.01,6666.73,6625.54,6628.50,80.7502,1.2182
2018-05-25,6622.51,6630.02,6536.35,6541.45,81.6730,1.2485
2018-05-28,6526.84,6543.06,6463.57,6490.40,81.5171,1.2560
2018-05-29,6481.82,6522.83,6436.31,6436.77,81.8745,1.2720
2018-05-30,6345.94,6351.51,6222.10,6232.42,91.3599,1.4659
2018-05-31,6274.76,6315.84,6231.16,6315.17,90.8827,1.4391
2018-06-01,6285.05,6324.89,6209.11,6243.73,92.6611,1.4841
2018-06-04,6252.26,6265.58,6192.91,6215.61,91.2332,1.4678
2018-06-05,6210.98,6316.48,6210.98,6316.42,92.2522,1.4605
2018-06-06,6308.79,6331.75,6295.90,6320.47,88.2235,1.3958
2018-06-07,6334.40,6340.68,6268.77,6274.88,87.0582,1.3874
2018-06-08,6261.68,6261.68,6159.99,6205.96,89.0462,1.4349
2018-06-11,6187.62,6197.94,6133.47,6151.94,87.8636,1.4282
2018-06-12,6152.02,6199.32,6086.60,6199.15,89.6391,1.4460
2018-06-13,6180.98,6180.98,6091.40,6092.34,90.9327,1.4926
2018-06-14,6069.26,6125.31,6040.09,6060.13,90.5247,1.4938
2018-06-15,6054.89,6069.75,5900.13,5928.07,96.1743,1.6224
2018-06-19,5821.04,5829.58,5463.37,5522.53,122.4976,2.2181
2018-06-20,5485.06,5612.48,5458.53,5588.27,124.7442,2.2323
2018-06-21,5578.24,5623.96,5454.83,5456.91,127.9146,2.3441
2018-06-22,5413.38,5545.15,5384.05,5541.37,130.2850,2.3511
2018-06-25,5579.44,5592.62,5508.64,5512.43,126.9775,2.3035
2018-06-26,5434.39,5563.36,5411.50,5558.71,128.7548,2.3163
2018-06-27,5557.59,5583.63,5489.92,5508.92,126.2516,2.2918
2018-06-28,5494.95,5547.57,5439.87,5443.85,124.9265,2.2948
2018-06-29,5441.96,5608.54,5435.49,5608.54,128.3639,2.2887
2018-07-02,5601.74,5625.50,5495.09,5538.09,128.5100,2.3205
2018-07-03,5531.58,5602.06,5450.21,5601.59,130.1772,2.3239
2018-07-04,5574.18,5580.17,5478.66,5500.67,129.6595,2.3572
2018-07-05,5484.07,5507.81,5352.66,5352.66,131.4803,2.4564
2018-07-06,5345.88,5442.08,5251.50,5374.58,135.7017,2.5249
2018-07-09,5378.81,5487.80,5378.81,5487.55,134.0959,2.4436
2018-07-10,5487.34,5525.03,5474.14,5524.80,128.1526,2.3196
2018-07-11,5441.24,5442.01,5317.70,5396.31,133.7917,2.4793
2018-07-12,5385.81,5552.72,5385.81,5541.36,136.1573,2.4571
2018-07-13,5539.14,5570.52,5533.65,5561.69,129.0653,2.3206
2018-07-16,5552.22,5573.88,5533.13,5566.96,122.7571,2.2051
2018-07-17,5557.91,5575.79,5507.15,5575.47,118.8916,2.1324
2018-07-18,5573.02,5612.90,5544.52,5544.52,115.2836,2.0792
2018-07-19,5533.12,5559.66,5460.47,5480.77,114.1341,2.0824
2018-07-20,5469.79,5552.16,5438.07,5541.21,114.1309,2.0597
2018-07-23,5509.24,5582.41,5493.77,5582.31,112.3101,2.0119
2018-07-24,5578.72,5674.31,5572.98,5672.22,111.5258,1.9662
2018-07-25,5669.99,5702.28,5662.85,5685.59,106.3761,1.8710
2018-07-26,5681.07,5695.23,5649.39,5663.18,102.0521,1.8020
2018-07-27,5655.31,5669.01,5617.91,5630.23,98.4127,1.7479
2018-07-30,5618.90,5634.45,5523.85,5549.04,99.2832,1.7892
2018-07-31,5536.71,5562.55,5513.99,5542.54,95.6601,1.7259
2018-08-01,5553.76,5578.33,5456.21,5456.21,97.5501,1.7879
2018-08-02,5431.13,5431.13,5207.48,5325.80,108.3487,2.0344
2018-08-03,5313.05,5335.60,5255.63,5255.63,106.3216,2.0230
2018-08-06,5234.67,5264.86,5113.34,5144.64,109.5501,2.1294
2018-08-07,5149.37,5279.86,5108.26,5279.64,113.9822,2.1589
2018-08-08,5263.17,5278.25,5187.61,5191.79,112.4142,2.1652
2018-08-09,5166.38,5329.84,5155.06,5307.97,116.8689,2.2018
2018-08-10,5299.49,5344.72,5296.50,5342.05,111.9654,2.0959
2018-08-13,5278.16,5369.60,5256.58,5369.18,112.0407,2.0867
2018-08-14,5357.72,5376.26,5334.93,5351.02,106.9900,1.9994
2018-08-15,5347.69,5350.61,5237.00,5242.09,107.4921,2.0506
2018-08-16,5175.42,5244.66,5127.14,5178.24,108.2084,2.0897
2018-08-17,5210.23,5233.50,5073.40,5084.21,111.9149,2.2012
2018-08-20,5071.14,5103.63,4994.32,5103.63,111.7289,2.1892
2018-08-21,5097.20,5171.56,5085.90,5162.03,109.8668,2.1284
2018-08-22,5151.44,5156.25,5098.61,5102.36,106.5492,2.0882
2018-08-23,5095.36,5151.31,5087.51,5133.33,103.4957,2.0162
2018-08-24,5122.68,5147.56,5100.14,5116.14,99.4903,1.9446
2018-08-27,5121.19,5229.36,5121.19,5229.36,100.4710,1.9213
2018-08-28,5229.62,5244.15,5212.39,5233.50,95.5630,1.8260
2018-08-29,5229.07,5229.11,5190.14,5203.71,91.8342,1.7648
2018-08-30,5193.69,5206.95,5112.18,5114.27,92.0439,1.7997
2018-08-31,5096.55,5107.69,5047.62,5057.98,90.2301,1.7839
2018-09-03,5049.73,5055.28,4973.74,5054.11,89.8022,1.7768
2018-09-04,5047.81,5123.26,5042.82,5113.15,89.1335,1.7432
2018-09-05,5100.34,5115.72,5032.50,5032.50,88.7111,1.7628
2018-09-06,5016.83,5071.11,4991.78,5012.51,88.0410,1.7564
2018-09-07,5018.23,5084.40,4989.04,5022.28,88.5638,1.7634
2018-09-10,5016.79,5019.47,4921.79,4923.64,89.4157,1.8160
2018-09-11,4917.07,4950.63,4884.90,4925.30,87.7238,1.7811
2018-09-12,4922.35,4956.46,4902.41,4919.81,85.3186,1.7342
2018-09-13,4955.79,4978.36,4888.12,4958.16,85.6701,1.7279
2018-09-14,4958.70,4965.66,4907.09,4907.93,83.7344,1.7061
2018-09-17,4885.23,4885.23,4812.93,4831.56,84.5391,1.7497
2018-09-18,4815.76,4917.39,4813.60,4917.35,85.9141,1.7472
2018-09-19,4904.24,5001.86,4895.85,4970.01,87.3496,1.7575
2018-09-20,4961.66,4984.75,4944.65,4951.58,83.9746,1.6959
2018-09-21,4957.27,5015.24,4931.35,5011.69,83.9685,1.6755
2018-09-25,4980.30,5014.02,4965.99,4995.70,81.4015,1.6294
2018-09-26,4996.35,5042.51,4987.91,5017.06,79.4871,1.5843
2018-09-27,5012.45,5018.40,4945.64,4945.69,79.0066,1.5975
2018-09-28,4947.72,4987.27,4935.42,4987.27,77.0668,1.5453
2018-10-08,4906.10,4916.87,4813.09,4817.43,84.0035,1.7437
2018-10-09,4826.32,4860.91,4790.67,4818.73,83.0204,1.7229
2018-10-10,4823.35,4842.98,4775.67,4812.43,81.8982,1.7018
2018-10-11,4662.96,4671.99,4428.60,4456.61,103.4648,2.3216
2018-10-12,4415.29,4446.95,4251.67,4427.68,110.7130,2.5005
2018-10-15,4435.08,4468.22,4352.27,4358.87,111.0871,2.5485
2018-10-16,4358.06,4391.39,4237.51,4261.17,114.1437,2.6787
2018-10-17,4311.05,4334.63,4192.82,4292.20,116.1199,2.7054
2018-10-18,4260.01,4260.01,4143.17,4149.44,118.4706,2.8551
2018-10-19,4080.12,4243.97,4066.27,4241.23,122.7013,2.8931
2018-10-22,4279.76,4491.31,4279.76,4452.74,131.7998,2.9600
2018-10-23,4448.91,4469.57,4352.66,4379.06,130.7362,2.9855
2018-10-24,4358.87,4424.91,4340.66,4377.55,127.4158,2.9107
2018-10-25,4245.30,4353.78,4223.32,4345.33,129.3311,2.9763
2018-10-26,4374.46,4412.23,4342.21,4359.47,125.0946,2.8695
2018-10-29,4341.91,4345.02,4275.72,4296.70,122.1414,2.8427
2018-10-30,4284.36,4358.47,4226.59,4336.65,122.8370,2.8325
2018-10-31,4342.11,4424.50,4337.53,4400.61,120.3379,2.7346
2018-11-01,4428.86,4493.60,4425.15,4428.74,118.3845,2.6731
2018-11-02,4490.63,4564.18,4483.98,4564.18,119.6027,2.6205
2018-11-05,4557.92,4620.71,4529.44,4598.20,117.5790,2.5571
2018-11-06,4585.58,4603.78,4543.71,4603.11,113.4712,2.4651
2018-11-07,4604.87,4650.36,4589.32,4592.84,109.7261,2.3891
2018-11-08,4617.91,4628.27,4568.67,4572.38,106.1457,2.3215
2018-11-09,4553.21,4596.76,4542.58,4561.21,102.4338,2.2458
2018-11-12,4560.86,4697.35,4556.30,4697.35,105.1921,2.2394
2018-11-13,4648.56,4816.84,4639.58,4790.45,110.3398,2.3033
2018-11-14,4784.86,4848.06,4776.79,4791.23,107.5491,2.2447
2018-11-15,4790.34,4871.09,4788.21,4871.09,105.7871,2.1717
2018-11-16,4880.87,4946.79,4867.08,4923.99,103.9244,2.1106
2018-11-19,4924.29,4942.49,4877.95,4942.49,101.1112,2.0458
2018-11-20,4899.32,4923.64,4808.41,4811.88,103.4661,2.1502
2018-11-21,4754.23,4848.73,4746.68,4847.04,103.3650,2.1325
2018-11-22,4858.48,4878.10,4831.09,4850.13,99.3396,2.0482
2018-11-23,4840.94,4841.40,4624.48,4642.12,108.3618,2.3343
2018-11-26,4631.42,4677.96,4610.58,4633.73,105.4345,2.2754
2018-11-27,4662.33,4693.83,4636.96,4671.64,102.1964,2.1876
2018-11-28,4669.66,4728.58,4607.61,4728.58,103.5373,2.1896
2018-11-29,4746.63,4758.25,4617.35,4617.35,106.2061,2.3002
2018-11-30,4604.27,4654.53,4549.44,4648.18,106.1264,2.2832
2018-12-03,4762.96,4820.21,4742.47,4802.29,110.8338,2.3079
2018-12-04,4793.32,4846.17,4782.95,4846.17,107.4328,2.2169
2018-12-05,4750.55,4846.75,4734.98,4816.99,107.7426,2.2367
2018-12-06,4796.41,4814.71,4724.53,4730.91,106.6510,2.2543
2018-12-07,4738.17,4755.33,4711.36,4731.90,102.1738,2.1593
2018-12-10,4698.55,4711.32,4660.73,4676.62,99.9592,2.1374
2018-12-11,4691.59,4720.47,4685.30,4720.47,95.9514,2.0327
2018-12-12,4733.07,4740.99,4706.39,4718.82,91.5692,1.9405
2018-12-13,4727.46,4791.00,4698.37,4763.72,91.6449,1.9238
2018-12-14,4755.02,4756.21,4638.92,4641.89,94.0132,2.0253
2018-12-17,4623.13,4634.03,4569.57,4627.23,92.4636,1.9983
2018-12-18,4602.40,4634.75,4553.36,4596.61,91.6727,1.9944
2018-12-19,4601.37,4604.94,4525.06,4533.40,90.8303,2.0036
2018-12-20,4523.97,4560.34,4509.57,4550.60,87.9689,1.9331
2018-12-21,4536.57,4543.87,4484.56,4517.78,86.4025,1.9125
2018-12-24,4511.22,4558.35,4501.06,4558.32,84.3231,1.8499
2018-12-25,4512.29,4522.88,4403.06,4514.62,89.3900,1.9800
2018-12-26,4509.32,4531.11,4487.79,4494.50,86.0993,1.9157
2018-12-27,4553.72,4561.92,4424.65,4424.65,89.7543,2.0285
2018-12-28,4429.04,4454.97,4396.37,4430.02,87.5290,1.9758
2019-01-02,4436.75,4444.44,4399.59,4408.53,84.4805,1.9163
2019-01-03,4404.31,4446.03,4375.86,4376.86,83.4583,1.9068
2019-01-04,4338.06,4497.91,4326.33,4497.89,89.7527,1.9954
2019-01-07,4523.23,4598.63,4516.00,4594.15,90.5375,1.9707
2019-01-08,4586.84,4596.80,4567.29,4585.03,86.1784,1.8796
2019-01-09,4588.69,4654.77,4578.45,4594.74,85.4743,1.8603
2019-01-10,4592.74,4619.82,4571.09,4582.48,82.8497,1.8080
2019-01-11,4585.22,4621.61,4575.64,4621.61,80.2154,1.7357
2019-01-14,4621.70,4625.56,4580.54,4594.19,77.7015,1.6913
2019-01-15,4583.55,4644.17,4569.14,4644.17,77.5106,1.6690
2019-01-16,4644.23,4669.63,4632.07,4637.20,74.6570,1.6100
2019-01-17,4632.27,4639.79,4590.31,4595.49,72.8587,1.5854
2019-01-18,4596.25,4627.66,4576.77,4626.41,71.2895,1.5409
2019-01-21,4629.79,4668.48,4624.65,4655.11,69.3281,1.4893
2019-01-22,4651.03,4651.10,4589.37,4603.20,69.0718,1.5005
2019-01-23,4590.69,4609.68,4580.63,4609.67,66.2131,1.4364
2019-01-24,4613.93,4651.02,4591.80,4635.75,65.7136,1.4175
2019-01-25,4634.06,4651.32,4606.87,4607.94,64.1948,1.3931
2019-01-28,4629.43,4640.62,4565.79,4570.40,64.9544,1.4212
2019-01-29,4557.81,4558.05,4419.40,4490.05,71.1005,1.5835
2019-01-30,4464.80,4492.66,4422.36,4423.14,71.0433,1.6062
2019-01-31,4408.11,4441.42,4328.92,4355.74,74.0045,1.6990
2019-02-01,4369.27,4482.99,4369.27,4482.99,77.8078,1.7356
2019-02-11,4497.53,4611.83,4497.53,4611.83,81.4529,1.7662
2019-02-12,4611.85,4685.13,4604.10,4675.79,81.4227,1.7414
2019-02-13,4679.69,4766.18,4672.78,4759.83,82.2783,1.7286
2019-02-14,4758.51,4801.09,4741.52,4780.04,80.6562,1.6874
2019-02-15,4772.98,4805.80,4763.76,4773.51,77.8979,1.6319
2019-02-18,4805.33,4942.88,4805.33,4942.88,84.4317,1.7081
2019-02-19,4964.22,4988.26,4897.23,4963.75,84.9030,1.7105
2019-02-20,4958.89,4971.13,4906.63,4967.04,83.4456,1.6800
2019-02-21,4957.63,5046.62,4930.97,4947.66,85.7459,1.7331
2019-02-22,4935.44,5059.51,4932.20,5059.51,88.7148,1.7534
2019-02-25,5129.47,5324.52,5120.47,5324.25,101.3073,1.9028
2019-02-26,5335.38,5438.88,5273.90,5323.76,105.8553,1.9884
2019-02-27,5312.56,5391.87,5245.41,5310.27,108.7557,2.0480
2019-02-28,5306.20,5370.21,5291.98,5330.34,106.5753,1.9994
2019-03-01,5344.42,5364.37,5286.00,5364.37,104.5606,1.9492
2019-03-04,5418.71,5562.20,5418.27,5482.30,111.2227,2.0288
2019-03-05,5470.70,5654.31,5451.29,5654.31,117.7797,2.0830
2019-03-06,5694.90,5776.98,5625.34,5776.97,120.1983,2.0806
2019-03-07,5775.30,5928.61,5750.05,5877.30,124.3670,2.1161
2019-03-08,5736.93,5913.03,5633.29,5633.32,135.4650,2.4047
2019-03-11,5682.57,5876.34,5645.18,5876.34,143.1475,2.4360
2019-03-12,5922.57,6046.62,5897.17,6006.18,145.0856,2.4156
2019-03-13,6014.51,6039.97,5822.57,5866.63,150.2509,2.5611
2019-03-14,5810.02,5860.93,5622.34,5688.95,156.9680,2.7592
2019-03-15,5723.65,5816.32,5704.27,5777.11,154.8538,2.6805
2019-03-18,5801.32,5916.34,5743.60,5916.34,156.1314,2.6390
2019-03-19,5916.17,5968.34,5895.18,5941.91,150.2049,2.5279
2019-03-20,5935.27,5948.85,5811.20,5926.17,149.3081,2.5195
2019-03-21,5929.75,6034.48,5914.67,5990.64,147.2011,2.4572
2019-03-22,5981.70,6022.07,5889.68,6014.55,146.1432,2.4298
2019-03-25,5914.85,6039.66,5890.40,5961.44,146.3658,2.4552
2019-03-26,5982.36,6006.94,5774.74,5788.36,152.4968,2.6345
2019-03-27,5822.69,5842.07,5696.13,5826.53,152.0285,2.6092
2019-03-28,5797.87,5872.20,5744.23,5747.86,150.3100,2.6151
2019-03-29,5748.92,5911.22,5699.69,5911.21,154.6829,2.6168
2019-04-01,5961.79,6137.73,5961.79,6137.73,159.8141,2.6038
2019-04-02,6181.08,6234.75,6135.80,6174.94,155.4666,2.5177
2019-04-03,6142.37,6237.16,6114.60,6237.02,153.1162,2.4550
2019-04-04,6262.69,6283.29,6198.03,6260.07,148.2693,2.3685
2019-04-08,6303.43,6322.48,6130.76,6230.21,151.3729,2.4297
2019-04-09,6212.73,6261.15,6164.97,6245.43,147.4306,2.3606
2019-04-10,6203.40,6289.93,6159.23,6235.71,146.2355,2.3451
2019-04-11,6232.89,6249.50,6106.66,6106.95,145.9930,2.3906
2019-04-12,6097.07,6130.38,6047.83,6101.20,141.4613,2.3186
2019-04-15,6178.50,6215.38,6049.24,6052.05,143.2241,2.3665
2019-04-16,6019.13,6179.80,5978.73,6179.80,147.3560,2.3845
2019-04-17,6181.76,6267.59,6175.58,6234.11,143.4027,2.3003
2019-04-18,6229.70,6255.79,6188.12,6202.84,137.9932,2.2247
2019-04-19,6198.61,6255.26,6147.16,6255.25,135.8580,2.1719
2019-04-22,6270.37,6274.46,6171.31,6192.14,133.5217,2.1563
2019-04-23,6175.13,6175.82,6061.75,6078.27,133.2980,2.1930
2019-04-24,6081.96,6153.39,6017.86,6153.39,133.4574,2.1688
2019-04-25,6130.01,6140.30,5899.65,5899.91,142.0490,2.4076
2019-04-26,5861.79,5926.04,5830.35,5834.38,138.7377,2.3779
2019-04-29,5831.24,5849.64,5613.83,5622.48,145.6714,2.5909
2019-04-30,5595.81,5718.32,5595.81,5682.24,144.0170,2.5345
2019-05-06,5480.13,5496.84,5212.99,5246.83,167.2480,3.1876
2019-05-07,5273.22,5353.61,5214.90,5312.50,165.2095,3.1098
2019-05-08,5198.84,5376.90,5166.40,5292.75,168.4446,3.1826
2019-05-09,5243.72,5308.02,5229.82,5237.82,161.9985,3.0929
2019-05-10,5292.45,5445.54,5192.70,5445.53,168.4872,3.0940
2019-05-13,5385.76,5440.91,5366.78,5405.61,162.0774,2.9983
2019-05-14,5333.85,5422.62,5328.01,5368.23,157.2583,2.9294
2019-05-15,5412.93,5491.40,5403.48,5486.39,154.8234,2.8220
2019-05-16,5488.27,5539.35,5478.07,5527.28,148.1417,2.6802
2019-05-17,5527.38,5530.90,5306.47,5330.99,153.5909,2.8811
2019-05-20,5326.19,5330.18,5200.68,5313.15,151.9280,2.8595
2019-05-21,5305.44,5425.31,5287.31,5418.05,150.9331,2.7857
2019-05-22,5418.24,5451.11,5351.70,5395.43,147.2529,2.7292
2019-05-23,5380.41,5380.41,5251.34,5267.83,147.0270,2.7910
2019-05-24,5230.90,5279.65,5186.87,5200.77,143.1522,2.7525
2019-05-27,5204.42,5360.00,5179.19,5354.63,145.8420,2.7237
2019-05-28,5353.85,5414.64,5332.93,5354.53,141.2612,2.6382
2019-05-29,5336.84,5411.08,5329.91,5376.51,136.9690,2.5475
2019-05-30,5357.49,5357.49,5270.89,5341.98,134.7297,2.5221
2019-05-31,5336.69,5384.48,5319.21,5334.25,129.7683,2.4327
2019-06-03,5341.27,5354.69,5235.52,5255.07,129.0113,2.4550
2019-06-04,5244.73,5249.53,5131.01,5160.98,128.6576,2.4929
2019-06-05,5206.15,5222.87,5148.29,5158.47,124.7950,2.4192
2019-06-06,5149.38,5149.38,5011.76,5030.80,126.3603,2.5117
2019-06-10,5043.33,5112.43,5022.00,5098.94,123.7939,2.4278
2019-06-11,5103.85,5289.79,5096.02,5289.62,128.7922,2.4348
2019-06-12,5276.70,5315.96,5251.05,5264.89,124.2291,2.3596
2019-06-13,5256.91,5306.98,5237.96,5294.11,120.2856,2.2721
2019-06-14,5297.74,5307.08,5170.98,5173.07,121.4152,2.3471
2019-06-17,5168.35,5192.13,5140.27,5160.67,116.4470,2.2564
2019-06-18,5160.11,5183.02,5125.10,5160.88,112.2665,2.1753
2019-06-19,5268.94,5292.28,5231.97,5234.28,113.6332,2.1709
2019-06-20,5228.49,5329.97,5199.87,5317.31,114.8094,2.1592
2019-06-21,5350.29,5423.19,5350.29,5406.04,114.1716,2.1119
2019-06-24,5412.55,5427.67,5374.52,5403.80,109.8129,2.0321
2019-06-25,5397.06,5397.06,5289.84,5351.69,110.1091,2.0575
2019-06-26,5323.70,5384.06,5303.24,5351.39,108.0170,2.0185
2019-06-27,5361.98,5415.36,5360.49,5397.57,104.8708,1.9429
2019-06-28,5389.98,5389.98,5289.43,5321.43,105.1043,1.9751
2019-07-01,5418.21,5481.41,5392.45,5481.41,109.0240,1.9890
2019-07-02,5482.44,5501.12,5462.73,5483.52,103.9787,1.8962
2019-07-03,5465.95,5465.95,5408.58,5428.51,101.9045,1.8772
2019-07-04,5435.48,5450.29,5381.05,5404.38,99.5714,1.8424
2019-07-05,5404.71,5433.69,5379.89,5424.25,96.3020,1.7754
2019-07-08,5410.20,5410.20,5221.95,5244.27,103.8733,1.9807
2019-07-09,5239.86,5270.46,5203.85,5260.34,101.2116,1.9241
2019-07-10,5267.27,5271.24,5196.82,5214.64,99.2979,1.9042
2019-07-11,5236.66,5271.61,5180.96,5206.40,98.6802,1.8954
2019-07-12,5209.30,5229.84,5173.05,5219.19,95.6880,1.8334
2019-07-15,5203.58,5289.01,5140.80,5273.81,99.4396,1.8855
2019-07-16,5264.65,5289.01,5254.62,5285.23,94.7932,1.7935
2019-07-17,5282.56,5312.71,5269.24,5289.42,91.1273,1.7228
2019-07-18,5265.37,5265.37,5194.60,5194.60,91.3910,1.7593
2019-07-19,5205.73,5263.34,5205.70,5220.03,89.7731,1.7198
2019-07-22,5222.06,5222.34,5067.10,5073.33,94.4493,1.8617
2019-07-23,5072.77,5131.10,5072.77,5131.10,91.8694,1.7904
2019-07-24,5141.94,5219.15,5141.90,5194.83,91.5965,1.7632
2019-07-25,5193.65,5220.13,5181.28,5211.09,87.8289,1.6854
2019-07-26,5201.56,5222.33,5188.24,5216.60,83.9904,1.6101
2019-07-29,5217.93,5235.01,5197.02,5218.98,80.7047,1.5464
2019-07-30,5217.07,5269.31,5216.81,5239.72,78.6901,1.5018
2019-07-31,5229.14,5229.14,5193.18,5200.09,76.3936,1.4691
2019-08-01,5172.08,5201.48,5151.39,5173.23,74.5148,1.4404
2019-08-02,5074.00,5101.14,5047.39,5091.06,78.1809,1.5357
2019-08-05,5076.11,5124.38,5032.64,5032.64,79.1494,1.5727
2019-08-06,4940.87,4940.87,4781.88,4899.82,91.4073,1.8655
2019-08-07,4928.14,4941.96,4884.99,4885.44,88.9475,1.8207
2019-08-08,4901.82,4936.83,4901.71,4923.33,86.2648,1.7522
2019-08-09,4948.52,4963.00,4861.12,4869.79,87.3802,1.7943
2019-08-12,4873.89,4952.22,4859.62,4952.22,87.7530,1.7720
2019-08-13,4917.89,4935.94,4903.82,4928.46,84.9421,1.7235
2019-08-14,4980.39,4997.44,4953.98,4961.75,83.8020,1.6890
2019-08-15,4848.87,4985.54,4829.41,4985.42,88.9682,1.7846
2019-08-16,4981.56,5044.21,4979.93,5013.58,87.2048,1.7394
2019-08-19,5054.48,5173.18,5054.48,5173.18,92.3759,1.7857
2019-08-20,5183.01,5220.68,5168.94,5185.27,89.4733,1.7255
2019-08-21,5177.87,5203.65,5168.81,5186.62,85.5709,1.6498
2019-08-22,5200.06,5208.55,5165.61,5208.55,82.5259,1.5844
2019-08-23,5210.42,5224.57,5179.47,5197.55,79.8526,1.5364
2019-08-26,5096.10,5186.40,5087.70,5168.68,81.9953,1.5864
2019-08-27,5196.14,5283.06,5196.14,5266.66,84.3085,1.6008
2019-08-28,5261.62,5274.68,5236.02,5256.18,81.0479,1.5420
2019-08-29,5262.96,5286.11,5249.75,5260.95,77.8559,1.4799
2019-08-30,5280.51,5289.04,5160.45,5182.96,81.4797,1.5721
2019-09-02,5187.40,5318.40,5187.40,5317.53,85.3340,1.6048
2019-09-03,5324.69,5357.06,5310.27,5357.06,82.5809,1.5415
2019-09-04,5345.94,5394.71,5336.57,5394.71,80.8351,1.4984
2019-09-05,5423.96,5504.94,5418.92,5445.57,82.9347,1.5230
2019-09-06,5461.33,5479.12,5425.37,5468.46,80.8501,1.4785
2019-09-09,5516.53,5602.24,5495.16,5602.24,84.6308,1.5107
2019-09-10,5608.74,5625.92,5573.99,5614.58,82.2951,1.4657
2019-09-11,5630.20,5634.44,5564.94,5566.41,81.3811,1.4620
2019-09-12,5580.60,5601.47,5546.25,5592.92,79.5125,1.4217
2019-09-16,5613.57,5650.67,5600.80,5627.24,77.9580,1.3854
2019-09-17,5614.16,5614.16,5471.43,5492.22,83.5189,1.5207
2019-09-18,5501.84,5515.22,5467.91,5485.88,80.9325,1.4753
2019-09-19,5497.24,5550.41,5468.75,5550.41,80.9845,1.4591
2019-09-20,5560.04,5576.79,5533.28,5556.48,78.3077,1.4093
2019-09-23,5538.73,5538.73,5462.27,5501.21,79.4436,1.4441
2019-09-24,5504.50,5568.22,5495.46,5528.89,78.9662,1.4282
2019-09-25,5502.16,5502.16,5421.62,5421.62,80.9879,1.4938
2019-09-26,5428.61,5436.95,5244.08,5244.08,88.9795,1.6968
2019-09-27,5241.51,5313.08,5241.51,5291.44,87.7360,1.6581
2019-09-30,5297.02,5315.34,5232.39,5232.39,87.3941,1.6703
2019-10-08,5242.02,5280.59,5226.26,5237.18,85.0324,1.6236
2019-10-09,5220.20,5285.15,5191.06,5285.15,85.6793,1.6211
2019-10-10,5291.55,5367.10,5281.86,5366.93,85.6480,1.5958
2019-10-11,5371.40,5392.78,5327.79,5370.65,84.1724,1.5673
2019-10-14,5411.65,5463.54,5402.63,5455.61,84.7951,1.5543
2019-10-15,5429.94,5429.94,5367.14,5375.53,85.0576,1.5823
2019-10-16,5377.75,5397.07,5350.15,5353.02,82.3335,1.5381
2019-10-17,5354.41,5371.67,5331.73,5347.27,79.3054,1.4831
2019-10-18,5350.64,5374.60,5267.93,5280.53,81.2600,1.5389
2019-10-21,5273.64,5273.64,5200.93,5247.30,81.1414,1.5463
2019-10-22,5252.19,5312.46,5249.96,5312.46,79.9999,1.5059
2019-10-23,5311.76,5314.36,5257.77,5269.72,78.3277,1.4864
2019-10-24,5262.93,5274.32,5220.55,5259.45,76.5736,1.4559
2019-10-25,5254.37,5307.75,5227.89,5300.09,76.8084,1.4492
2019-10-28,5343.50,5425.75,5343.44,5425.75,80.2978,1.4799
2019-10-29,5434.31,5434.31,5366.75,5366.75,79.3879,1.4793
2019-10-30,5349.08,5351.86,5301.64,5313.42,78.3681,1.4749
2019-10-31,5310.66,5329.20,5252.17,5253.88,78.2725,1.4898
2019-11-01,5234.75,5308.93,5227.11,5303.99,78.5259,1.4805
2019-11-04,5316.60,5365.59,5316.60,5337.08,77.3169,1.4487
2019-11-05,5341.17,5362.44,5306.05,5352.06,75.8221,1.4167
2019-11-06,5348.45,5356.31,5286.44,5304.84,75.3970,1.4213
2019-11-07,5300.67,5347.66,5294.20,5340.17,73.8300,1.3825
2019-11-08,5361.27,5375.06,5318.77,5321.78,72.5772,1.3638
2019-11-11,5289.63,5289.63,5175.62,5183.57,77.8331,1.5015
2019-11-12,5183.48,5196.72,5123.30,5196.72,77.5179,1.4917
2019-11-13,5188.88,5200.24,5160.33,5181.49,74.8316,1.4442
2019-11-14,5180.31,5229.09,5177.11,5216.64,73.1993,1.4032
2019-11-15,5208.37,5220.06,5152.56,5152.56,72.7922,1.4127
2019-11-18,5147.03,5192.85,5139.96,5189.35,71.3707,1.3753
2019-11-19,5192.68,5286.15,5187.77,5286.15,73.2999,1.3866
2019-11-20,5281.85,5303.93,5251.08,5259.47,71.8392,1.3659
2019-11-21,5238.60,5274.23,5228.26,5250.67,69.9914,1.3330
2019-11-22,5255.43,5296.33,5157.55,5181.11,74.9049,1.4457
2019-11-25,5179.15,5185.45,5107.51,5151.37,75.1217,1.4583
2019-11-26,5154.92,5170.49,5131.54,5147.73,72.5380,1.4091
2019-11-27,5138.06,5170.60,5121.32,5145.97,70.8767,1.3773
2019-11-28,5142.38,5165.65,5120.55,5131.13,69.0355,1.3454
2019-11-29,5130.28,5137.29,5082.77,5126.61,67.9987,1.3264
2019-12-02,5131.89,5156.87,5124.55,5137.78,65.4502,1.2739
2019-12-03,5119.75,5171.36,5097.08,5171.36,66.0809,1.2778
2019-12-04,5148.41,5188.36,5140.39,5179.69,64.7873,1.2508
2019-12-05,5190.08,5246.03,5187.91,5238.13,64.8982,1.2390
2019-12-06,5241.09,5275.51,5226.26,5275.51,63.7804,1.2090
2019-12-09,5286.20,5302.29,5269.18,5294.28,61.5897,1.1633
2019-12-10,5286.04,5326.36,5272.20,5326.36,61.0590,1.1464
2019-12-11,5323.86,5333.32,5291.25,5304.88,59.7026,1.1254
2019-12-12,5302.72,5334.26,5292.47,5304.42,58.4232,1.1014
2019-12-13,5334.58,5379.29,5327.12,5375.98,59.5979,1.1086
2019-12-16,5391.47,5476.99,5387.55,5476.99,62.5559,1.1422
2019-12-17,5479.90,5555.25,5475.43,5545.62,63.7891,1.1503
2019-12-18,5546.28,5575.65,5529.82,5543.79,62.5063,1.1275
2019-12-19,5544.66,5579.82,5534.51,5568.11,61.2780,1.1005
2019-12-20,5571.63,5580.34,5501.16,5501.16,62.5567,1.1372
2019-12-23,5478.57,5485.78,5375.02,5377.09,67.0984,1.2479
2019-12-24,5388.21,5471.74,5386.97,5471.74,69.0663,1.2622
2019-12-25,5467.75,5517.20,5461.38,5504.42,68.1202,1.2376
2019-12-26,5503.30,5543.70,5497.90,5543.66,66.5259,1.2000
2019-12-27,5548.35,5576.26,5494.97,5498.93,67.5805,1.2290
2019-12-30,5478.00,5530.00,5413.87,5530.00,71.0483,1.2848
2019-12-31,5524.43,5567.86,5520.01,5567.03,69.3913,1.2465
2020-01-02,5603.93,5682.64,5586.14,5676.56,72.6926,1.2806
2020-01-03,5685.08,5717.51,5667.74,5706.04,71.0553,1.2453
2020-01-06,5686.16,5803.86,5670.34,5764.73,75.5170,1.3100
2020-01-07,5772.66,5852.36,5772.66,5852.36,76.3823,1.3052
2020-01-08,5827.38,5858.87,5759.33,5772.47,78.0364,1.3519
2020-01-09,5815.74,5864.18,5815.74,5864.18,79.0131,1.3474
2020-01-10,5879.21,5885.33,5824.65,5851.89,77.7036,1.3278
2020-01-13,5844.96,5926.72,5822.42,5926.72,79.6033,1.3431
2020-01-14,5939.90,5948.04,5911.69,5914.11,76.5138,1.2937
2020-01-15,5903.76,5920.08,5859.11,5913.52,75.4035,1.2751
2020-01-16,5917.23,5934.17,5892.73,5902.13,72.9775,1.2365
2020-01-17,5913.79,5927.54,5869.17,5879.41,71.9342,1.2235
2020-01-20,5880.13,5954.89,5862.14,5954.87,73.4210,1.2330
2020-01-21,5952.00,5952.00,5901.00,5901.86,72.0245,1.2204
2020-01-22,5867.22,5942.11,5784.68,5919.59,78.1249,1.3198
2020-01-23,5852.20,5897.90,5643.84,5699.01,92.2410,1.6185
2020-02-03,5180.59,5227.07,5179.26,5200.16,122.7773,2.3610
2020-02-04,4923.19,5234.25,4923.19,5212.10,136.2261,2.6137
2020-02-05,5242.33,5414.76,5242.33,5348.34,140.9714,2.6358
2020-02-06,5353.19,5538.94,5326.21,5515.64,146.0970,2.6488
2020-02-07,5535.13,5588.77,5472.87,5583.60,143.9401,2.5779
2020-02-10,5586.95,5662.42,5567.05,5661.56,140.4708,2.4811
2020-02-11,5656.52,5666.73,5590.89,5623.26,135.8543,2.4159
2020-02-12,5605.93,5754.26,5602.30,5754.26,137.0047,2.3809
2020-02-13,5758.92,5782.57,5690.01,5707.53,133.8301,2.3448
2020-02-14,5696.10,5783.64,5677.79,5727.83,131.8315,2.3016
2020-02-17,5766.55,5936.48,5766.55,5936.48,137.3185,2.3131
2020-02-18,5948.65,6072.19,5940.62,6072.19,137.2036,2.2595
2020-02-19,6058.69,6113.87,6018.05,6018.05,134.2477,2.2308
2020-02-20,6032.40,6135.35,5979.05,6134.39,135.8228,2.2141
2020-02-21,6141.79,6278.48,6136.08,6243.48,136.4133,2.1849
2020-02-24,6254.32,6399.30,6236.09,6380.41,138.3274,2.1680
2020-02-25,6233.52,6420.35,6096.15,6407.14,151.6040,2.3662
2020-02-26,6315.33,6388.06,6200.26,6221.84,155.5523,2.5001
2020-02-27,6254.39,6321.12,6135.95,6232.09,157.6678,2.5299
2020-02-28,5999.21,6091.69,5870.91,5870.97,172.2044,2.9332
2020-03-02,5946.83,6143.73,5931.04,6113.41,179.3870,2.9343
2020-03-03,6225.96,6322.27,6132.71,6195.89,181.4922,2.9292
2020-03-04,6146.77,6231.64,6101.05,6226.53,177.8563,2.8564
2020-03-05,6312.43,6327.54,6248.98,6315.83,172.3673,2.7291
2020-03-06,6236.26,6344.08,6225.70,6296.74,168.5111,2.6762
2020-03-09,6198.20,6239.25,6049.62,6049.62,174.1260,2.8783
2020-03-10,5965.36,6206.41,5902.39,6206.41,183.4041,2.9551
2020-03-11,6219.93,6268.94,6122.91,6122.91,180.7345,2.9518
2020-03-12,6026.06,6071.62,5938.93,5999.64,180.9664,3.0163
2020-03-13,5681.59,5999.77,5681.59,5945.46,190.7673,3.2086
2020-03-16,5999.54,6007.26,5638.39,5657.77,203.4890,3.5966
2020-03-17,5707.42,5756.20,5436.60,5642.92,211.7826,3.7531
2020-03-18,5702.17,5804.30,5556.11,5556.11,214.3831,3.8585
2020-03-19,5552.51,5641.04,5453.04,5617.19,212.4986,3.7830
2020-03-20,5676.97,5688.95,5574.62,5670.47,205.4866,3.6238
2020-03-23,5514.93,5575.53,5398.95,5416.57,210.2032,3.8807
2020-03-24,5522.18,5535.93,5344.42,5517.26,208.8680,3.7857
2020-03-25,5632.41,5652.43,5589.96,5646.63,203.6039,3.6058
2020-03-26,5606.63,5666.13,5582.93,5595.43,195.0036,3.4851
2020-03-27,5659.59,5665.62,5550.54,5553.61,189.2948,3.4085
2020-03-30,5472.15,5472.15,5362.80,5415.41,189.4030,3.4975
2020-03-31,5465.37,5479.02,5414.31,5427.13,180.4964,3.3258
2020-04-01,5413.55,5491.47,5391.54,5403.30,174.7416,3.2340
2020-04-02,5376.66,5538.60,5367.57,5538.60,174.4765,3.1502
2020-04-03,5525.77,5558.38,5482.06,5507.12,167.4653,3.0409
2020-04-07,5605.27,5697.76,5599.82,5695.17,169.1207,2.9695
2020-04-08,5673.34,5739.30,5661.95,5718.13,162.5656,2.8430
2020-04-09,5750.89,5802.65,5740.03,5789.26,156.9909,2.7118
2020-04-10,5787.54,5787.54,5619.70,5637.53,157.8887,2.8007
2020-04-13,5590.32,5613.41,5542.57,5578.86,153.3938,2.7496
2020-04-14,5605.91,5692.00,5599.91,5692.00,150.5185,2.6444
2020-04-15,5689.73,5720.42,5655.22,5657.95,144.4244,2.5526
2020-04-16,5626.84,5711.72,5617.05,5700.96,140.8705,2.4710
2020-04-17,5735.90,5764.79,5702.01,5710.05,135.3676,2.3707
2020-04-20,5722.73,5803.40,5714.32,5803.40,132.3663,2.2808
2020-04-21,5780.86,5780.86,5711.17,5773.01,129.4994,2.2432
2020-04-22,5721.53,5826.58,5710.81,5826.56,128.5188,2.2057
2020-04-23,5841.40,5846.38,5789.10,5789.48,123.4303,2.1320
2020-04-24,5782.29,5784.11,5654.22,5675.51,124.2753,2.1897
2020-04-27,5675.57,5699.77,5617.52,5645.66,121.2735,2.1481
2020-04-28,5641.29,5644.35,5395.57,5561.20,130.4746,2.3462
2020-04-29,5533.00,5600.76,5524.87,5547.63,126.5757,2.2816
2020-04-30,5572.57,5695.21,5572.57,5678.17,128.0760,2.2556
2020-05-06,5636.87,5802.46,5632.03,5802.42,131.1013,2.2594
2020-05-07,5809.54,5837.33,5787.61,5795.87,125.2884,2.1617
2020-05-08,5825.74,5886.00,5822.81,5862.77,122.7771,2.0942
2020-05-11,5892.57,5902.16,5813.67,5851.80,120.3280,2.0563
2020-05-12,5847.70,5869.59,5780.09,5869.51,118.1260,2.0125
2020-05-13,5849.46,5923.26,5835.33,5917.03,115.9691,1.9599
2020-05-14,5889.14,5915.61,5861.78,5863.24,111.6320,1.9039
2020-05-15,5886.78,5924.77,5859.90,5889.98,108.2919,1.8386
2020-05-18,5905.92,5916.71,5841.72,5860.04,105.9132,1.8074
2020-05-19,5896.15,5936.66,5886.90,5936.60,103.8208,1.7488
2020-05-20,5928.47,5928.47,5844.58,5865.84,102.9779,1.7556
2020-05-21,5878.72,5883.78,5780.11,5791.64,103.0273,1.7789
2020-05-22,5782.62,5782.66,5643.40,5684.00,106.2568,1.8694
2020-05-25,5674.30,5691.14,5640.28,5671.97,102.2999,1.8036
2020-05-26,5690.40,5808.55,5690.40,5808.55,104.7485,1.8033
2020-05-27,5813.98,5817.06,5758.18,5772.08,101.4722,1.7580
2020-05-28,5769.79,5790.18,5675.49,5758.93,102.4163,1.7784
2020-05-29,5744.23,5834.62,5732.38,5816.40,102.4037,1.7606
2020-06-01,5855.33,5996.42,5855.33,5993.79,107.9477,1.8010
2020-06-02,6012.57,6021.27,5978.77,6002.84,103.2729,1.7204
2020-06-03,6010.41,6043.10,5987.57,5994.64,99.8627,1.6659
2020-06-04,6004.46,6016.12,5973.20,6006.76,95.7953,1.5948
2020-06-05,6009.88,6029.00,5970.15,6015.33,93.1564,1.5486
2020-06-08,6039.25,6049.86,5993.17,6001.43,90.5516,1.5088
2020-06-09,6005.84,6042.36,5979.23,6042.34,88.5930,1.4662
2020-06-10,6033.49,6049.69,6007.98,6049.32,85.2442,1.4092
2020-06-11,6050.12,6107.34,5999.51,6027.41,86.8575,1.4410
2020-06-12,5901.07,6058.77,5888.23,6031.17,92.8348,1.5392
2020-06-15,6031.09,6106.45,6028.94,6028.96,91.7401,1.5217
2020-06-16,6076.60,6151.69,6064.26,6151.69,93.9537,1.5273
2020-06-17,6160.20,6178.14,6124.22,6178.14,91.0942,1.4745
2020-06-18,6168.05,6168.24,6121.07,6149.29,88.6639,1.4419
2020-06-19,6147.88,6198.05,6140.52,6187.11,86.4400,1.3971
2020-06-22,6204.50,6246.05,6204.50,6228.02,84.4757,1.3564
2020-06-23,6229.65,6245.15,6196.69,6238.90,81.9032,1.3128
2020-06-24,6242.56,6258.83,6210.97,6227.57,79.4715,1.2761
2020-06-29,6214.88,6233.27,6190.41,6211.38,76.8564,1.2373
2020-06-30,6239.61,6330.09,6236.64,6319.56,79.8460,1.2635
2020-07-01,6341.54,6357.10,6267.14,6339.37,80.5684,1.2709
2020-07-02,6341.95,6416.96,6316.96,6413.95,81.9564,1.2778
2020-07-03,6424.09,6479.25,6397.51,6478.35,81.9409,1.2648
2020-07-06,6516.92,6732.62,6516.92,6726.00,94.2501,1.4013
2020-07-07,6784.82,6917.54,6711.31,6817.87,102.2487,1.4997
2020-07-08,6817.83,6974.00,6769.21,6974.00,109.5731,1.5712
2020-07-09,6976.72,7187.76,6972.00,7182.18,117.1578,1.6312
2020-07-10,7161.62,7238.38,7105.76,7150.42,118.2623,1.6539
2020-07-13,7179.97,7403.09,7179.97,7403.09,127.8628,1.7272
2020-07-14,7412.27,7447.51,7201.49,7344.99,136.3026,1.8557
2020-07-15,7355.56,7368.00,7096.58,7131.46,145.9539,2.0466
2020-07-16,7130.04,7165.77,6748.50,6758.14,165.3336,2.4464
2020-07-17,6759.10,6885.85,6690.45,6772.53,167.4812,2.4729
2020-07-20,6851.32,7003.67,6789.31,7003.67,172.0283,2.4563
2020-07-21,7026.98,7067.32,6977.47,7058.79,166.1584,2.3539
2020-07-22,7050.40,7181.19,7020.55,7125.57,165.7642,2.3263
2020-07-23,7068.40,7130.45,6921.19,7119.67,168.8711,2.3719
2020-07-24,7098.51,7133.70,6766.51,6784.63,183.0367,2.6978
2020-07-27,6807.98,6839.83,6717.32,6786.53,178.7134,2.6334
2020-07-28,6835.56,6886.44,6796.82,6857.94,173.0845,2.5239
2020-07-29,6843.84,7060.53,6816.31,7060.53,178.1656,2.5234
2020-07-30,7082.72,7107.48,7029.02,7048.98,171.0438,2.4265
2020-07-31,7030.31,7143.59,6997.63,7141.59,169.2521,2.3700
2020-08-03,7204.17,7373.36,7193.07,7373.34,173.7177,2.3560
2020-08-04,7398.99,7406.26,7296.12,7326.19,169.1764,2.3092
2020-08-05,7340.55,7442.39,7284.67,7427.19,168.3581,2.2668
2020-08-06,7425.55,7457.16,7309.36,7432.77,166.8897,2.2453
2020-08-07,7407.68,7417.09,7209.94,7339.81,170.8854,2.3282
2020-08-10,7319.54,7414.10,7288.75,7358.86,167.6329,2.2780
2020-08-11,7358.73,7377.82,7203.79,7213.45,168.0898,2.3302
2020-08-12,7176.89,7196.28,6932.30,7092.36,176.1655,2.4839
2020-08-13,7112.34,7158.95,7076.78,7113.93,169.4516,2.3820
2020-08-14,7103.07,7183.96,7058.54,7183.96,166.3065,2.3150
2020-08-17,7206.38,7339.69,7194.12,7339.69,165.5510,2.2556
2020-08-18,7348.42,7422.14,7339.89,7410.24,159.6152,2.1540
2020-08-19,7397.88,7397.88,7248.89,7256.13,159.7391,2.2014
2020-08-20,7196.35,7257.01,7126.04,7151.26,157.6842,2.2050
2020-08-21,7182.30,7244.17,7137.05,7194.27,154.0725,2.1416
2020-08-24,7212.53,7267.09,7119.94,7253.64,153.5780,2.1173
2020-08-25,7258.01,7283.28,7188.17,7213.68,149.4017,2.0711
2020-08-26,7209.51,7211.30,7010.08,7037.98,153.2730,2.1778
2020-08-27,7041.52,7125.88,6998.03,7113.80,151.4571,2.1291
2020-08-28,7102.27,7208.41,7083.13,7204.78,149.5873,2.0762
2020-08-31,7238.66,7308.60,7221.55,7224.05,146.3182,2.0254
2020-09-01,7216.65,7258.89,7169.40,7258.89,142.2590,1.9598
2020-09-02,7270.95,7301.27,7197.21,7272.62,139.5305,1.9186
2020-09-03,7263.60,7265.90,7165.77,7189.86,137.1962,1.9082
2020-09-04,7064.28,7189.13,7045.55,7182.11,137.7043,1.9173
2020-09-07,7189.97,7240.05,7027.92,7057.19,143.0205,2.0266
2020-09-08,7070.68,7108.65,6981.57,7103.09,141.8819,1.9975
2020-09-09,7023.30,7034.49,6871.77,6877.60,148.2703,2.1558
2020-09-10,6921.46,6938.08,6615.56,6633.89,160.7167,2.4227
2020-09-11,6592.90,6746.17,6591.31,6742.06,160.2984,2.3776
2020-09-14,6781.70,6871.05,6762.24,6848.36,158.0621,2.3080
2020-09-15,6861.03,6883.02,6818.22,6881.59,151.4005,2.2001
2020-09-16,6871.07,6871.07,6777.43,6812.91,148.0262,2.1727
2020-09-17,6800.35,6876.01,6746.22,6825.15,146.7236,2.1497
2020-09-18,6822.97,6933.66,6811.90,6929.77,144.9405,2.0916
2020-09-21,6951.75,6975.13,6912.04,6927.19,139.0940,2.0079
2020-09-22,6862.34,6912.10,6793.68,6815.78,138.6951,2.0349
2020-09-23,6839.47,6881.48,6805.13,6862.97,134.2419,1.9560
2020-09-24,6814.01,6814.01,6675.06,6675.15,138.0754,2.0685
2020-09-25,6703.62,6717.24,6604.67,6634.39,136.2535,2.0537
2020-09-28,6649.18,6660.18,6550.00,6550.37,134.3911,2.0517
2020-09-29,6585.18,6651.74,6562.82,6621.03,132.0325,1.9941
2020-09-30,6641.38,6665.88,6584.89,6617.16,128.3866,1.9402
2020-10-09,6737.53,6828.98,6727.39,6822.36,134.3461,1.9692
2020-10-12,6881.63,7036.28,6875.70,7036.28,140.0300,1.9901
2020-10-13,7023.44,7059.24,6989.67,7053.87,134.9971,1.9138
2020-10-14,7036.87,7036.87,6975.19,6988.61,130.9745,1.8741
2020-10-15,6991.74,6992.29,6924.19,6926.85,126.4834,1.8260
2020-10-16,6924.81,6942.63,6846.17,6906.39,124.3389,1.8003
2020-10-19,6943.80,6947.95,6843.00,6858.36,122.9540,1.7928
2020-10-20,6846.36,6923.38,6804.84,6923.38,122.6387,1.7714
2020-10-21,6926.53,6926.69,6793.49,6815.09,123.3931,1.8106
2020-10-22,6788.00,6800.04,6714.15,6771.81,121.7893,1.7985
2020-10-23,6774.77,6811.33,6627.70,6641.33,126.2065,1.9003
2020-10-26,6620.19,6674.57,6545.79,6648.52,126.3903,1.9010
2020-10-27,6630.72,6689.03,6620.09,6682.54,122.2867,1.8299
2020-10-28,6680.44,6700.47,6589.77,6685.43,121.4591,1.8168
2020-10-29,6592.89,6698.72,6573.70,6674.74,121.7134,1.8235
2020-10-30,6685.59,6694.52,6502.12,6511.16,126.7625,1.9468
2020-11-02,6517.42,6537.32,6461.71,6513.79,123.1087,1.8900
2020-11-03,6538.28,6647.58,6518.66,6647.58,123.8717,1.8634
2020-11-04,6652.58,6658.58,6585.80,6632.68,120.2223,1.8126
2020-11-05,6685.20,6756.90,6665.81,6754.95,120.5078,1.7840
2020-11-06,6771.18,6771.18,6645.57,6688.66,120.8723,1.8071
2020-11-09,6723.43,6873.44,6723.43,6851.98,125.4371,1.8307
2020-11-10,6854.70,6854.77,6747.74,6779.49,124.1223,1.8309
2020-11-11,6761.35,6771.53,6659.28,6663.73,123.8429,1.8585
2020-11-12,6680.20,6702.30,6647.77,6676.42,118.8919,1.7808
2020-11-13,6663.22,6700.20,6621.50,6686.39,116.0211,1.7352
2020-11-16,6703.18,6747.81,6668.42,6747.81,113.4046,1.6806
2020-11-17,6743.87,6743.87,6637.52,6681.72,113.1821,1.6939
2020-11-18,6673.60,6723.61,6653.65,6682.12,110.0948,1.6476
2020-11-19,6664.83,6725.49,6625.09,6718.46,109.4023,1.6284
2020-11-20,6713.65,6770.06,6701.49,6766.06,106.4857,1.5738
2020-11-23,6776.24,6833.62,6738.65,6807.72,105.6632,1.5521
2020-11-24,6798.83,6827.47,6785.25,6808.00,101.1315,1.4855
2020-11-25,6816.23,6817.76,6691.87,6691.87,102.9000,1.5377
2020-11-26,6678.14,6693.87,6597.77,6643.18,102.4143,1.5416
2020-11-27,6639.60,6644.35,6578.72,6641.77,99.7868,1.5024
2020-11-30,6642.15,6674.26,6591.69,6622.36,98.5571,1.4882
2020-12-01,6608.62,6717.25,6600.73,6713.23,99.8401,1.4872
2020-12-02,6712.89,6741.54,6699.75,6735.71,95.6937,1.4207
2020-12-03,6726.26,6736.42,6679.52,6711.84,92.9227,1.3845
2020-12-04,6700.69,6755.58,6688.63,6746.63,91.0675,1.3498
2020-12-07,6760.10,6770.84,6731.68,6733.00,87.3598,1.2975
2020-12-08,6735.23,6753.70,6720.60,6734.37,83.4841,1.2397
2020-12-09,6734.12,6736.17,6602.52,6602.52,87.0674,1.3187
2020-12-10,6576.06,6647.45,6552.11,6605.19,87.6583,1.3271
2020-12-11,6610.55,6617.44,6441.29,6498.24,93.9791,1.4462
2020-12-14,6493.65,6578.41,6459.92,6576.82,95.7299,1.4556
2020-12-15,6565.50,6603.40,6548.79,6596.50,92.7928,1.4067
2020-12-16,6597.31,6598.93,6538.97,6543.36,90.4476,1.3823
2020-12-17,6530.66,6599.11,6460.63,6597.86,93.8785,1.4229
2020-12-18,6604.03,6625.97,6564.18,6573.40,91.5864,1.3933
2020-12-21,6576.71,6692.38,6571.59,6691.59,93.6724,1.3999
2020-12-22,6668.21,6684.70,6545.84,6549.97,97.3922,1.4869
2020-12-23,6552.27,6615.20,6551.07,6601.24,95.0949,1.4406
2020-12-24,6591.79,6596.59,6484.41,6496.33,96.6474,1.4877
2020-12-25,6466.35,6570.30,6454.28,6561.27,98.0312,1.4941
2020-12-28,6561.77,6566.65,6484.44,6519.47,96.9011,1.4863
2020-12-29,6514.91,6548.71,6473.40,6477.26,95.3589,1.4722
2020-12-30,6469.89,6549.38,6465.39,6526.88,94.5468,1.4486
2020-12-31,6536.86,6646.50,6536.86,6646.47,96.3378,1.4495
2021-01-04,6671.93,6809.43,6662.80,6798.76,101.0965,1.4870
2021-01-05,6785.52,6827.50,6726.46,6807.45,101.0925,1.4850
2021-01-06,6803.69,6816.26,6686.13,6724.95,103.1666,1.5341
2021-01-07,6708.72,6709.07,6557.27,6616.55,107.7747,1.6289
2021-01-08,6603.51,6638.86,6514.18,6585.36,108.9822,1.6549
2021-01-11,6579.64,6584.22,6437.03,6475.95,111.7928,1.7263
2021-01-12,6453.01,6566.14,6433.22,6564.74,113.3018,1.7259
2021-01-13,6567.60,6567.60,6471.78,6513.64,112.0531,1.7203
2021-01-14,6488.75,6557.26,6414.74,6506.83,114.2293,1.7555
2021-01-15,6496.91,6539.17,6435.46,6528.46,113.4780,1.7382
2021-01-18,6515.58,6655.05,6511.00,6652.10,115.6617,1.7387
2021-01-19,6647.95,6677.41,6602.78,6614.07,112.7308,1.7044
2021-01-20,6606.73,6671.45,6584.88,6671.45,110.8622,1.6617
2021-01-21,6670.18,6770.87,6669.41,6745.11,110.1906,1.6336
2021-01-22,6736.01,6737.55,6671.29,6721.92,107.5927,1.6006
2021-01-25,6710.80,6728.45,6631.69,6657.27,106.8190,1.6045
2021-01-26,6630.36,6645.81,6525.38,6534.10,108.6097,1.6622
2021-01-27,6519.45,6552.43,6449.37,6537.75,108.2133,1.6552
2021-01-28,6466.57,6545.72,6395.76,6399.13,111.1952,1.7377
2021-01-29,6438.61,6459.34,6221.87,6304.12,120.2149,1.9069
2021-02-01,6282.03,6347.17,6280.37,6345.81,116.3995,1.8343
2021-02-02,6351.66,6419.03,6307.81,6417.46,116.0296,1.8080
2021-02-03,6404.07,6404.07,6306.09,6307.39,115.6967,1.8343
2021-02-04,6277.97,6295.70,6077.28,6167.75,123.8691,2.0083
2021-02-05,6179.49,6214.28,6044.61,6045.30,127.1406,2.1031
2021-02-08,6056.91,6122.32,6000.96,6088.82,126.7277,2.0813
2021-02-09,6101.68,6264.18,6097.09,6254.01,130.2014,2.0819
2021-02-10,6265.41,6316.79,6236.35,6303.31,126.6470,2.0092
2021-02-18,6405.02,6441.51,6363.20,6404.59,127.4723,1.9903
2021-02-19,6395.58,6527.90,6374.58,6527.65,129.3185,1.9811
2021-02-22,6553.91,6659.41,6534.57,6534.57,129.4929,1.9817
2021-02-23,6496.75,6545.54,6447.97,6489.96,127.2127,1.9601
2021-02-24,6490.38,6542.28,6378.67,6437.84,129.8125,2.0164
2021-02-25,6480.92,6492.42,6390.41,6399.35,127.8266,1.9975
2021-02-26,6287.49,6381.32,6276.71,6325.40,127.4561,2.0150
2021-03-01,6362.94,6495.19,6362.94,6495.16,130.4800,2.0089
2021-03-02,6518.32,6518.99,6423.95,6466.63,127.9486,1.9786
2021-03-03,6456.71,6553.95,6446.84,6553.60,126.4601,1.9296
2021-03-04,6519.04,6534.60,6417.89,6434.89,127.1208,1.9755
2021-03-05,6369.23,6484.30,6366.47,6456.28,126.4572,1.9587
2021-03-08,6496.21,6529.87,6327.65,6327.65,131.8688,2.0840
2021-03-09,6314.35,6321.02,6035.91,6126.28,143.2882,2.3389
2021-03-10,6192.15,6208.77,6069.91,6078.24,142.9719,2.3522
2021-03-11,6086.09,6219.66,6055.40,6219.66,144.4925,2.3232
2021-03-12,6231.69,6234.34,6155.70,6220.48,139.7887,2.2472
2021-03-15,6204.82,6238.20,6130.40,6177.74,137.5038,2.2258
2021-03-16,6182.52,6233.46,6145.52,6233.46,133.9635,2.1491
2021-03-17,6225.52,6283.60,6184.06,6277.58,131.5047,2.0948
2021-03-18,6276.80,6322.46,6268.86,6298.89,125.9401,1.9994
2021-03-19,6230.07,6307.22,6208.76,6250.81,123.9772,1.9834
2021-03-22,6256.52,6359.67,6253.62,6359.60,122.8974,1.9325
2021-03-23,6364.82,6372.66,6259.80,6289.00,122.1805,1.9428
2021-03-24,6249.23,6286.85,6183.20,6196.27,121.0104,1.9530
2021-03-25,6172.40,6233.69,6130.25,6190.71,119.7554,1.9344
2021-03-26,6198.53,6309.59,6198.53,6301.34,119.6929,1.8995
2021-03-29,6323.94,6364.54,6309.77,6326.61,115.6577,1.8281
2021-03-30,6313.48,6316.82,6268.25,6301.58,111.5650,1.7704
2021-03-31,6289.60,6298.79,6252.40,6293.39,107.1089,1.7019
2021-04-01,6302.56,6341.24,6286.06,6335.79,103.3997,1.6320
2021-04-02,6354.71,6383.46,6337.98,6361.25,99.4190,1.5629
2021-04-06,6376.72,6425.39,6374.72,6421.49,96.8991,1.5090
2021-04-07,6419.99,6422.77,6372.25,6422.76,93.5863,1.4571
2021-04-08,6411.03,6435.36,6387.91,6404.13,90.2908,1.4099
2021-04-09,6399.15,6410.53,6378.27,6399.52,86.1458,1.3461
2021-04-12,6398.51,6402.33,6251.49,6263.40,90.7668,1.4492
2021-04-13,6252.71,6282.97,6216.19,6231.14,89.0534,1.4292
2021-04-14,6227.25,6320.57,6225.56,6320.07,89.4789,1.4158
2021-04-15,6304.74,6304.79,6258.95,6296.61,87.4533,1.3889
2021-04-16,6295.53,6379.97,6295.53,6368.85,87.2380,1.3698
2021-04-19,6368.86,6477.41,6357.50,6477.39,89.5718,1.3828
2021-04-20,6460.52,6506.88,6450.39,6457.63,87.2088,1.3505
2021-04-21,6425.34,6470.94,6408.04,6457.71,85.4724,1.3236
2021-04-22,6470.46,6496.44,6463.14,6485.21,82.1337,1.2665
2021-04-23,6478.93,6478.93,6425.66,6453.30,80.5206,1.2477
2021-04-26,6467.88,6527.33,6427.76,6431.09,81.8812,1.2732
2021-04-27,6423.79,6429.86,6338.13,6400.90,82.6726,1.2916
2021-04-28,6395.02,6437.27,6366.01,6437.25,81.8574,1.2716
2021-04-29,6419.04,6441.85,6394.37,6405.10,79.4019,1.2397
2021-04-30,6389.17,6397.27,6348.80,6382.14,77.7517,1.2183
2021-05-06,6385.32,6420.42,6347.99,6398.44,77.3716,1.2092
2021-05-07,6403.98,6409.35,6320.07,6320.25,78.2222,1.2376
2021-05-10,6330.15,6351.42,6300.86,6338.57,76.2463,1.2029
2021-05-11,6303.58,6354.24,6239.26,6343.86,79.0130,1.2455
2021-05-12,6321.98,6420.34,6311.91,6420.34,81.1142,1.2634
2021-05-13,6365.00,6432.63,6354.23,6375.01,80.9204,1.2693
2021-05-14,6395.51,6462.50,6374.87,6462.48,81.3996,1.2596
2021-05-17,6456.92,6496.38,6438.87,6457.28,79.6932,1.2342
2021-05-18,6451.07,6486.92,6431.24,6486.82,77.9780,1.2021
2021-05-19,6470.29,6500.12,6455.82,6488.95,75.5724,1.1646
2021-05-20,6455.72,6505.52,6445.97,6482.84,74.4280,1.1481
2021-05-21,6492.85,6509.37,6468.45,6480.37,72.0345,1.1116
2021-05-24,6480.55,6537.86,6471.22,6537.86,71.6492,1.0959
2021-05-25,6542.68,6617.43,6532.90,6615.71,72.5693,1.0969
2021-05-26,6618.18,6666.21,6609.91,6644.75,71.4072,1.0746
2021-05-27,6636.77,6706.38,6630.03,6705.05,71.7602,1.0702
2021-05-28,6709.89,6735.55,6669.92,6694.35,71.3224,1.0654
2021-05-31,6712.75,6814.36,6712.75,6814.36,74.8001,1.0977
2021-06-01,6810.47,6854.75,6782.66,6854.73,74.6065,1.0884
2021-06-02,6844.85,6852.64,6742.03,6759.46,77.3274,1.1440
2021-06-03,6754.78,6824.98,6729.56,6754.07,78.6198,1.1640
2021-06-04,6725.82,6803.78,6718.76,6785.80,79.0769,1.1653
2021-06-07,6811.04,6861.85,6807.93,6861.85,78.8607,1.1493
2021-06-08,6865.76,6886.94,6779.93,6809.86,80.8714,1.1876
2021-06-09,6807.48,6834.04,6783.01,6823.41,78.7399,1.1540
2021-06-10,6817.59,6903.88,6808.66,6898.21,79.9170,1.1585
2021-06-11,6907.83,6907.95,6852.97,6852.97,78.1358,1.1402
2021-06-15,6854.81,6866.18,6796.88,6815.12,77.5047,1.1372
2021-06-16,6808.63,6810.20,6668.04,6673.24,82.4743,1.2359
2021-06-17,6669.67,6790.71,6669.67,6787.67,85.2290,1.2556
2021-06-18,6783.99,6869.26,6765.96,6863.72,86.5198,1.2605
2021-06-21,6844.34,6970.64,6833.36,6968.30,90.1455,1.2937
2021-06-22,6987.51,7010.62,6947.87,7000.25,88.1887,1.2598
2021-06-23,6997.41,7060.40,6978.77,7046.17,87.7202,1.2449
2021-06-24,7045.05,7045.05,6969.55,6974.64,86.9274,1.2463
2021-06-25,6975.49,7016.08,6947.12,7000.43,85.6440,1.2234
2021-06-28,7007.43,7081.05,7005.93,7063.47,85.2851,1.2074
2021-06-29,7068.40,7082.07,6999.75,7004.30,85.0733,1.2146
2021-06-30,7011.18,7083.99,7004.75,7083.70,84.6888,1.1955
2021-07-01,7094.19,7099.13,6969.53,6969.53,87.8967,1.2612
2021-07-02,6947.45,6960.48,6891.47,6908.93,87.1941,1.2620
2021-07-05,6930.26,7006.72,6930.26,7006.70,87.9510,1.2552
2021-07-06,7013.99,7045.19,6885.09,6979.06,93.1045,1.3341
2021-07-07,6932.94,7093.05,6913.50,7089.66,99.2792,1.4003
2021-07-08,7102.67,7138.76,7082.39,7099.41,96.2142,1.3552
2021-07-09,7064.99,7165.88,7000.59,7142.90,101.1482,1.4161
2021-07-12,7184.09,7301.10,7171.04,7284.23,105.2233,1.4445
2021-07-13,7285.96,7331.73,7263.16,7331.73,102.6052,1.3995
2021-07-14,7301.61,7338.31,7240.98,7243.82,102.2284,1.4113
2021-07-15,7218.34,7250.03,7103.97,7241.62,105.3593,1.4549
2021-07-16,7230.85,7311.45,7214.04,7228.36,104.7915,1.4497
2021-07-19,7213.63,7259.03,7174.11,7205.27,103.3721,1.4347
2021-07-20,7145.54,7253.37,7137.89,7253.28,104.2369,1.4371
2021-07-21,7285.41,7416.47,7285.41,7398.81,108.4478,1.4657
2021-07-22,7405.65,7447.03,7349.13,7446.48,107.6944,1.4462
2021-07-23,7442.62,7473.14,7348.32,7379.79,108.9177,1.4759
2021-07-26,7368.13,7395.27,7140.73,7286.15,119.3193,1.6376
2021-07-27,7298.33,7373.09,7093.86,7093.87,130.7415,1.8430
2021-07-28,7019.05,7058.51,6750.59,6945.51,145.9228,2.1010
2021-07-29,7057.88,7226.50,7057.88,7207.48,155.5705,2.1585
2021-07-30,7209.04,7279.06,7155.22,7262.38,153.3040,2.1109
2021-08-02,7264.37,7402.40,7248.89,7402.35,153.3187,2.0712
2021-08-03,7375.22,7419.34,7284.18,7308.96,152.0217,2.0799
2021-08-04,7295.57,7478.21,7295.45,7478.21,154.2173,2.0622
2021-08-05,7454.28,7494.33,7402.38,7447.94,149.7696,2.0109
2021-08-06,7462.86,7490.98,7419.73,7482.17,144.1611,1.9267
2021-08-09,7459.35,7509.33,7386.31,7507.08,142.6510,1.9002
2021-08-10,7489.16,7566.73,7467.06,7549.55,139.5809,1.8489
2021-08-11,7538.82,7611.65,7498.58,7605.92,137.6873,1.8103
2021-08-12,7595.26,7677.74,7588.74,7657.53,134.2096,1.7526
2021-08-13,7635.49,7724.44,7605.86,7641.92,133.0932,1.7416
2021-08-16,7628.16,7633.66,7546.54,7568.14,130.3994,1.7230
2021-08-17,7559.30,7578.43,7338.02,7360.03,138.2573,1.8785
2021-08-18,7352.97,7454.03,7338.82,7405.49,136.6111,1.8447
2021-08-19,7387.44,7511.19,7330.60,7468.77,139.7524,1.8712
2021-08-20,7438.70,7505.55,7354.17,7467.36,140.5830,1.8826
2021-08-23,7501.41,7668.89,7501.41,7652.56,144.9363,1.8940
2021-08-24,7654.19,7737.60,7614.94,7715.07,143.3452,1.8580
2021-08-25,7707.09,7769.70,7664.29,7769.63,140.6355,1.8101
2021-08-26,7754.68,7771.85,7662.38,7669.53,138.4094,1.8047
2021-08-27,7634.93,7686.34,7584.28,7680.08,135.8130,1.7684
2021-08-30,7701.42,7792.52,7687.15,7727.75,134.1435,1.7359
2021-08-31,7714.17,7728.42,7636.77,7728.42,131.1083,1.6964
2021-09-01,7738.27,7743.18,7495.76,7606.87,139.4162,1.8328
2021-09-02,7572.05,7703.72,7568.07,7690.86,139.1472,1.8093
2021-09-03,7696.46,7766.46,7561.23,7630.84,143.8674,1.8853
2021-09-06,7625.74,7735.55,7552.95,7735.10,146.6340,1.8957
2021-09-07,7735.22,7881.87,7718.59,7878.35,147.8230,1.8763
2021-09-08,7886.27,7911.02,7854.89,7894.25,141.2735,1.7896
2021-09-09,7888.83,7922.41,7835.15,7900.24,137.4154,1.7394
2021-09-10,7897.33,7954.48,7832.96,7932.65,136.2800,1.7180
2021-09-13,7941.21,7955.98,7875.00,7947.48,132.3300,1.6651
2021-09-14,7927.89,8042.52,7895.18,7916.90,133.4022,1.6850
2021-09-15,7900.69,7988.37,7862.31,7972.23,132.8777,1.6668
2021-09-16,7974.08,7993.22,7749.66,7754.95,140.7836,1.8154
2021-09-17,7740.56,7786.19,7575.08,7730.22,145.8069,1.8862
2021-09-22,7640.47,7774.51,7633.28,7769.06,145.4800,1.8726
2021-09-23,7818.73,7850.24,7792.59,7806.80,140.8871,1.8047
2021-09-24,7799.92,7806.81,7685.11,7695.62,139.5166,1.8129
2021-09-27,7717.10,7733.21,7399.81,7467.82,153.3654,2.0537
2021-09-28,7428.41,7496.33,7409.37,7468.73,148.6222,1.9899
2021-09-29,7409.96,7413.80,7199.11,7199.18,157.2649,2.1845
2021-09-30,7237.54,7411.28,7237.54,7405.46,161.1817,2.1765
2021-10-08,7501.24,7514.24,7382.02,7425.67,159.1130,2.1427
2021-10-11,7441.62,7442.35,7346.86,7384.84,154.5685,2.0931
2021-10-12,7366.16,7376.73,7125.54,7208.47,162.0493,2.2480
2021-10-13,7213.01,7297.30,7147.01,7289.36,161.2094,2.2116
2021-10-14,7276.51,7362.46,7256.98,7342.25,157.2287,2.1414
2021-10-15,7321.58,7374.34,7288.28,7350.41,152.1452,2.0699
2021-10-18,7344.57,7429.63,7322.70,7429.63,148.9156,2.0043
2021-10-19,7420.48,7506.09,7408.12,7504.05,145.2766,1.9360
2021-10-20,7467.34,7560.85,7456.81,7523.56,142.3311,1.8918
2021-10-21,7520.93,7548.82,7481.44,7503.53,136.9775,1.8255
2021-10-22,7506.87,7530.58,7436.14,7438.48,133.9391,1.8006
2021-10-25,7438.43,7532.37,7417.20,7532.37,132.5984,1.7604
2021-10-26,7547.75,7583.13,7492.39,7508.69,129.6085,1.7261
2021-10-27,7490.69,7501.54,7408.58,7433.55,127.5015,1.7152
2021-10-28,7395.49,7422.10,7253.11,7267.85,131.2828,1.8064
2021-10-29,7276.51,7385.41,7234.50,7385.30,132.6848,1.7966
2021-11-01,7374.45,7488.48,7357.67,7455.61,132.5509,1.7779
2021-11-02,7462.13,7501.96,7301.65,7368.60,137.3908,1.8645
2021-11-03,7362.12,7391.05,7312.25,7385.20,133.2057,1.8037
2021-11-04,7402.66,7483.69,7402.66,7483.69,130.7260,1.7468
2021-11-05,7476.14,7488.12,7388.20,7389.59,128.5256,1.7393
2021-11-08,7376.71,7423.01,7351.50,7422.91,124.4531,1.6766
2021-11-09,7443.45,7532.25,7435.51,7531.96,123.3736,1.6380
2021-11-10,7516.00,7535.24,7425.23,7535.23,122.4190,1.6246
2021-11-11,7524.16,7601.20,7515.71,7593.73,119.7812,1.5774
2021-11-12,7593.45,7705.05,7593.45,7697.81,119.1969,1.5485
2021-11-15,7713.85,7727.02,7653.71,7676.48,115.9192,1.5101
2021-11-16,7659.02,7691.65,7579.68,7589.18,115.6371,1.5237
2021-11-17,7603.33,7725.09,7603.33,7725.09,117.0852,1.5156
2021-11-18,7724.03,7765.74,7686.14,7714.80,114.4077,1.4830
2021-11-19,7709.31,7806.03,7705.84,7803.76,113.3921,1.4530
2021-11-22,7822.96,7948.02,7822.96,7947.37,115.5970,1.4545
2021-11-23,7950.25,7974.51,7933.20,7941.56,110.2908,1.3888
2021-11-24,7939.59,7971.44,7917.68,7938.77,106.2529,1.3384
2021-11-25,7937.40,7959.84,7919.66,7925.76,101.5334,1.2811
2021-11-26,7912.89,7954.79,7906.35,7940.79,97.7410,1.2309
2021-11-29,7837.39,7999.94,7828.92,7999.83,102.9752,1.2872
2021-11-30,8037.26,8082.90,7991.19,8054.29,102.1705,1.2685
2021-12-01,8050.89,8068.38,8000.81,8055.82,99.6991,1.2376
2021-12-02,8045.73,8046.25,7964.74,7968.24,99.0834,1.2435
2021-12-03,7973.62,8034.69,7952.37,8023.96,97.8860,1.2199
2021-12-06,8018.46,8029.83,7899.91,7906.76,100.1742,1.2669
2021-12-07,7937.23,7948.17,7713.92,7781.44,109.7510,1.4104
2021-12-08,7806.38,7922.55,7803.44,7922.55,111.9910,1.4136
2021-12-09,7924.53,7948.03,7903.68,7931.76,107.1595,1.3510
2021-12-10,7898.64,7964.35,7886.13,7949.12,105.0924,1.3221
2021-12-13,7963.48,8000.11,7936.62,7984.90,102.1208,1.2789
2021-12-14,7969.60,7997.18,7952.75,7981.83,98.0000,1.2278
2021-12-15,7982.10,8019.30,7942.94,7955.58,96.4543,1.2124
2021-12-16,7966.50,8005.98,7959.18,8005.98,93.1647,1.1637
2021-12-17,7997.47,7997.47,7894.10,7894.10,94.5015,1.1971
2021-12-20,7873.67,7920.65,7747.36,7751.95,100.1292,1.2917
2021-12-21,7749.82,7849.03,7749.82,7849.03,100.0636,1.2749
2021-12-22,7868.30,7943.24,7854.36,7930.81,99.6455,1.2564
2021-12-23,7932.10,7947.13,7892.89,7932.66,96.4022,1.2153
2021-12-24,7940.38,7940.43,7771.42,7776.61,101.5885,1.3063
2021-12-27,7768.38,7833.58,7739.29,7776.43,101.0672,1.2997
2021-12-28,7794.03,7863.53,7783.10,7863.53,100.0695,1.2726
2021-12-29,7858.94,7886.71,7838.28,7855.43,96.3810,1.2269
2021-12-30,7863.17,7949.96,7861.54,7924.53,96.2488,1.2146
2021-12-31,7946.94,8016.40,7946.94,8010.32,95.9360,1.1977
2022-01-04,8045.10,8060.99,7948.91,7983.07,97.0891,1.2162
2022-01-05,7968.74,7968.92,7733.51,7781.68,107.9799,1.3876
2022-01-06,7743.86,7863.55,7721.78,7844.52,110.3935,1.4073
2022-01-07,7841.13,7867.49,7681.13,7682.70,115.8197,1.5075
2022-01-10,7669.05,7756.97,7624.93,7734.19,116.9783,1.5125
2022-01-11,7734.54,7768.74,7632.07,7646.69,118.3848,1.5482
2022-01-12,7691.85,7779.52,7682.55,7779.52,119.4166,1.5350
2022-01-13,7781.31,7781.31,7644.79,7644.79,120.6383,1.5780
2022-01-14,7611.29,7714.50,7590.19,7675.37,120.9006,1.5752
2022-01-17,7687.71,7815.66,7683.38,7808.09,122.2855,1.5661
2022-01-18,7808.99,7827.19,7743.72,7758.60,119.5130,1.5404
2022-01-19,7728.16,7745.81,7617.06,7665.18,121.0863,1.5797
2022-01-20,7664.12,7672.76,7488.86,7492.61,125.5730,1.6760
2022-01-21,7474.76,7493.02,7384.40,7388.74,124.3621,1.6831
2022-01-24,7346.39,7462.53,7333.00,7425.40,124.7312,1.6798
2022-01-25,7398.76,7440.55,7133.07,7133.07,137.7847,1.9316
2022-01-26,7158.57,7226.64,7071.47,7171.03,139.0265,1.9387
2022-01-27,7178.54,7191.48,6959.46,6960.11,145.6689,2.0929
2022-01-28,6996.77,7071.32,6861.47,6973.01,150.2533,2.1548
2022-02-07,7080.61,7102.42,7037.16,7061.62,148.7645,2.1067
2022-02-08,7058.25,7080.62,6928.90,7080.62,148.9756,2.1040
2022-02-09,7083.43,7212.75,7056.62,7211.43,149.4866,2.0729
2022-02-10,7208.57,7222.19,7126.07,7175.62,145.6747,2.0301
2022-02-11,7140.93,7151.24,7024.79,7033.85,146.0429,2.0763
2022-02-14,6991.63,7096.55,6961.30,7006.08,145.2720,2.0735
2022-02-15,7020.13,7125.10,6990.40,7124.85,144.5169,2.0283
2022-02-16,7164.23,7201.08,7132.08,7183.11,139.6392,1.9440
2022-02-17,7169.72,7265.03,7146.59,7220.61,138.1250,1.9129
2022-02-18,7174.59,7252.06,7164.27,7251.79,134.5297,1.8551
2022-02-21,7264.44,7334.91,7259.76,7334.59,130.8575,1.7841
2022-02-22,7310.66,7310.66,7212.27,7279.24,130.2477,1.7893
2022-02-23,7290.70,7450.40,7289.74,7450.40,133.1700,1.7874
2022-02-24,7414.47,7481.14,7174.78,7285.12,145.5407,1.9978
2022-02-25,7346.85,7435.40,7344.78,7361.96,145.8792,1.9815
2022-02-28,7370.43,7419.83,7291.08,7419.83,144.6557,1.9496
2022-03-01,7433.75,7454.90,7379.82,7429.44,139.6860,1.8802
2022-03-02,7400.95,7421.64,7341.83,7414.31,135.9663,1.8338
2022-03-03,7440.94,7446.47,7334.28,7342.61,134.2680,1.8286
2022-03-04,7300.00,7360.26,7219.64,7241.56,134.7217,1.8604
2022-03-07,7230.81,7230.81,7050.35,7085.73,138.7566,1.9583
2022-03-08,7089.51,7118.51,6824.03,6871.22,149.8797,2.1813
2022-03-09,6889.51,6925.55,6511.91,6796.04,168.7197,2.4826
2022-03-10,6946.58,7017.28,6914.89,6952.52,172.4712,2.4807
2022-03-11,6856.87,7001.60,6778.59,6990.78,176.0811,2.5188
2022-03-14,6938.22,6972.91,6800.59,6800.59,177.0889,2.6040
2022-03-15,6745.60,6790.24,6473.48,6473.48,187.8047,2.9011
2022-03-16,6586.82,6704.18,6330.41,6692.97,201.0879,3.0045
2022-03-17,6777.74,6934.49,6768.61,6818.54,203.9759,2.9915
2022-03-18,6792.32,6882.66,6773.46,6879.37,197.2062,2.8666
2022-03-21,6886.03,6983.52,6867.31,6954.41,191.4208,2.7525
2022-03-22,6938.97,6976.39,6893.65,6923.44,183.6578,2.6527
2022-03-23,6938.51,6989.72,6910.33,6966.95,176.2101,2.5292
2022-03-24,6934.13,6950.74,6847.17,6900.81,172.1794,2.4951
2022-03-25,6906.68,6939.87,6819.55,6819.81,168.4752,2.4704
2022-03-28,6772.44,6828.40,6692.91,6767.25,166.1191,2.4548
2022-03-29,6785.38,6808.88,6700.41,6725.68,162.0013,2.4087
2022-03-30,6750.00,6864.75,6734.07,6864.75,160.3633,2.3360
2022-03-31,6846.33,6846.33,6760.05,6772.07,156.3874,2.3093
2022-04-01,6723.26,6790.76,6688.70,6772.60,152.5069,2.2518
2022-04-06,6769.74,6769.74,6711.30,6764.29,145.9921,2.1583
2022-04-07,6736.34,6768.45,6623.59,6623.59,145.9112,2.2029
2022-04-08,6635.69,6644.76,6496.18,6575.28,146.1019,2.2220
2022-04-11,6544.29,6544.29,6297.39,6328.07,155.5153,2.4575
2022-04-12,6314.22,6414.50,6259.05,6414.42,155.5106,2.4244
2022-04-13,6381.78,6388.70,6286.25,6286.25,153.5577,2.4428
2022-04-14,6313.10,6388.56,6294.37,6359.71,149.8972,2.3570
2022-04-15,6328.23,6334.48,6229.41,6275.07,148.4974,2.3665
2022-04-18,6233.42,6339.11,6164.44,6326.02,150.3668,2.3770
2022-04-19,6324.42,6379.43,6304.25,6345.79,144.9964,2.2849
2022-04-20,6347.80,6351.64,6208.79,6234.25,144.8430,2.3233
2022-04-21,6206.18,6236.55,5966.03,5981.38,153.8200,2.5716
2022-04-22,5937.39,5965.41,5851.23,5891.81,152.1293,2.5820
2022-04-25,5776.18,5776.18,5431.61,5431.61,174.1343,3.2059
2022-04-26,5432.61,5483.03,5251.52,5266.55,178.2326,3.3842
2022-04-27,5192.50,5541.11,5164.75,5540.72,192.3845,3.4722
2022-04-28,5501.52,5578.62,5425.77,5493.91,189.5606,3.4504
2022-04-29,5534.17,5753.08,5517.72,5734.49,194.5327,3.3923
2022-05-05,5723.18,5884.38,5712.06,5836.93,192.9461,3.3056
2022-05-06,5690.14,5812.48,5665.93,5764.69,191.3785,3.3198
2022-05-09,5749.90,5857.71,5749.90,5840.89,185.4094,3.1743
2022-05-10,5761.85,5952.72,5746.72,5950.67,186.8801,3.1405
2022-05-11,5959.79,6147.86,5959.79,6003.03,187.6165,3.1254
2022-05-12,5971.21,6061.18,5964.83,6034.57,181.0975,3.0010
2022-05-13,6059.00,6079.16,6001.91,6071.67,173.6798,2.8605
2022-05-16,6110.99,6154.70,6057.32,6082.88,168.2298,2.7656
2022-05-17,6079.30,6120.84,6013.70,6118.46,163.8663,2.6782
2022-05-18,6124.38,6183.46,6103.63,6127.80,157.8637,2.5762
2022-05-19,6032.73,6180.19,6020.41,6180.19,158.0006,2.5566
2022-05-20,6203.91,6263.44,6176.13,6263.44,152.9512,2.4420
2022-05-23,6284.60,6345.00,6267.83,6343.47,147.8519,2.3308
2022-05-24,6343.89,6345.12,6081.64,6081.64,156.1110,2.5669
2022-05-25,6079.94,6188.27,6070.96,6188.27,153.3395,2.4779
2022-05-26,6195.21,6252.56,6095.75,6227.10,153.5874,2.4664
2022-05-27,6252.36,6283.72,6157.81,6210.09,151.6104,2.4414
2022-05-30,6231.64,6282.36,6171.74,6282.36,148.6826,2.3667
2022-05-31,6283.16,6356.55,6224.61,6353.35,147.4867,2.3214
2022-06-01,6332.39,6398.35,6316.58,6373.32,142.7926,2.2405
2022-06-02,6349.56,6449.97,6329.07,6442.93,141.2289,2.1920
2022-06-06,6449.55,6612.80,6449.24,6604.98,143.2747,2.1692
2022-06-07,6613.17,6631.32,6539.71,6597.83,139.5843,2.1156
2022-06-08,6594.92,6660.09,6474.23,6608.89,142.8897,2.1621
2022-06-09,6591.92,6591.92,6453.65,6490.38,143.7719,2.2152
2022-06-10,6446.81,6630.26,6438.80,6627.75,147.1782,2.2206
2022-06-13,6582.69,6683.91,6573.57,6674.80,144.5469,2.1656
2022-06-14,6607.12,6665.25,6460.43,6665.25,149.5342,2.2435
2022-06-15,6671.05,6759.38,6653.76,6653.76,146.3975,2.2002
2022-06-16,6651.20,6755.63,6651.20,6696.76,143.3998,2.1413
2022-06-17,6652.54,6782.49,6643.10,6774.74,143.1134,2.1125
2022-06-20,6787.34,6874.38,6783.62,6848.75,140.0082,2.0443
2022-06-21,6849.73,6854.92,6709.36,6779.14,140.4047,2.0711
2022-06-22,6781.87,6811.55,6688.39,6691.81,139.1730,2.0798
2022-06-23,6694.25,6845.45,6649.93,6845.45,143.1978,2.0919
2022-06-24,6865.36,6954.45,6862.46,6931.65,140.7551,2.0306
2022-06-27,6968.13,7012.12,6940.52,7002.93,136.4490,1.9485
2022-06-28,7001.26,7081.28,6956.30,7079.72,135.6298,1.9158
2022-06-29,7061.79,7075.52,6900.99,6900.99,138.7084,2.0100
2022-06-30,6909.74,7032.67,6909.74,6995.53,138.2063,1.9756
2022-07-01,6999.68,7039.85,6967.48,6994.50,133.5037,1.9087
2022-07-04,6985.05,7076.32,6928.40,7076.32,134.5335,1.9012
2022-07-05,7081.90,7098.57,6950.24,7036.00,135.5189,1.9261
2022-07-06,7014.45,7041.87,6890.93,6953.98,136.6204,1.9646
2022-07-07,6955.53,7053.45,6910.09,7041.87,137.1018,1.9470
2022-07-08,7067.03,7084.90,6990.74,7000.79,134.0346,1.9146
2022-07-11,6976.10,6976.10,6830.47,6893.63,136.6264,1.9819
2022-07-12,6891.58,6911.80,6779.56,6779.56,136.3131,2.0106
2022-07-13,6780.61,6855.07,6737.88,6834.90,134.9471,1.9744
2022-07-14,6823.09,6954.91,6809.10,6920.87,135.7231,1.9611
2022-07-15,6889.81,6966.04,6852.82,6852.82,134.1157,1.9571
2022-07-18,6868.30,6953.93,6839.13,6953.93,132.7360,1.9088
2022-07-19,6956.86,7033.25,6932.74,7009.32,130.4341,1.8609
2022-07-20,7028.79,7110.10,7019.51,7110.10,128.3160,1.8047
2022-07-21,7098.27,7134.22,7067.15,7075.29,123.9413,1.7517
2022-07-22,7081.56,7124.30,6969.43,7034.60,126.1505,1.7933
2022-07-25,7037.76,7068.34,6933.82,6948.91,126.7483,1.8240
2022-07-26,6949.19,7031.11,6901.93,7027.42,126.9220,1.8061
2022-07-27,7018.22,7109.54,7005.07,7099.43,125.3183,1.7652
2022-07-28,7138.32,7196.73,7112.74,7150.20,123.3170,1.7247
2022-07-29,7152.33,7179.47,7105.33,7117.43,119.8043,1.6833
2022-08-01,7100.71,7180.45,7055.61,7180.45,120.1640,1.6735
2022-08-02,7098.18,7098.18,6872.75,6957.98,133.5594,1.9195
2022-08-03,6968.29,7079.85,6893.52,6916.67,137.3288,1.9855
2022-08-04,6953.98,6977.39,6853.70,6960.31,136.3546,1.9590
2022-08-05,6975.89,7096.43,6961.65,7090.00,136.3378,1.9230
2022-08-08,7082.54,7176.48,7062.37,7176.11,134.7501,1.8778
2022-08-09,7168.96,7207.40,7131.34,7207.40,130.5580,1.8114
2022-08-10,7183.18,7231.43,7169.88,7212.08,125.6288,1.7419
2022-08-11,7241.73,7295.89,7212.40,7294.49,122.6418,1.6813
2022-08-12,7287.65,7311.89,7228.34,7228.83,119.8495,1.6579
2022-08-15,7218.09,7296.34,7215.20,7283.50,117.0845,1.6075
2022-08-16,7290.24,7356.11,7280.92,7324.62,114.0921,1.5577
2022-08-17,7330.48,7342.70,7280.57,7328.67,110.3805,1.5061
2022-08-18,7315.41,7358.71,7298.93,7351.44,106.7662,1.4523
2022-08-19,7353.43,7369.73,7234.41,7234.41,108.8057,1.5040
2022-08-22,7214.48,7289.31,7170.20,7288.58,109.5417,1.5029
2022-08-23,7275.38,7310.13,7267.79,7306.02,104.7416,1.4336
2022-08-24,7312.55,7315.10,7029.88,7039.41,117.6329,1.6711
2022-08-25,7065.34,7080.73,6930.84,7016.31,119.9370,1.7094
2022-08-26,7032.66,7103.83,6966.07,6980.18,121.2101,1.7365
2022-08-29,6884.73,7022.79,6858.43,7021.31,124.2922,1.7702
2022-08-30,7018.72,7025.46,6943.14,6976.72,121.2942,1.7386
2022-08-31,6954.51,6966.99,6738.52,6750.74,129.6446,1.9205
2022-09-01,6757.01,6819.62,6698.84,6717.10,129.0114,1.9206
2022-09-02,6731.67,6801.35,6695.10,6776.83,127.3856,1.8797
2022-09-05,6774.19,6831.22,6739.14,6791.09,124.8638,1.8386
2022-09-06,6808.87,6919.65,6780.44,6919.65,125.8885,1.8193
2022-09-07,6894.71,6989.75,6882.59,6963.52,124.5508,1.7886
2022-09-08,6965.56,6975.13,6889.86,6897.10,121.7450,1.7652
2022-09-09,6908.71,6918.20,6848.27,6913.58,118.0439,1.7074
2022-09-13,6935.59,6957.35,6886.36,6904.08,114.6829,1.6611
2022-09-14,6800.93,6851.09,6783.19,6829.56,115.1263,1.6857
2022-09-15,6859.25,6866.55,6543.20,6619.19,129.9994,1.9640
2022-09-16,6599.27,6632.56,6480.10,6481.24,131.6037,2.0305
2022-09-19,6468.39,6504.75,6364.07,6399.80,132.2520,2.0665
2022-09-20,6441.10,6536.42,6436.76,6482.13,132.5640,2.0451
2022-09-21,6461.25,6506.06,6378.63,6480.60,132.1973,2.0399
2022-09-22,6438.29,6554.30,6429.50,6487.27,131.6689,2.0297
2022-09-23,6486.79,6504.03,6306.96,6363.68,136.3404,2.1425
2022-09-26,6318.30,6404.01,6274.34,6283.59,135.8640,2.1622
2022-09-27,6302.89,6409.78,6287.77,6409.78,135.1730,2.1089
2022-09-28,6397.84,6401.84,6211.11,6211.11,139.7085,2.2493
2022-09-29,6270.91,6307.78,6192.77,6228.78,137.9443,2.2146
2022-09-30,6221.83,6241.96,6123.99,6124.86,136.5176,2.2289
2022-10-10,6136.71,6154.06,5964.62,5984.50,140.2977,2.3444
2022-10-11,5994.76,6044.28,5939.07,6017.72,137.7915,2.2898
2022-10-12,6017.67,6192.65,5918.02,6192.65,147.5657,2.3829
2022-10-13,6162.71,6311.51,6146.40,6252.22,148.8188,2.3803
2022-10-14,6296.35,6427.47,6286.67,6406.46,150.7068,2.3524
2022-10-17,6380.21,6476.40,6370.15,6472.45,147.5313,2.2794
2022-10-18,6490.60,6551.80,6447.78,6508.50,144.4233,2.2190
2022-10-19,6492.60,6533.57,6460.70,6461.15,139.3124,2.1562
2022-10-20,6431.99,6525.80,6342.15,6429.70,142.4794,2.2160
2022-10-21,6433.33,6469.09,6387.77,6432.33,138.1108,2.1471
2022-10-24,6448.87,6554.37,6335.07,6378.43,143.9101,2.2562
2022-10-25,6346.15,6411.17,6248.84,6355.78,145.2258,2.2849
2022-10-26,6358.06,6548.62,6348.99,6491.69,149.1118,2.2970
2022-10-27,6497.52,6544.42,6459.92,6461.61,144.4967,2.2362
2022-10-28,6412.61,6446.60,6216.27,6239.93,151.6998,2.4311
2022-10-31,6201.75,6349.12,6201.28,6292.62,151.4241,2.4064
2022-11-01,6299.03,6440.92,6277.62,6439.82,152.2723,2.3645
2022-11-02,6434.95,6557.01,6424.66,6524.51,150.8493,2.3120
2022-11-03,6467.23,6576.37,6461.30,6566.84,148.2936,2.2582
2022-11-04,6569.19,6719.51,6568.78,6709.64,148.6062,2.2148
2022-11-07,6713.73,6749.76,6660.98,6713.64,144.3329,2.1498
2022-11-08,6707.01,6708.08,6647.44,6694.96,138.7520,2.0725
2022-11-09,6694.40,6736.67,6664.37,6676.01,134.0054,2.0073
2022-11-10,6638.52,6663.11,6583.86,6603.31,131.0158,1.9841
2022-11-11,6749.07,6776.74,6641.76,6643.48,134.0454,2.0177
2022-11-14,6639.02,6688.01,6570.49,6599.67,132.8650,2.0132
2022-11-15,6593.63,6752.51,6576.87,6752.51,135.9203,2.0129
2022-11-16,6749.96,6775.38,6687.32,6702.04,132.5017,1.9770
2022-11-17,6685.94,6714.50,6629.90,6714.50,129.0802,1.9224
2022-11-18,6711.89,6752.84,6650.74,6658.40,127.1530,1.9097
2022-11-21,6622.60,6689.33,6585.28,6689.33,125.5028,1.8762
2022-11-22,6682.05,6692.24,6556.34,6583.23,126.2455,1.9177
2022-11-23,6572.16,6592.30,6451.96,6567.99,127.2522,1.9375
2022-11-24,6573.47,6611.80,6553.96,6586.86,122.2942,1.8566
2022-11-25,6573.02,6573.02,6508.52,6512.16,119.1546,1.8297
2022-11-28,6426.93,6494.98,6412.03,6492.71,117.7957,1.8143
2022-11-29,6505.90,6607.46,6505.90,6594.32,117.5782,1.7830
2022-11-30,6591.68,6619.27,6561.27,6590.31,113.3226,1.7195
2022-12-01,6645.47,6691.51,6639.63,6658.43,112.4567,1.6889
2022-12-02,6644.44,6721.69,6637.16,6680.54,110.4619,1.6535
2022-12-05,6710.73,6723.57,6675.60,6714.37,105.9982,1.5787
2022-12-06,6690.92,6731.07,6667.00,6703.55,103.0033,1.5365
2022-12-07,6684.61,6732.26,6677.52,6705.29,99.5560,1.4847
2022-12-08,6694.84,6699.30,6648.35,6662.34,96.5120,1.4486
2022-12-09,6661.90,6684.15,6626.94,6680.38,93.7047,1.4027
2022-12-12,6669.17,6680.61,6626.87,6655.67,90.8501,1.3650
2022-12-13,6654.67,6654.75,6586.87,6593.67,89.2751,1.3540
2022-12-14,6600.41,6626.70,6556.81,6570.02,87.8904,1.3377
2022-12-15,6557.90,6605.70,6545.00,6597.55,85.9482,1.3027
2022-12-16,6569.06,6581.93,6504.05,6519.44,86.4876,1.3266
2022-12-19,6518.38,6537.14,6367.45,6390.77,92.4307,1.4463
2022-12-20,6380.22,6389.05,6321.14,6341.58,90.8021,1.4319
2022-12-21,6341.22,6344.66,6255.35,6289.14,90.6955,1.4421
2022-12-22,6314.55,6319.57,6171.18,6186.93,94.8165,1.5325
2022-12-23,6154.66,6197.24,6120.94,6160.75,93.4939,1.5176
2022-12-26,6161.94,6276.11,6161.94,6275.52,95.0558,1.5147
2022-12-27,6288.61,6328.36,6256.04,6325.63,93.4318,1.4770
2022-12-28,6304.59,6306.95,6251.30,6268.47,92.0674,1.4687
2022-12-29,6253.79,6322.25,6245.23,6261.83,90.9926,1.4531
2022-12-30,6283.50,6296.24,6262.60,6281.62,86.9510,1.3842
2023-01-03,6286.81,6433.79,6275.69,6423.70,92.0330,1.4327
2023-01-04,6423.43,6445.62,6385.00,6421.28,89.7892,1.3983
2023-01-05,6427.45,6489.99,6413.75,6485.47,88.8214,1.3695
2023-01-06,6482.88,6539.76,6478.63,6500.32,86.8435,1.3360
2023-01-09,6523.14,6559.46,6517.57,6535.75,84.8647,1.2985
2023-01-10,6541.82,6546.54,6505.10,6540.20,81.7629,1.2502
2023-01-11,6544.57,6562.35,6480.95,6486.90,81.7370,1.2600
2023-01-12,6495.16,6529.81,6469.48,6489.57,80.2079,1.2360
2023-01-13,6505.24,6517.51,6475.66,6517.51,77.4681,1.1886
2023-01-16,6521.45,6628.73,6521.45,6591.81,79.8789,1.2118
2023-01-17,6600.25,6622.32,6573.28,6597.49,77.6761,1.1774
2023-01-18,6613.74,6635.85,6593.37,6613.01,75.1621,1.1366
2023-01-19,6605.45,6678.18,6590.42,6676.08,76.0620,1.1393
2023-01-20,6690.14,6740.13,6690.14,6736.85,75.2040,1.1163
2023-01-30,6815.14,6839.84,6780.37,6786.45,77.1887,1.1374
2023-01-31,6763.40,6820.14,6758.90,6805.28,76.0495,1.1175
2023-02-01,6815.06,6916.73,6812.79,6916.72,78.5781,1.1361
2023-02-02,6926.58,6969.79,6908.70,6933.23,77.3290,1.1153
2023-02-03,6922.79,6934.32,6829.40,6925.08,79.2997,1.1451
2023-02-06,6902.49,6928.28,6853.91,6891.41,78.9476,1.1456
2023-02-07,6900.23,6924.42,6864.21,6924.32,77.6092,1.1208
2023-02-08,6927.33,6932.99,6873.60,6877.72,76.3078,1.1095
2023-02-09,6864.03,6999.18,6850.57,6999.18,81.4723,1.1640
2023-02-10,6991.23,7015.25,6926.48,6975.39,81.9935,1.1755
2023-02-13,6976.33,7052.60,6973.41,7052.18,81.7933,1.1598
2023-02-14,7064.53,7070.33,7028.79,7061.45,78.9181,1.1176
2023-02-15,7062.36,7076.87,7038.99,7063.60,75.9868,1.0758
2023-02-16,7063.93,7098.92,6878.35,6925.20,86.3141,1.2464
2023-02-17,6931.99,6954.85,6861.30,6868.55,86.8310,1.2642
2023-02-20,6871.86,6959.75,6825.87,6959.36,90.1916,1.2960
2023-02-21,6969.35,7008.55,6939.59,6990.48,88.6751,1.2685
2023-02-22,6961.15,7014.56,6947.12,6998.43,87.1583,1.2454
2023-02-23,6997.78,7008.68,6929.61,6966.79,86.5806,1.2428
2023-02-24,6971.65,6983.16,6906.69,6944.82,85.8584,1.2363
2023-02-27,6928.03,6950.88,6876.25,6894.30,85.0564,1.2337
2023-02-28,6911.36,6955.57,6874.93,6955.57,84.7409,1.2183
2023-03-01,6955.48,7002.77,6932.76,7002.77,83.6887,1.1951
2023-03-02,6999.23,7021.11,6963.06,6972.31,81.8574,1.1740
2023-03-03,6970.21,6997.42,6921.27,6967.94,81.4497,1.1689
2023-03-06,6973.52,7004.71,6933.99,6997.04,80.6833,1.1531
2023-03-07,6991.56,6993.18,6855.34,6855.34,85.0416,1.2405
2023-03-08,6838.63,6894.36,6832.04,6891.46,83.4186,1.2105
2023-03-09,6898.24,6911.54,6851.91,6892.86,81.7195,1.1856
2023-03-10,6854.41,6864.94,6795.22,6798.30,82.8566,1.2188
2023-03-13,6780.02,6832.62,6750.22,6832.62,82.8240,1.2122
2023-03-14,6824.25,6824.25,6690.09,6769.85,87.0887,1.2864
2023-03-15,6797.82,6844.97,6794.41,6803.47,86.2338,1.2675
2023-03-16,6769.61,6777.91,6677.68,6689.78,89.0593,1.3313
2023-03-17,6726.96,6781.95,6717.14,6736.37,89.2815,1.3254
2023-03-20,6745.95,6760.91,6694.52,6721.45,87.6464,1.3040
2023-03-21,6726.80,6810.29,6725.83,6809.39,87.7316,1.2884
2023-03-22,6830.19,6845.76,6810.76,6840.33,84.0629,1.2289
2023-03-23,6827.68,6869.18,6809.85,6868.83,82.2963,1.1981
2023-03-24,6874.54,6880.19,6840.75,6867.95,79.2351,1.1537
2023-03-27,6874.39,6900.63,6830.95,6886.69,78.5526,1.1406
2023-03-28,6881.11,6884.54,6816.45,6825.38,77.9589,1.1422
2023-03-29,6825.13,6839.90,6785.15,6806.28,76.3011,1.1210
2023-03-30,6802.07,6814.69,6751.69,6807.64,75.3510,1.1069
2023-03-31,6806.61,6878.32,6801.94,6875.81,75.4245,1.0970
2023-04-03,6878.09,6966.69,6878.09,6962.20,76.5285,1.0992
2023-04-04,6960.91,6966.99,6918.13,6953.36,74.5522,1.0722
2023-04-06,6926.19,6988.37,6921.66,6983.03,73.9920,1.0596
2023-04-07,6987.01,7043.22,6978.35,7042.89,73.3404,1.0413
2023-04-10,7050.24,7052.74,6950.77,6968.57,75.3854,1.0818
2023-04-11,6967.03,6986.44,6937.02,6984.14,73.5307,1.0528
2023-04-12,6989.69,7027.84,6979.28,7021.02,71.7471,1.0219
2023-04-13,7011.66,7029.10,6956.68,6966.82,71.7952,1.0305
2023-04-14,6978.59,7026.12,6942.57,7020.09,72.6348,1.0347
2023-04-17,7009.47,7030.24,6989.70,7012.77,70.3423,1.0031
2023-04-18,7002.26,7014.38,6961.51,6997.07,69.0943,0.9875
2023-04-19,6988.65,7011.93,6955.36,6965.58,68.1997,0.9791
2023-04-20,6956.37,6963.90,6911.98,6963.90,67.1569,0.9644
2023-04-21,6954.10,6963.08,6773.51,6773.51,75.9592,1.1214
2023-04-24,6766.52,6771.65,6692.22,6725.27,76.3400,1.1351
2023-04-25,6708.28,6711.57,6517.27,6603.24,85.7443,1.2985
2023-04-26,6577.36,6667.43,6573.88,6624.40,86.3018,1.3028
2023-04-27,6597.73,6672.22,6593.38,6633.49,85.7688,1.2930
2023-04-28,6617.32,6724.57,6617.32,6723.30,87.3032,1.2985
2023-05-04,6701.49,6738.44,6698.64,6733.97,83.9101,1.2461
2023-05-05,6723.16,6723.98,6612.74,6653.65,86.5758,1.3012
2023-05-08,6660.92,6714.39,6660.92,6702.50,84.7304,1.2642
2023-05-09,6696.67,6705.74,6610.57,6611.64,85.4761,1.2928
2023-05-10,6599.79,6648.04,6576.40,6627.31,84.4878,1.2748
2023-05-11,6634.16,6653.38,6618.19,6622.52,80.9665,1.2226
2023-05-12,6608.83,6630.56,6535.11,6535.94,82.0011,1.2546
2023-05-15,6537.40,6585.91,6466.45,6585.91,84.6767,1.2857
2023-05-16,6586.72,6586.72,6501.31,6516.29,84.7291,1.3003
2023-05-17,6500.44,6555.77,6497.38,6554.98,82.8477,1.2639
2023-05-18,6557.37,6595.49,6554.08,6583.74,79.8879,1.2134
2023-05-19,6571.09,6621.43,6545.08,6602.32,79.6352,1.2062
2023-05-22,6589.35,6608.88,6556.74,6595.98,77.6712,1.1776
2023-05-23,6591.56,6600.80,6528.45,6528.45,77.2911,1.1839
2023-05-24,6507.06,6564.51,6476.69,6513.18,78.0432,1.1982
2023-05-25,6502.23,6541.39,6424.45,6501.00,80.8216,1.2432
2023-05-26,6495.35,6558.11,6451.73,6546.41,82.6472,1.2625
2023-05-29,6560.16,6579.15,6518.03,6534.12,81.1095,1.2413
2023-05-30,6517.71,6565.48,6461.09,6564.47,82.7724,1.2609
2023-05-31,6556.52,6581.93,6523.27,6561.65,81.0501,1.2352
2023-06-01,6539.26,6616.53,6515.02,6574.76,82.5115,1.2550
2023-06-02,6585.73,6640.53,6585.73,6626.28,81.3157,1.2272
2023-06-05,6631.22,6647.20,6609.02,6632.96,78.2346,1.1795
2023-06-06,6625.09,6625.09,6475.26,6489.81,83.9107,1.2930
2023-06-07,6487.20,6517.32,6467.30,6488.56,81.4899,1.2559
2023-06-08,6477.94,6478.32,6399.78,6442.48,82.0106,1.2730
2023-06-09,6446.62,6500.45,6427.92,6495.56,81.3334,1.2521
2023-06-12,6488.20,6549.78,6474.86,6530.16,80.8753,1.2385
2023-06-13,6525.05,6561.02,6519.97,6554.96,78.0307,1.1904
2023-06-14,6556.03,6591.69,6547.49,6578.12,75.6142,1.1495
2023-06-15,6579.46,6618.62,6568.61,6613.95,73.7853,1.1156
2023-06-16,6613.10,6674.62,6602.04,6669.01,73.6992,1.1051
2023-06-19,6674.12,6707.23,6673.81,6693.30,71.1650,1.0632
2023-06-20,6683.92,6717.71,6671.99,6693.91,69.3475,1.0360
2023-06-21,6679.15,6681.57,6548.41,6548.41,74.7870,1.1421
2023-06-26,6504.97,6535.49,6404.04,6420.97,79.7572,1.2421
2023-06-27,6425.84,6518.98,6424.33,6507.27,81.0610,1.2457
2023-06-28,6504.50,6505.47,6367.35,6475.51,85.2652,1.3167
2023-06-29,6465.10,6542.28,6462.07,6520.04,84.9041,1.3022
2023-06-30,6507.50,6615.97,6500.86,6602.04,87.0617,1.3187
2023-07-03,6617.08,6640.34,6571.84,6612.88,85.7358,1.2965
2023-07-04,6610.66,6639.82,6599.60,6638.45,82.4847,1.2425
2023-07-05,6632.37,6642.55,6575.73,6584.42,81.3658,1.2357
2023-07-06,6573.58,6619.29,6558.89,6567.08,79.8682,1.2162
2023-07-07,6553.56,6558.11,6486.11,6521.43,79.9469,1.2259
2023-07-10,6539.08,6556.15,6501.75,6526.85,78.1221,1.1969
2023-07-11,6531.63,6579.37,6514.99,6579.37,77.1406,1.1725
2023-07-12,6576.94,6576.96,6476.85,6482.99,78.9534,1.2179
2023-07-13,6497.81,6553.60,6497.76,6548.31,78.3574,1.1966
2023-07-14,6554.53,6571.14,6538.65,6544.46,75.0812,1.1472
2023-07-17,6524.61,6525.19,6481.29,6516.56,74.2304,1.1391
2023-07-18,6519.76,6537.91,6490.06,6510.03,72.3461,1.1113
2023-07-19,6508.52,6530.54,6459.44,6492.35,72.2571,1.1130
2023-07-20,6497.78,6512.45,6404.12,6408.76,74.8337,1.1677
2023-07-21,6397.15,6447.30,6378.20,6401.42,74.4242,1.1626
2023-07-24,6397.43,6437.99,6370.05,6393.79,73.9610,1.1568
2023-07-25,6448.27,6499.42,6444.58,6498.27,76.2231,1.1730
2023-07-26,6497.59,6497.59,6441.56,6457.25,74.8293,1.1588
2023-07-27,6458.48,6475.83,6397.59,6407.55,75.0729,1.1716
2023-07-28,6389.43,6471.68,6369.37,6465.38,77.0184,1.1912
2023-07-31,6475.83,6549.75,6475.83,6515.85,77.5435,1.1901
2023-08-01,6513.14,6521.97,6482.17,6507.41,74.8476,1.1502
2023-08-02,6499.86,6515.07,6475.42,6496.02,72.3334,1.1135
2023-08-03,6472.11,6502.55,6460.28,6499.54,70.1861,1.0799
2023-08-04,6514.54,6561.74,6505.86,6535.32,69.6156,1.0652
2023-08-07,6524.30,6532.52,6485.66,6503.98,68.1902,1.0484
2023-08-08,6496.59,6500.90,6457.25,6471.34,66.6573,1.0300
2023-08-09,6452.98,6464.36,6411.23,6420.98,66.1897,1.0308
2023-08-10,6409.22,6438.43,6392.89,6426.81,64.7147,1.0069
2023-08-11,6428.88,6428.88,6304.64,6304.64,68.9665,1.0939
2023-08-14,6251.97,6320.95,6213.98,6319.41,71.6810,1.1343
2023-08-15,6318.55,6325.57,6203.44,6261.73,75.2845,1.2023
2023-08-16,6240.71,6255.81,6186.40,6186.40,75.2878,1.2170
2023-08-17,6167.65,6255.05,6128.13,6247.60,78.9758,1.2641
2023-08-18,6245.13,6259.79,6117.11,6117.11,83.5261,1.3655
2023-08-21,6107.92,6154.25,6057.17,6057.17,84.4942,1.3949
2023-08-22,6082.72,6108.21,5984.44,6099.19,87.2997,1.4313
2023-08-23,6084.15,6084.15,5973.65,5973.67,90.0311,1.5071
2023-08-24,5989.43,6049.55,5942.57,5987.97,91.2417,1.5238
2023-08-25,5960.59,5980.24,5855.88,5879.03,94.1595,1.6016
2023-08-28,6204.10,6204.10,5907.94,5922.16,110.6531,1.8685
2023-08-29,5909.46,6121.59,5907.96,6108.76,118.0086,1.9318
2023-08-30,6117.41,6185.27,6102.09,6139.63,115.5208,1.8816
2023-08-31,6130.64,6130.95,6087.33,6104.30,111.0050,1.8185
2023-09-01,6108.13,6136.78,6086.27,6107.20,106.6840,1.7469
2023-09-04,6129.54,6198.76,6109.10,6198.76,105.6037,1.7036
2023-09-05,6188.52,6206.35,6154.83,6167.64,101.7406,1.6496
2023-09-06,6146.39,6202.32,6117.81,6195.38,100.5098,1.6223
2023-09-07,6185.33,6185.33,6083.49,6083.49,101.3227,1.6655
2023-09-08,6063.24,6128.84,6062.90,6102.49,98.7953,1.6189
2023-09-11,6114.07,6204.43,6083.39,6182.64,100.3843,1.6236
2023-09-12,6175.63,6212.26,6169.04,6184.61,96.3011,1.5571
2023-09-13,6169.53,6177.38,6059.29,6103.14,98.3739,1.6119
2023-09-14,6101.77,6102.49,6037.72,6068.71,96.0200,1.5822
2023-09-15,6082.19,6117.82,6046.87,6079.06,94.2293,1.5501
2023-09-18,6058.30,6106.27,6029.97,6083.97,92.9486,1.5278
2023-09-19,6077.40,6077.40,6011.91,6031.04,91.4566,1.5164
2023-09-20,6020.91,6038.75,5982.11,5982.56,88.9697,1.4872
2023-09-21,5968.35,5999.40,5931.10,5939.66,87.4933,1.4730
2023-09-22,5934.27,6056.45,5923.24,6054.93,90.7588,1.4989
2023-09-25,6051.82,6058.47,6014.61,6027.39,87.4089,1.4502
2023-09-26,6017.30,6034.85,5996.05,5996.11,83.9368,1.3999
2023-09-27,5989.80,6063.91,5989.16,6034.06,83.2806,1.3802
2023-09-28,6048.83,6085.53,6048.68,6078.94,81.0084,1.3326
2023-10-09,6073.28,6075.46,6025.36,6059.97,79.0492,1.3044
2023-10-10,6069.91,6084.93,6037.47,6043.48,76.7929,1.2707
2023-10-11,6056.03,6105.42,6040.50,6059.40,75.9448,1.2533
2023-10-12,6088.55,6106.95,6064.82,6104.46,73.9166,1.2109
2023-10-13,6080.33,6091.54,6063.56,6081.87,71.5583,1.1766
2023-10-16,6089.42,6089.48,5996.79,6024.36,73.0677,1.2129
2023-10-17,6027.91,6028.02,5967.30,6011.37,72.1857,1.2008
2023-10-18,5992.51,5992.51,5905.84,5908.01,74.5674,1.2621
2023-10-19,5879.81,5929.58,5842.41,5842.89,75.4676,1.2916
2023-10-20,5816.72,5855.46,5767.02,5774.32,76.3942,1.3230
2023-10-23,5754.18,5754.25,5613.73,5638.14,82.4082,1.4616
2023-10-24,5654.93,5734.55,5625.71,5719.32,84.2962,1.4739
2023-10-25,5753.68,5811.27,5752.79,5778.90,84.8429,1.4681
2023-10-26,5745.53,5817.63,5724.00,5811.69,85.4705,1.4707
2023-10-27,5792.61,5937.54,5774.63,5916.68,91.0019,1.5381
2023-10-30,5899.38,6017.28,5898.69,6006.56,92.9725,1.5478
2023-10-31,6003.37,6013.73,5934.20,5969.34,92.0123,1.5414
2023-11-01,5969.81,5983.87,5943.19,5958.42,88.3457,1.4827
2023-11-02,5958.48,5983.22,5885.25,5885.25,89.0332,1.5128
2023-11-03,5895.60,5992.75,5895.60,5973.17,90.3522,1.5126
2023-11-06,6007.43,6097.04,6007.43,6096.57,92.7464,1.5213
2023-11-07,6088.51,6132.14,6068.24,6116.76,90.6859,1.4826
2023-11-08,6114.99,6160.24,6099.29,6138.94,88.5619,1.4426
2023-11-09,6135.07,6160.98,6087.73,6100.69,87.4682,1.4337
2023-11-10,6079.47,6097.61,6055.99,6088.56,84.4133,1.3864
2023-11-13,6107.27,6144.63,6095.27,6144.63,82.3888,1.3408
2023-11-14,6143.48,6189.50,6133.22,6181.98,80.5239,1.3026
2023-11-15,6226.20,6234.54,6184.90,6207.27,78.5265,1.2651
2023-11-16,6188.83,6193.64,6143.82,6145.15,77.4496,1.2603
2023-11-17,6135.83,6199.23,6131.67,6199.23,76.7432,1.2379
2023-11-20,6211.34,6254.14,6184.64,6253.28,76.2258,1.2190
2023-11-21,6258.74,6267.22,6200.69,6212.13,75.5333,1.2159
2023-11-22,6193.36,6221.87,6132.97,6132.97,76.4880,1.2472
2023-11-23,6123.59,6199.88,6107.00,6197.53,77.6589,1.2531
2023-11-24,6194.02,6194.02,6098.96,6115.41,79.1525,1.2943
2023-11-27,6107.56,6130.40,6076.71,6111.36,77.3338,1.2654
2023-11-28,6099.51,6143.30,6065.69,6143.30,77.3535,1.2592
2023-11-29,6138.76,6154.90,6103.98,6113.37,75.4654,1.2344
2023-11-30,6104.77,6110.41,6031.48,6080.55,75.9243,1.2486
2023-12-01,6078.64,6142.74,6059.80,6130.05,76.4254,1.2467
2023-12-04,6131.59,6147.05,6110.25,6114.39,73.5950,1.2036
2023-12-05,6098.12,6098.12,5992.60,5992.60,77.0375,1.2855
2023-12-06,5977.61,6066.42,5970.28,6023.80,78.4020,1.3015
2023-12-07,6019.96,6044.86,5983.25,6020.83,77.2026,1.2823
2023-12-08,6021.92,6056.06,6003.14,6003.14,75.4681,1.2571
2023-12-11,5984.68,6080.80,5933.74,6075.08,80.5818,1.3264
2023-12-12,6070.88,6084.28,6050.73,6078.99,77.2224,1.2703
2023-12-13,6067.78,6076.36,6019.55,6019.55,75.9522,1.2618
2023-12-14,6038.92,6072.61,5989.23,5991.86,76.4828,1.2764
2023-12-15,6000.26,6016.40,5935.32,5951.60,76.8111,1.2906
2023-12-18,5939.43,5941.90,5845.96,5857.01,78.8704,1.3466
2023-12-19,5853.19,5887.77,5820.51,5863.54,78.0410,1.3310
2023-12-20,5869.56,5873.76,5761.31,5761.31,80.4988,1.3972
2023-12-21,5739.02,5814.04,5685.64,5798.91,83.9203,1.4472
2023-12-22,5797.61,5819.65,5713.80,5733.91,85.4867,1.4909
2023-12-25,5726.56,5753.43,5698.32,5735.73,83.3170,1.4526
2023-12-26,5734.15,5734.56,5632.87,5651.59,84.7129,1.4989
2023-12-27,5658.19,5703.17,5636.94,5696.16,83.3927,1.4640
2023-12-28,5687.75,5824.40,5660.13,5805.53,89.1696,1.5359
2023-12-29,5797.58,5891.63,5795.76,5887.24,89.6482,1.5228
2024-01-02,5891.17,5891.23,5854.59,5854.75,85.8619,1.4665
2024-01-03,5838.55,5861.41,5785.25,5824.04,85.1689,1.4624
2024-01-04,5814.94,5814.94,5753.47,5783.02,84.1262,1.4547
2024-01-05,5779.76,5796.76,5652.13,5675.81,88.4479,1.5583
2024-01-08,5664.45,5664.45,5543.57,5543.57,91.5759,1.6519
2024-01-09,5553.18,5607.22,5513.13,5553.30,91.7555,1.6523
2024-01-10,5540.66,5580.42,5462.36,5512.07,93.6344,1.6987
2024-01-11,5507.80,5634.02,5502.29,5611.11,96.3555,1.7172
2024-01-12,5601.10,5646.27,5574.41,5574.49,94.6058,1.6971
2024-01-15,5558.15,5607.13,5520.36,5559.38,94.0461,1.6917
2024-01-16,5555.00,5566.21,5463.29,5539.47,94.6799,1.7092
2024-01-17,5529.89,5529.89,5389.12,5389.12,98.6564,1.8307
2024-01-18,5360.21,5375.23,5214.90,5373.42,104.0538,1.9365
2024-01-19,5364.81,5395.14,5304.96,5306.99,103.0628,1.9420
2024-01-22,5298.31,5298.31,4970.20,5000.83,119.7576,2.3948
2024-01-23,4992.79,5102.44,4939.52,5079.63,122.8406,2.4183
2024-01-24,5102.82,5151.42,4951.90,5143.41,128.3177,2.4948
2024-01-25,5143.29,5316.26,5112.54,5316.20,133.7036,2.5150
2024-01-26,5303.96,5352.85,5253.32,5269.76,131.2626,2.4909
2024-01-29,5282.82,5301.87,5131.25,5131.25,134.0739,2.6129
2024-01-30,5099.59,5144.29,4978.91,4984.66,136.3100,2.7346
2024-01-31,4949.19,4986.10,4775.62,4785.03,141.6079,2.9594
2024-02-01,4753.64,4858.72,4684.47,4750.44,143.9395,3.0300
2024-02-02,4753.67,4802.62,4431.82,4574.67,160.1438,3.5007
2024-02-05,4534.75,4534.75,4177.94,4293.07,177.0428,4.1239
2024-02-06,4229.79,4641.45,4192.97,4592.44,196.4312,4.2773
2024-02-07,4604.12,4848.24,4599.35,4797.85,200.6718,4.1825
2024-02-08,4826.14,5067.23,4826.14,4993.10,205.5795,4.1173
2024-02-19,5062.68,5071.20,4950.33,5029.59,199.5288,3.9671
2024-02-20,5004.42,5058.22,4950.39,5046.01,192.9789,3.8244
2024-02-21,5001.66,5208.65,4974.08,5073.48,195.9497,3.8622
2024-02-22,5075.43,5152.02,5066.00,5151.53,188.0976,3.6513
2024-02-23,5169.01,5225.67,5114.15,5225.67,182.6278,3.4948
2024-02-26,5234.81,5325.77,5201.13,5255.40,178.4858,3.3962
2024-02-27,5237.11,5394.03,5218.59,5394.03,178.2682,3.3049
2024-02-28,5403.50,5478.09,5152.05,5152.05,188.8234,3.6650
2024-02-29,5122.18,5344.61,5122.18,5344.61,191.2238,3.5779
2024-03-01,5354.73,5411.32,5322.09,5401.94,183.9386,3.4050
2024-03-04,5412.91,5429.80,5332.24,5428.34,177.7687,3.2748
2024-03-05,5392.88,5417.82,5337.67,5375.13,171.5473,3.1915
2024-03-06,5346.08,5434.40,5306.46,5381.46,168.4325,3.1299
2024-03-07,5389.99,5430.39,5303.28,5303.28,165.4809,3.1204
2024-03-08,5309.59,5386.18,5283.15,5370.37,161.0201,2.9983
2024-03-11,5358.84,5466.65,5350.29,5466.65,157.8301,2.8871
2024-03-12,5477.13,5524.50,5443.96,5496.36,152.3094,2.7711
2024-03-13,5501.59,5561.08,5476.79,5521.78,147.4509,2.6704
2024-03-14,5521.72,5546.10,5433.21,5486.65,144.9822,2.6425
2024-03-15,5472.89,5555.64,5459.32,5555.64,141.5064,2.5471
2024-03-18,5573.93,5648.01,5559.05,5648.01,137.9966,2.4433
2024-03-19,5633.50,5660.50,5607.26,5607.48,131.9426,2.3530
2024-03-20,5600.12,5663.74,5600.12,5659.15,127.0624,2.2453
2024-03-21,5674.50,5690.45,5623.30,5658.28,122.7829,2.1700
2024-03-22,5649.08,5660.15,5546.78,5595.88,122.1106,2.1822
2024-03-25,5581.35,5611.69,5466.06,5466.06,123.7905,2.2647
2024-03-26,5454.65,5495.63,5381.85,5447.75,123.0755,2.2592
2024-03-27,5435.97,5436.65,5266.23,5266.23,127.2501,2.4163
2024-03-28,5262.22,5430.77,5262.22,5382.24,130.2001,2.4191
2024-03-29,5383.74,5441.26,5345.87,5441.26,127.7137,2.3471
2024-04-01,5461.59,5559.87,5461.59,5559.06,127.0634,2.2857
2024-04-02,5556.52,5556.52,5490.82,5531.05,122.8617,2.2213
2024-04-03,5518.91,5525.03,5457.61,5500.93,119.3316,2.1693
2024-04-08,5487.63,5492.40,5399.91,5399.91,118.0236,2.1857
2024-04-09,5392.99,5468.91,5384.03,5468.91,115.6562,2.1148
2024-04-10,5456.97,5456.97,5325.91,5367.05,117.6094,2.1913
2024-04-11,5330.68,5441.50,5322.84,5379.92,117.6844,2.1875
2024-04-12,5379.17,5408.52,5330.54,5338.77,114.8484,2.1512
2024-04-15,5320.81,5364.59,5205.71,5287.51,117.9935,2.2316
2024-04-16,5255.21,5283.83,5063.94,5066.66,125.5347,2.4777
2024-04-17,5109.08,5287.46,5109.08,5287.46,132.3393,2.5029
2024-04-18,5276.47,5345.44,5233.90,5286.72,130.8537,2.4751
2024-04-19,5257.01,5312.15,5224.32,5264.39,127.7806,2.4273
2024-04-22,5231.56,5300.79,5187.52,5246.08,126.7441,2.4160
2024-04-23,5234.43,5260.29,5194.26,5218.43,122.4074,2.3457
2024-04-24,5219.26,5305.61,5200.60,5305.61,121.1647,2.2837
2024-04-25,5285.14,5357.44,5273.55,5313.99,118.5022,2.2300
2024-04-26,5303.15,5420.37,5303.15,5415.94,118.4106,2.1863
2024-04-29,5422.41,5550.21,5422.41,5545.23,119.5434,2.1558
2024-04-30,5530.94,5542.19,5482.99,5497.43,115.4503,2.1001
2024-05-06,5558.92,5611.27,5558.92,5606.84,115.3353,2.0570
2024-05-07,5604.27,5631.95,5593.01,5625.34,109.8785,1.9533
2024-05-08,5605.59,5605.59,5529.91,5536.66,108.8465,1.9659
2024-05-09,5533.51,5638.64,5533.51,5626.83,108.5810,1.9297
2024-05-10,5632.76,5641.92,5549.61,5574.23,107.4188,1.9271
2024-05-13,5537.93,5556.71,5479.95,5520.80,106.4803,1.9287
2024-05-14,5524.43,5574.25,5524.26,5551.68,102.6924,1.8498
2024-05-15,5541.81,5551.26,5491.52,5497.23,99.6544,1.8128
2024-05-16,5508.95,5539.92,5474.28,5488.95,97.2248,1.7713
2024-05-17,5489.42,5564.06,5478.30,5563.23,96.4059,1.7329
2024-05-20,5563.65,5612.35,5548.90,5596.78,94.0519,1.6805
2024-05-21,5586.01,5586.01,5517.39,5536.74,93.0046,1.6798
2024-05-22,5532.84,5553.70,5508.76,5539.66,89.5714,1.6169
2024-05-23,5521.18,5521.18,5402.00,5412.82,93.0063,1.7183
2024-05-24,5401.58,5436.81,5350.11,5350.11,92.5559,1.7300
2024-05-27,5358.08,5404.62,5295.09,5404.62,93.7683,1.7350
2024-05-28,5390.40,5414.98,5343.83,5348.03,92.1527,1.7231
2024-05-29,5336.70,5386.78,5324.69,5351.25,90.0054,1.6820
2024-05-30,5334.80,5371.81,5311.44,5334.30,87.8886,1.6476
2024-05-31,5334.10,5381.72,5334.10,5355.21,85.0122,1.5875
2024-06-03,5350.64,5351.25,5246.17,5284.62,86.7285,1.6411
2024-06-04,5267.36,5319.71,5229.68,5313.71,86.9643,1.6366
2024-06-05,5294.30,5330.80,5244.09,5244.09,86.9462,1.6580
2024-06-06,5249.95,5275.89,5113.21,5130.87,92.3557,1.8000
2024-06-07,5159.17,5190.00,5096.08,5153.59,92.4675,1.7942
2024-06-11,5132.22,5208.18,5086.86,5198.92,94.5284,1.8182
2024-06-12,5188.36,5231.47,5186.61,5216.46,90.9806,1.7441
2024-06-13,5214.41,5219.71,5170.17,5180.24,88.0206,1.6992
2024-06-14,5164.87,5190.71,5138.36,5180.65,85.4727,1.6498
2024-06-17,5158.98,5211.39,5151.28,5183.97,83.6611,1.6138
2024-06-18,5183.27,5237.82,5177.28,5227.25,82.0095,1.5689
2024-06-19,5230.49,5241.97,5159.99,5159.99,82.0074,1.5893
2024-06-20,5150.80,5174.87,5052.89,5056.14,84.8626,1.6784
2024-06-21,5040.63,5090.57,5014.48,5055.33,84.2360,1.6663
2024-06-24,5025.52,5029.73,4884.50,4887.78,90.4213,1.8499
2024-06-25,4885.89,4907.96,4814.68,4847.61,90.6255,1.8695
2024-06-26,4842.00,4988.31,4812.10,4986.38,96.7387,1.9401
2024-06-27,4964.66,4969.09,4862.63,4864.09,98.6680,2.0285
2024-06-28,4855.35,4968.27,4851.84,4895.99,99.9368,2.0412
2024-07-01,4894.56,4954.18,4839.75,4940.25,100.9720,2.0439
2024-07-02,4940.70,4951.20,4886.70,4905.65,98.3668,2.0052
2024-07-03,4900.67,4906.51,4857.78,4867.13,94.8214,1.9482
2024-07-04,4868.55,4883.74,4745.91,4761.87,97.8934,2.0558
2024-07-05,4753.73,4828.84,4711.87,4810.79,99.2560,2.0632
2024-07-08,4801.49,4801.49,4679.28,4693.96,101.5599,2.1636
2024-07-09,4689.27,4810.32,4645.20,4797.06,106.0999,2.2118
2024-07-10,4783.17,4829.21,4768.12,4777.68,102.8849,2.1534
2024-07-11,4846.11,4896.15,4821.41,4893.59,103.9981,2.1252
2024-07-12,4884.41,4897.17,4858.30,4878.02,99.3461,2.0366
2024-07-15,4869.00,4869.00,4815.41,4827.60,96.7221,2.0035
2024-07-16,4815.74,4845.35,4786.21,4836.72,94.0377,1.9442
2024-07-17,4834.44,4842.72,4786.35,4795.62,91.3471,1.9048
2024-07-18,4763.30,4822.62,4714.60,4812.43,92.5380,1.9229
2024-07-19,4788.77,4854.71,4778.71,4821.42,91.3567,1.8948
2024-07-22,4822.64,4848.31,4798.12,4826.87,88.4163,1.8318
2024-07-23,4825.75,4825.75,4694.95,4694.95,91.5237,1.9494
2024-07-24,4682.06,4713.07,4625.42,4631.01,91.2470,1.9703
2024-07-25,4602.63,4678.66,4587.71,4632.57,91.2258,1.9692
2024-07-26,4638.31,4710.57,4638.31,4702.08,90.2811,1.9200
2024-07-29,4707.28,4707.28,4670.80,4685.65,86.4381,1.8447
2024-07-30,4674.92,4716.21,4637.41,4702.49,85.8926,1.8265
2024-07-31,4698.73,4889.77,4690.00,4889.08,94.0267,1.9232
2024-08-01,4894.81,4933.06,4850.63,4878.29,93.1983,1.9105
2024-08-02,4844.78,4902.94,4802.02,4809.89,93.7499,1.9491
2024-08-05,4776.18,4854.59,4678.74,4678.78,99.6142,2.1291
2024-08-06,4731.20,4766.27,4695.64,4749.95,98.7482,2.0789
2024-08-07,4741.65,4772.21,4715.53,4743.41,95.7433,2.0184
2024-08-08,4728.33,4776.49,4677.43,4739.49,95.9802,2.0251
2024-08-09,4760.13,4789.17,4702.75,4702.75,95.2973,2.0264
2024-08-12,4696.36,4707.22,4657.33,4674.10,92.0539,1.9694
2024-08-13,4671.20,4698.34,4642.67,4697.59,89.4551,1.9043
2024-08-14,4698.00,4698.15,4649.28,4649.28,86.5562,1.8617
2024-08-15,4639.08,4743.73,4620.56,4691.85,89.1714,1.9006
2024-08-16,4696.72,4703.03,4654.46,4655.65,86.2713,1.8530
2024-08-19,4651.30,4714.06,4644.60,4663.61,85.0705,1.8241
2024-08-20,4663.78,4665.63,4563.86,4579.30,86.2633,1.8838
2024-08-21,4564.38,4590.20,4543.88,4548.26,83.4102,1.8339
2024-08-22,4549.30,4562.98,4484.56,4491.84,83.0538,1.8490
2024-08-23,4482.65,4510.60,4462.76,4495.34,80.5385,1.7916
2024-08-26,4492.71,4531.17,4476.24,4512.89,78.7093,1.7441
2024-08-27,4500.74,4501.08,4449.21,4459.68,77.6358,1.7408
2024-08-28,4449.71,4506.31,4437.52,4470.55,77.0040,1.7225
2024-08-29,4453.43,4558.95,4443.90,4542.46,79.7216,1.7550
2024-08-30,4539.93,4691.01,4534.04,4629.32,85.2393,1.8413
2024-09-02,4627.18,4635.77,4529.83,4532.51,86.7179,1.9132
2024-09-03,4529.94,4598.63,4529.94,4572.40,85.4302,1.8684
2024-09-04,4542.90,4594.44,4529.34,4550.77,83.9781,1.8454
2024-09-05,4554.52,4614.75,4554.52,4586.78,82.5496,1.7997
2024-09-06,4588.93,4595.70,4506.39,4508.23,83.0325,1.8418
2024-09-09,4490.99,4523.37,4459.13,4475.53,81.6902,1.8253
2024-09-10,4481.49,4507.15,4400.78,4487.58,83.4530,1.8596
2024-09-11,4469.01,4500.68,4453.20,4486.01,80.8835,1.8030
2024-09-12,4490.52,4542.28,4468.74,4468.74,80.3590,1.7982
2024-09-13,4471.98,4478.22,4413.19,4413.19,79.2641,1.7961
2024-09-18,4413.90,4425.79,4342.21,4399.13,79.5723,1.8088
2024-09-19,4418.78,4527.61,4385.49,4482.27,84.0400,1.8749
2024-09-20,4484.18,4487.08,4428.17,4463.36,82.2450,1.8427
2024-09-23,4462.72,4513.97,4445.99,4469.13,81.2261,1.8175
2024-09-24,4489.49,4642.56,4466.34,4642.56,88.0114,1.8958
2024-09-25,4688.39,4799.86,4681.85,4686.26,92.9606,1.9837
2024-09-26,4675.94,4874.13,4672.87,4874.13,100.6962,2.0659
2024-09-27,4950.94,5164.54,4944.84,5136.44,114.2472,2.2242
2024-09-30,5375.57,5732.57,5307.55,5708.83,148.6674,2.6042
2024-10-08,6437.11,6437.11,5861.32,6201.99,190.0683,3.0646
2024-10-09,6052.67,6105.03,5706.05,5727.38,211.9163,3.7001
2024-10-10,5777.90,5881.33,5593.98,5654.53,217.3044,3.8430
2024-10-11,5610.95,5616.81,5349.32,5416.76,223.5834,4.1276
2024-10-14,5451.62,5620.42,5346.42,5615.76,227.1846,4.0455
2024-10-15,5585.69,5704.56,5505.81,5507.18,225.1535,4.0884
2024-10-16,5425.43,5598.84,5424.39,5524.25,221.5319,4.0102
2024-10-17,5563.46,5624.79,5504.49,5505.61,214.3010,3.8924
2024-10-18,5495.20,5880.90,5484.24,5749.43,227.3266,3.9539
2024-10-21,5797.00,5954.44,5767.79,5860.57,225.7326,3.8517
2024-10-22,5866.79,5940.37,5814.30,5888.81,218.6138,3.7124
2024-10-23,5871.32,5991.59,5856.37,5903.58,212.6571,3.6022
2024-10-24,5871.29,5887.45,5817.93,5861.63,203.5852,3.4732
2024-10-25,5876.44,6014.11,5876.21,5974.91,199.9348,3.3462
2024-10-28,5988.72,6082.09,5965.00,6082.09,194.0173,3.1900
2024-10-29,6106.19,6113.64,5982.53,5983.84,189.5240,3.1673
2024-10-30,5960.79,6043.59,5945.68,6019.35,182.9801,3.0399
2024-10-31,6041.01,6161.56,6004.71,6116.66,181.1137,2.9610
2024-11-01,6100.79,6125.41,5912.53,5930.23,183.3827,3.0923
2024-11-04,5912.31,6053.11,5912.31,6053.11,180.3411,2.9793
2024-11-05,6057.21,6279.92,6051.46,6266.54,183.7781,2.9327
2024-11-06,6287.29,6368.87,6247.15,6293.19,179.3454,2.8498
2024-11-07,6238.62,6403.92,6229.49,6403.92,178.9943,2.7951
2024-11-08,6470.07,6526.65,6400.09,6423.12,175.2490,2.7284
2024-11-11,6416.17,6580.57,6412.58,6579.01,174.7305,2.6559
2024-11-12,6593.82,6616.16,6429.35,6491.97,175.5933,2.7048
2024-11-13,6453.86,6512.60,6357.56,6474.39,174.1252,2.6894
2024-11-14,6462.01,6472.95,6263.31,6272.19,176.7649,2.8182
2024-11-15,6246.34,6331.87,6124.66,6125.51,178.9395,2.9212
2024-11-18,6154.51,6180.88,5937.09,5974.56,183.5717,3.0726
2024-11-19,5977.84,6130.50,5945.46,6130.28,183.6766,2.9962
2024-11-20,6116.96,6262.08,6105.22,6250.80,181.7611,2.9078
2024-11-21,6241.01,6292.86,6199.71,6262.16,175.4317,2.8015
2024-11-22,6240.09,6280.60,6030.37,6030.49,180.7745,2.9977
2024-11-25,6047.94,6076.19,5937.91,6052.13,177.7391,2.9368
2024-11-26,6036.64,6093.37,5979.39,5981.57,173.1849,2.8953
2024-11-27,5942.53,6119.01,5857.00,6118.66,179.5296,2.9341
2024-11-28,6121.68,6170.13,6077.60,6086.09,173.3153,2.8477
2024-11-29,6066.71,6246.20,6039.83,6189.13,175.6764,2.8385
2024-12-02,6188.80,6325.86,6188.80,6313.61,172.9181,2.7388
2024-12-03,6318.97,6342.36,6239.44,6303.28,167.9182,2.6640
2024-12-04,6301.05,6303.50,6175.84,6204.94,165.0426,2.6599
2024-12-05,6186.12,6302.36,6186.12,6285.60,161.5567,2.5703
2024-12-06,6291.30,6384.66,6229.21,6349.62,161.1205,2.5375
2024-12-09,6346.59,6371.10,6257.54,6303.27,157.7233,2.5022
2024-12-10,6493.54,6497.89,6352.76,6362.02,160.3588,2.5206
2024-12-11,6343.78,6454.97,6343.78,6447.37,156.8468,2.4327
2024-12-12,6454.94,6493.71,6390.59,6490.15,153.0091,2.3576
2024-12-13,6447.20,6460.94,6351.30,6354.99,151.9978,2.3918
2024-12-16,6355.63,6367.81,6248.16,6277.52,149.6872,2.3845
2024-12-17,6262.49,6269.14,6133.13,6143.94,149.3088,2.4302
2024-12-18,6156.69,6242.52,6121.05,6195.87,147.3203,2.3777
2024-12-19,6127.22,6223.80,6108.39,6207.19,145.0410,2.3367
2024-12-20,6195.64,6320.96,6191.08,6271.75,143.9581,2.2953
2024-12-23,6271.76,6276.97,6086.91,6096.38,147.2511,2.4154
2024-12-24,6110.77,6165.20,6066.23,6164.36,143.8024,2.3328
2024-12-25,6158.65,6159.60,6037.74,6094.69,142.5751,2.3393
2024-12-26,6083.89,6185.81,6083.89,6160.45,139.6712,2.2672
2024-12-27,6164.67,6250.20,6135.48,6171.57,137.8890,2.2343
2024-12-30,6164.91,6192.58,6097.10,6145.93,134.8598,2.1943
2024-12-31,6151.03,6160.73,5957.72,5957.72,139.7276,2.3453
2025-01-02,5948.68,5982.55,5743.18,5797.09,146.8449,2.5331
2025-01-03,5808.54,5826.08,5609.77,5625.21,151.8067,2.6987
2025-01-06,5614.03,5688.92,5561.90,5608.03,150.0362,2.6754
2025-01-07,5610.95,5694.00,5580.89,5692.04,147.3987,2.5896
2025-01-08,5664.31,5706.66,5501.49,5661.78,151.5252,2.6763
2025-01-09,5629.90,5714.46,5629.82,5672.78,146.7477,2.5869
2025-01-10,5662.77,5718.21,5544.92,5544.92,148.6436,2.6807
2025-01-13,5487.12,5599.33,5457.51,5559.47,148.1562,2.6649
2025-01-14,5580.88,5814.71,5562.18,5811.05,155.8050,2.6812
2025-01-15,5805.90,5815.15,5755.62,5775.57,148.9282,2.5786
2025-01-16,5810.05,5906.47,5753.76,5801.31,149.1983,2.5718
2025-01-17,5780.61,5885.42,5755.91,5841.57,147.7920,2.5300
2025-01-20,5877.97,5925.07,5856.83,5879.15,143.1997,2.4357
2025-01-21,5911.40,5917.13,5834.96,5908.02,138.8405,2.3500
2025-01-22,5879.84,5886.74,5824.03,5855.74,134.9226,2.3041
2025-01-23,5911.22,5991.85,5829.03,5829.03,136.9153,2.3489
2025-01-24,5815.46,5943.11,5815.46,5938.13,136.2535,2.2946
2025-01-27,5946.73,5964.15,5846.07,5846.07,134.9554,2.3085
2025-02-05,5900.51,5928.88,5851.60,5881.44,131.2307,2.2313
2025-02-06,5869.71,6042.02,5853.75,6041.83,135.3049,2.2395
2025-02-07,6046.36,6198.75,6042.26,6134.05,136.8489,2.2310
2025-02-10,6155.05,6218.07,6126.08,6210.55,133.6446,2.1519
2025-02-11,6209.52,6220.96,6135.87,6190.17,130.1765,2.1030
2025-02-12,6172.39,6284.92,6171.06,6284.61,129.0110,2.0528
2025-02-13,6290.79,6290.79,6202.59,6212.50,126.0959,2.0297
2025-02-14,6203.48,6257.31,6182.26,6248.83,122.4498,1.9596
2025-02-17,6285.04,6308.48,6231.87,6281.57,119.1755,1.8972
2025-02-18,6264.28,6282.40,6112.59,6142.14,122.7923,1.9992
2025-02-19,6134.99,6290.01,6133.94,6288.53,125.1692,1.9904
2025-02-20,6289.13,6349.47,6274.03,6334.41,121.6172,1.9199
2025-02-21,6347.67,6456.92,6317.09,6449.23,122.9181,1.9059
2025-02-24,6454.56,6504.40,6411.77,6464.02,120.7546,1.8681
2025-02-25,6369.28,6503.01,6359.84,6435.43,122.3557,1.9013
2025-02-26,6451.40,6527.85,6423.60,6524.41,121.0625,1.8555
2025-02-27,6526.81,6550.10,6395.91,6499.53,123.4287,1.8990
2025-02-28,6460.90,6468.80,6252.01,6270.42,132.2924,2.1098
2025-03-03,6291.05,6382.05,6240.57,6273.67,132.9486,2.1192
2025-03-04,6218.83,6364.12,6217.81,6357.63,133.9030,2.1062
2025-03-05,6365.43,6401.83,6318.29,6398.24,130.3057,2.0366
2025-03-06,6438.16,6548.85,6435.54,6534.97,131.7560,2.0162
2025-03-07,6512.73,6577.95,6465.26,6507.76,130.3941,2.0037
2025-03-10,6519.03,6541.59,6466.90,6520.97,126.4153,1.9386
2025-03-11,6438.24,6551.73,6432.76,6551.73,125.8835,1.9214
2025-03-12,6585.60,6632.39,6564.72,6566.97,122.6532,1.8677
2025-03-13,6558.42,6570.89,6405.73,6466.85,125.6894,1.9436
2025-03-14,6463.92,6575.82,6428.22,6571.17,127.2544,1.9366
2025-03-17,6585.82,6609.89,6557.63,6589.57,121.8977,1.8499
2025-03-18,6605.04,6642.86,6581.96,6611.93,117.5407,1.7777
2025-03-19,6590.56,6598.51,6536.72,6564.68,114.5171,1.7444
2025-03-20,6551.82,6596.27,6528.86,6535.06,111.1523,1.7009
2025-03-21,6507.95,6531.76,6389.62,6405.61,113.6014,1.7735
2025-03-24,6403.57,6412.52,6244.87,6360.34,117.4620,1.8468
2025-03-25,6355.81,6382.19,6289.12,6310.76,115.7198,1.8337
2025-03-26,6297.33,6371.10,6297.33,6334.91,112.7233,1.7794
2025-03-27,6315.10,6394.21,6254.89,6328.77,114.6231,1.8111
2025-03-28,6326.81,6356.80,6261.69,6268.32,113.2293,1.8064
2025-03-31,6229.56,6259.36,6143.65,6226.65,114.0465,1.8316
2025-04-01,6242.07,6300.67,6240.20,6259.48,111.1875,1.7763
2025-04-02,6252.63,6316.64,6251.85,6277.25,107.8734,1.7185
2025-04-03,6208.29,6299.16,6168.54,6203.26,109.4981,1.7652
2025-04-07,5811.54,5905.57,5437.45,5496.44,156.3775,2.8451
2025-04-08,5475.56,5632.64,5426.03,5530.02,159.9656,2.8927
2025-04-09,5439.18,5688.48,5224.97,5652.33,181.6473,3.2137
2025-04-10,5766.51,5883.46,5766.41,5784.59,185.1818,3.2013
2025-04-11,5744.80,5923.14,5743.08,5862.19,184.8160,3.1527
2025-04-14,5933.99,5979.90,5914.25,5938.53,180.0227,3.0314
2025-04-15,5938.57,5949.86,5872.29,5914.03,172.7046,2.9203
2025-04-16,5897.20,5903.12,5758.67,5835.35,171.4657,2.9384
2025-04-17,5802.29,5898.18,5801.12,5839.56,166.1510,2.8453
2025-04-18,5833.11,5855.69,5793.79,5831.69,158.7045,2.7214
2025-04-21,5826.62,5952.72,5802.83,5952.64,158.0749,2.6555
2025-04-22,5947.15,5974.32,5923.59,5949.31,150.4074,2.5281
2025-04-23,5971.47,6013.28,5954.03,5984.58,144.2333,2.4101
2025-04-24,5979.41,5984.37,5897.65,5920.48,140.1402,2.3670
2025-04-25,5927.32,5982.71,5901.08,5939.50,135.9609,2.2891
2025-04-28,5933.42,5939.96,5868.87,5877.06,131.3273,2.2346
2025-04-29,5850.83,5921.56,5836.03,5903.38,128.0561,2.1692
2025-04-30,5907.19,5972.66,5907.19,5950.12,123.8578,2.0816
2025-05-06,5993.33,6102.92,5993.33,6102.92,125.9251,2.0634
2025-05-07,6171.61,6195.14,6063.64,6111.49,126.3233,2.0670
2025-05-08,6093.56,6167.15,6087.37,6158.08,122.9988,1.9974
2025-05-09,6153.53,6153.53,6054.93,6082.08,121.5810,1.9990
2025-05-12,6122.67,6167.46,6110.02,6167.46,118.9952,1.9294
2025-05-13,6219.45,6220.44,6141.68,6151.01,116.1213,1.8878
2025-05-14,6144.25,6199.30,6111.11,6160.37,114.1262,1.8526
2025-05-15,6146.00,6146.00,6055.84,6057.04,113.4407,1.8729
2025-05-16,6042.22,6098.88,6042.22,6068.12,109.3850,1.8026
2025-05-19,6073.20,6100.80,6009.95,6095.34,108.0610,1.7728
2025-05-20,6097.36,6154.95,6078.22,6146.02,105.8231,1.7218
2025-05-21,6137.10,6141.73,6109.92,6132.18,100.8429,1.6445
2025-05-22,6113.21,6146.20,6062.59,6066.10,99.6120,1.6421
2025-05-23,6060.52,6099.23,5989.68,5989.68,100.3218,1.6749
2025-05-26,5991.86,6038.81,5981.84,6028.79,97.2253,1.6127
2025-05-27,6019.54,6023.14,5971.35,6008.46,94.3835,1.5708
2025-05-28,6006.89,6023.82,5972.18,5984.46,91.3304,1.5261
2025-05-29,5980.86,6091.96,5980.86,6089.58,92.7425,1.5230
2025-05-30,6075.45,6075.45,6016.89,6026.56,91.3102,1.5151
2025-06-03,6009.18,6086.62,6008.54,6070.04,90.3651,1.4887
2025-06-04,6067.83,6124.70,6067.83,6123.17,87.9726,1.4367
2025-06-05,6125.89,6174.85,6101.85,6167.01,86.9032,1.4092
2025-06-06,6164.41,6169.57,6137.57,6152.84,82.9815,1.3487
2025-06-09,6161.14,6226.38,6158.90,6218.96,82.3071,1.3235
2025-06-10,6220.04,6220.04,6098.09,6161.69,85.1387,1.3817
2025-06-11,6162.16,6221.20,6162.16,6186.51,83.3081,1.3466
2025-06-12,6171.56,6202.73,6151.04,6192.22,81.0497,1.3089
2025-06-13,6174.43,6183.71,6088.57,6106.01,82.6640,1.3538
2025-06-16,6089.96,6151.51,6089.96,6147.46,81.1559,1.3202
2025-06-17,6153.15,6171.17,6120.57,6141.47,78.9733,1.2859
2025-06-18,6126.18,6143.21,6086.69,6135.39,77.3695,1.2610
2025-06-19,6127.94,6146.64,6028.72,6048.22,80.2659,1.3271
2025-06-20,6039.99,6061.84,5997.59,5999.59,79.1220,1.3188
2025-06-23,5966.50,6083.53,5965.66,6078.22,81.8897,1.3473
2025-06-24,6082.74,6194.67,6082.74,6194.67,84.3583,1.3618
2025-06-25,6196.15,6282.11,6194.15,6276.16,84.6155,1.3482
2025-06-26,6272.44,6310.54,6244.78,6247.79,83.2687,1.3328
2025-06-27,6265.92,6319.16,6257.59,6276.94,82.4188,1.3130
2025-06-30,6297.08,6358.03,6292.51,6356.18,82.3239,1.2952
2025-07-01,6358.06,6373.77,6308.06,6373.77,81.1372,1.2730
2025-07-02,6358.87,6358.87,6285.00,6309.48,81.6824,1.2946
2025-07-03,6306.75,6349.14,6295.23,6342.64,79.6986,1.2566
2025-07-04,6338.56,6375.07,6292.14,6312.20,79.9295,1.2663
2025-07-07,6305.04,6333.51,6303.86,6327.14,76.3381,1.2065
2025-07-08,6321.55,6408.11,6318.52,6407.70,77.2846,1.2061
2025-07-09,6412.14,6431.09,6375.08,6390.47,75.7650,1.1856
2025-07-10,6385.21,6427.74,6367.66,6406.57,74.6447,1.1651
2025-07-11,6411.31,6487.44,6388.40,6461.10,76.3872,1.1823
2025-07-14,6465.51,6474.93,6443.56,6462.31,73.1717,1.1323
2025-07-15,6452.00,6472.53,6381.56,6442.83,74.4430,1.1554
2025-07-16,6440.52,6487.83,6433.51,6462.06,73.0056,1.1298
2025-07-17,6458.41,6535.67,6451.15,6535.67,73.8281,1.1296
2025-07-18,6546.36,6563.82,6521.50,6552.07,71.5775,1.0924
2025-07-21,6557.25,6614.61,6555.04,6612.26,70.9320,1.0727
2025-07-22,6607.83,6642.24,6597.05,6637.10,69.0933,1.0410
2025-07-23,6634.12,6667.86,6594.48,6607.22,69.3994,1.0504
2025-07-24,6602.17,6701.12,6602.17,6701.12,71.5102,1.0671
2025-07-25,6708.08,6716.70,6674.54,6706.61,69.4138,1.0350
2025-07-28,6713.82,6736.08,6679.21,6729.98,68.5178,1.0181
2025-07-29,6724.32,6773.88,6684.16,6773.88,70.0322,1.0339
2025-07-30,6758.33,6770.88,6662.91,6718.48,72.9563,1.0859
2025-07-31,6701.16,6750.08,6639.12,6661.19,75.6709,1.1360
2025-08-01,6665.64,6702.68,6625.93,6670.47,75.7480,1.1356
2025-08-04,6637.84,6739.73,6631.12,6739.69,78.0953,1.1587
2025-08-05,6753.53,6787.48,6744.07,6787.48,75.9306,1.1187
2025-08-06,6784.17,6865.02,6774.03,6861.31,77.0063,1.1223
2025-08-07,6864.45,6876.50,6813.77,6862.15,75.9865,1.1073
2025-08-08,6844.44,6865.84,6816.09,6838.13,74.1125,1.0838
2025-08-11,6850.57,6957.40,6850.57,6943.94,77.3380,1.1137
2025-08-12,6943.67,6963.80,6894.85,6963.61,76.7389,1.1020
2025-08-13,6966.27,7070.50,6966.27,7064.33,78.8925,1.1168
2025-08-14,7072.90,7077.81,6957.40,6976.49,81.8581,1.1733
2025-08-15,6956.51,7117.51,6956.51,7117.50,87.5111,1.2295
2025-08-18,7158.53,7267.98,7143.07,7237.60,92.0088,1.2713
2025-08-19,7231.93,7289.03,7193.59,7242.85,92.2539,1.2737
2025-08-20,7212.97,7305.46,7166.99,7305.46,95.5551,1.3080
2025-08-21,7318.76,7343.17,7215.34,7253.34,97.8604,1.3492
2025-08-22,7250.19,7362.94,7250.19,7362.94,98.9240,1.3435
2025-08-25,7418.35,7504.01,7405.94,7477.73,101.9344,1.3632
2025-08-26,7457.77,7526.17,7435.30,7476.47,101.1441,1.3528
2025-08-27,7488.93,7565.35,7336.50,7336.50,110.2659,1.5030
2025-08-28,7331.19,7447.11,7216.77,7447.11,118.8427,1.5958
2025-08-29,7449.86,7477.20,7380.83,7438.68,117.2375,1.5761
2025-09-01,7475.00,7502.59,7424.34,7501.15,114.4526,1.5258
2025-09-02,7498.44,7499.60,7258.59,7313.88,123.6032,1.6900
2025-09-03,7336.39,7361.03,7182.29,7206.88,127.5415,1.7697
2025-09-04,7214.72,7255.00,6939.66,7041.15,140.9557,2.0019
2025-09-05,7046.96,7248.58,7017.95,7245.67,147.3610,2.0338
2025-09-08,7257.33,7321.16,7220.59,7311.03,144.0188,1.9699
2025-09-09,7287.40,7315.97,7198.32,7226.03,142.1353,1.9670
2025-09-10,7214.23,7296.00,7179.76,7230.17,140.2856,1.9403
2025-09-11,7215.93,7399.89,7161.28,7399.89,147.3088,1.9907
2025-09-12,7402.42,7472.87,7387.59,7422.88,142.8782,1.9248
2025-09-15,7445.50,7454.30,7404.50,7415.57,136.2297,1.8371
2025-09-16,7426.41,7487.07,7364.73,7483.63,135.2376,1.8071
2025-09-17,7478.41,7564.82,7461.41,7554.81,132.9642,1.7600
2025-09-18,7552.23,7665.97,7393.18,7476.40,142.9518,1.9120
2025-09-19,7473.02,7520.92,7405.29,7438.19,141.0002,1.8956
2025-09-22,7457.89,7489.48,7418.46,7489.48,136.0016,1.8159
2025-09-23,7500.62,7504.23,7261.67,7408.07,143.6129,1.9386
2025-09-24,7375.91,7534.22,7342.47,7534.22,147.0513,1.9518
2025-09-25,7521.32,7563.08,7487.12,7506.51,141.9734,1.8913
2025-09-26,7476.94,7516.11,7396.58,7397.59,140.3703,1.8975
2025-09-29,7415.13,7517.12,7376.91,7497.83,140.3588,1.8720
2025-09-30,7525.62,7592.91,7524.92,7574.96,137.1246,1.8102
2025-10-09,7623.30,7671.17,7590.47,7648.05,134.2021,1.7547
2025-10-10,7608.29,7621.98,7513.17,7533.82,134.2506,1.7820
2025-10-13,7250.58,7535.21,7250.58,7519.76,144.9919,1.9281
2025-10-14,7580.39,7611.83,7342.60,7373.15,153.8661,2.0868
2025-10-15,7384.01,7484.05,7315.48,7483.45,154.9164,2.0701
2025-10-16,7460.76,7472.75,7378.30,7401.84,151.3616,2.0449
2025-10-17,7395.87,7426.21,7176.96,7185.48,158.3537,2.2038
2025-10-20,7259.49,7301.99,7196.28,7239.18,155.3648,2.1462
2025-10-21,7257.11,7350.92,7236.63,7344.05,152.4309,2.0756
2025-10-22,7304.96,7349.80,7278.71,7312.21,146.6208,2.0052
2025-10-23,7292.39,7319.55,7192.42,7308.10,145.2286,1.9872
2025-10-24,7340.67,7419.41,7340.67,7419.24,142.8059,1.9248
2025-10-27,7483.30,7511.41,7430.62,7495.38,139.1890,1.8570
2025-10-28,7462.91,7534.05,7443.70,7479.22,135.7005,1.8144
2025-10-29,7481.24,7569.12,7469.07,7569.12,133.1541,1.7592
2025-10-30,7560.60,7569.16,7476.70,7485.08,130.2473,1.7401
2025-10-31,7480.66,7583.03,7480.66,7506.67,128.2561,1.7086
2025-11-03,7507.37,7539.33,7417.27,7538.12,127.8135,1.6956
2025-11-04,7523.64,7523.64,7387.38,7435.73,129.4511,1.7409
2025-11-05,7332.10,7490.90,7332.10,7464.86,131.5475,1.7622
2025-11-06,7482.91,7551.83,7466.75,7551.83,128.3634,1.6998
2025-11-07,7519.75,7581.56,7492.93,7541.88,125.5253,1.6644
2025-11-10,7568.75,7592.76,7515.68,7563.25,122.0649,1.6139
2025-11-11,7579.91,7598.99,7530.14,7540.79,118.2638,1.5683
2025-11-12,7520.18,7537.76,7421.46,7486.38,118.3400,1.5807
2025-11-13,7483.66,7604.89,7475.51,7590.58,119.1286,1.5694
2025-11-14,7527.83,7591.32,7502.76,7502.76,116.9451,1.5587
2025-11-17,7514.84,7544.72,7487.81,7523.08,112.6569,1.4975
2025-11-18,7508.53,7521.66,7412.28,7448.10,112.5242,1.5108
2025-11-19,7438.14,7471.73,7348.04,7387.21,113.3218,1.5340
2025-11-20,7429.70,7439.04,7332.32,7340.41,112.8502,1.5374
2025-11-21,7235.33,7274.33,7067.70,7067.70,124.2688,1.7583
2025-11-24,7105.64,7190.72,7064.60,7156.41,124.4010,1.7383
2025-11-25,7195.10,7311.73,7194.77,7249.95,126.6095,1.7464
2025-11-26,7236.66,7307.20,7225.09,7248.45,123.4310,1.7029
2025-11-27,7243.71,7330.60,7243.71,7257.45,120.8209,1.6648
2025-11-28,7257.17,7334.21,7239.85,7334.21,118.9308,1.6216
2025-12-01,7356.51,7388.62,7342.60,7386.68,114.3222,1.5477
2025-12-02,7364.20,7364.20,7299.27,7313.18,112.3999,1.5369
2025-12-03,7312.67,7324.21,7220.98,7248.27,111.7449,1.5417
2025-12-04,7246.86,7269.90,7185.91,7248.66,109.7624,1.5142
2025-12-05,7244.28,7347.00,7194.66,7342.49,112.8037,1.5363
2025-12-08,7359.49,7446.19,7359.49,7423.05,112.1534,1.5109
2025-12-09,7400.93,7439.55,7370.30,7380.58,109.0889,1.4781
2025-12-10,7367.49,7421.42,7332.05,7408.24,107.6804,1.4535
2025-12-11,7421.79,7425.44,7312.00,7312.00,108.0918,1.4783
2025-12-12,7312.87,7384.85,7284.56,7370.94,107.5345,1.4589
2025-12-15,7324.48,7375.61,7305.83,7309.08,104.8378,1.4343
2025-12-16,7302.16,7302.16,7143.61,7181.62,109.1686,1.5201
2025-12-17,7178.31,7303.38,7149.02,7288.74,112.3966,1.5421
2025-12-18,7244.64,7336.73,7241.86,7272.40,111.1447,1.5283
2025-12-19,7295.67,7357.04,7279.99,7329.81,109.2515,1.4905
2025-12-22,7363.06,7433.43,7363.06,7408.35,108.8493,1.4693
2025-12-23,7410.22,7441.41,7363.93,7392.42,106.6086,1.4421
2025-12-24,7391.56,7513.25,7386.49,7506.38,108.0480,1.4394
2025-12-25,7507.30,7591.78,7502.15,7579.38,106.7324,1.4082
2025-12-26,7575.93,7644.84,7550.01,7605.53,105.8822,1.3922
2025-12-29,7606.44,7637.91,7574.77,7594.16,102.8292,1.3541
2025-12-30,7556.54,7636.15,7552.40,7597.30,101.4664,1.3356
2025-12-31,7606.65,7619.22,7560.72,7595.28,98.3974,1.2955
2026-01-05,7639.54,7753.96,7623.75,7753.88,102.7033,1.3245
2026-01-06,7756.16,7864.90,7755.07,7864.90,103.2973,1.3134
2026-01-07,7881.84,7939.75,7864.14,7906.42,101.3197,1.2815
2026-01-08,7886.81,7993.63,7886.63,7971.59,101.7254,1.2761
2026-01-09,7969.19,8131.49,7969.19,8129.18,106.0522,1.3046
2026-01-12,8196.09,8371.75,8171.11,8357.01,115.8034,1.3857
2026-01-13,8381.04,8381.04,8177.63,8203.13,122.0611,1.4880
2026-01-14,8204.28,8415.10,8154.24,8257.17,131.9753,1.5983
2026-01-15,8197.06,8267.81,8151.11,8240.78,130.8842,1.5882
2026-01-16,8276.61,8304.40,8180.12,8232.73,130.4124,1.5841
2026-01-19,8204.63,8298.48,8187.94,8265.65,128.9930,1.5606
2026-01-20,8271.78,8300.05,8104.92,8182.75,133.7171,1.6341
2026-01-21,8138.68,8289.13,8136.92,8247.68,135.0380,1.6373
2026-01-22,8272.47,8314.22,8252.74,8309.35,130.1453,1.5663
2026-01-23,8331.77,8478.56,8323.35,8470.74,132.9356,1.5694
2026-01-26,8513.22,8530.42,8302.10,8365.43,139.7488,1.6706
2026-01-27,8325.43,8406.10,8186.24,8382.15,145.4710,1.7355
2026-01-28,8392.75,8432.62,8334.68,8399.79,142.0759,1.6914
2026-01-29,8380.61,8463.12,8308.82,8332.21,142.9491,1.7156
2026-01-30,8255.33,8313.23,8083.97,8254.86,150.4699,1.8228
2026-02-02,8166.74,8221.58,7974.60,7975.43,159.7406,2.0029
2026-02-03,8058.76,8210.05,8023.24,8209.10,165.0891,2.0111
2026-02-04,8184.20,8216.20,8101.20,8207.12,161.5113,1.9679
2026-02-05,8121.51,8154.56,8027.62,8068.08,162.7962,2.0178
2026-02-06,7980.47,8152.32,7950.01,8051.57,165.6186,2.0570
2026-02-09,8177.29,8235.15,8149.65,8233.78,166.9016,2.0270
2026-02-10,8246.22,8274.14,8199.51,8250.30,160.3108,1.9431
2026-02-11,8239.17,8304.13,8236.96,8239.51,153.6579,1.8649
2026-02-12,8252.19,8337.37,8227.60,8314.83,150.5230,1.8103
2026-02-13,8272.88,8323.72,8200.15,8204.83,148.5978,1.8111
2026-02-24,8319.69,8356.91,8236.71,8299.77,148.8465,1.7934
2026-02-25,8320.61,8449.76,8310.33,8426.33,148.9282,1.7674
2026-02-26,8447.78,8496.75,8398.07,8490.62,145.3390,1.7118
2026-02-27,8434.10,8561.30,8433.72,8560.84,144.0705,1.6829
2026-03-02,8464.27,8535.81,8393.93,8476.97,145.7019,1.7188
2026-03-03,8495.95,8510.85,8128.30,8142.45,162.6196,1.9972
2026-03-04,8039.59,8228.90,8039.59,8094.52,164.5261,2.0326
2026-03-05,8235.37,8243.83,8121.38,8171.12,163.4392,2.0002
2026-03-06,8120.49,8273.68,8115.48,8248.86,163.0650,1.9768
2026-03-09,8131.74,8230.66,7983.57,8203.87,170.3668,2.0767
2026-03-10,8272.94,8351.67,8271.49,8350.09,168.7549,2.0210
2026-03-11,8356.09,8394.12,8334.33,8363.53,160.9717,1.9247
2026-03-12,8357.35,8388.63,8267.39,8335.91,158.1337,1.8970
2026-03-13,8297.91,8350.92,8196.37,8214.29,157.8777,1.9220
2026-03-16,8212.27,8226.03,8089.49,8211.35,156.3536,1.9041
2026-03-17,8219.50,8223.99,8019.08,8019.86,159.8219,1.9928
2026-03-18,8050.71,8105.81,7970.19,8096.59,158.0932,1.9526
2026-03-19,7988.87,8008.39,7874.26,7909.23,162.6815,2.0569
2026-03-20,7943.41,7996.16,7781.58,7783.43,166.3886,2.1377
2026-03-23,7632.97,7712.04,7357.70,7409.11,184.9130,2.4958
2026-03-24,7538.70,7601.88,7361.79,7600.86,188.8542,2.4846
2026-03-25,7654.78,7781.20,7654.78,7751.18,188.2460,2.4286
2026-03-26,7733.70,7775.89,7614.89,7639.38,186.2999,2.4387
2026-03-27,7526.59,7784.55,7526.59,7746.31,191.4185,2.4711
2026-03-30,7664.64,7774.85,7618.96,7767.93,188.8807,2.4315
2026-03-31,7741.96,7789.24,7618.19,7619.85,187.6071,2.4621
2026-04-01,7767.88,7786.76,7692.01,7764.15,186.1287,2.3973
2026-04-02,7733.75,7764.03,7581.39,7623.42,185.8881,2.4384
2026-04-03,7658.82,7664.76,7521.94,7536.60,182.8118,2.4257
2026-04-07,7556.28,7640.51,7554.41,7606.02,177.1760,2.3294
2026-04-08,7765.55,7955.77,7765.20,7955.77,189.5027,2.3820
2026-04-09,7881.80,7959.07,7872.47,7921.45,182.1525,2.2995
2026-04-10,7981.62,8059.76,7981.62,7998.23,179.0209,2.2383
2026-04-13,7947.22,8040.03,7947.22,8025.57,172.8630,2.1539
2026-04-14,8088.05,8144.76,8059.38,8144.76,169.0292,2.0753
2026-04-15,8186.07,8193.30,8083.27,8106.16,164.8150,2.0332
2026-04-16,8120.36,8239.01,8100.49,8232.98,162.9367,1.9791
2026-04-17,8225.73,8333.22,8223.71,8307.44,159.1205,1.9154
2026-04-20,8308.06,8374.81,8308.06,8357.81,152.5669,1.8254
2026-04-21,8331.59,8358.12,8270.16,8351.16,147.9522,1.7716
2026-04-22,8317.28,8482.15,8317.28,8481.24,149.1606,1.7587
2026-04-23,8489.00,8500.44,8302.85,8362.74,152.6198,1.8250
2026-04-24,8318.60,8360.79,8254.43,8304.14,149.4548,1.7998
2026-04-27,8292.81,8366.31,8249.94,8338.73,147.0916,1.7640
2026-04-28,8307.69,8316.27,8187.24,8226.69,147.4058,1.7918
2026-04-29,8163.35,8361.49,8163.35,8343.07,151.0297,1.8102
2026-04-30,8345.25,8402.36,8324.29,8381.95,145.8183,1.7397
2026-05-06,8462.02,8610.88,8462.02,8574.56,151.7548,1.7698
2026-05-07,8602.15,8716.86,8573.30,8714.51,151.1695,1.7347
2026-05-08,8655.13,8760.19,8651.06,8741.15,148.1667,1.6950
2026-05-11,8807.91,8888.87,8760.71,8866.78,148.1347,1.6707
2026-05-12,8880.41,8881.90,8749.72,8821.89,146.9951,1.6663
2026-05-13,8764.02,8958.46,8764.02,8955.45,150.3840,1.6792
2026-05-14,8989.49,8991.85,8778.71,8778.71,154.8666,1.7641
2026-05-15,8786.38,8846.52,8616.06,8682.65,160.2661,1.8458
2026-05-18,8645.76,8766.31,8610.74,8720.21,159.9307,1.8340
2026-05-19,8691.38,8812.03,8602.05,8808.64,163.5057,1.8562
2026-05-20,8769.10,8823.68,8697.40,8808.91,160.8467,1.8260
2026-05-21,8852.43,8896.60,8500.92,8510.50,177.6205,2.0871
2026-05-22,8578.90,8719.39,8521.70,8692.67,179.8540,2.0690
2026-05-25,8756.46,8802.95,8670.72,8799.31,176.4523,2.0053
2026-05-26,8755.91,8756.46,8560.80,8687.25,180.8850,2.0822
2026-05-27,8679.54,8737.05,8495.72,8546.51,185.2025,2.1670
2026-05-28,8527.91,8659.61,8459.95,8637.74,186.2352,2.1561
2026-05-29,8673.80,8680.27,8357.80,8408.74,195.9662,2.3305
2026-06-01,8393.52,8504.98,8339.35,8345.13,193.7994,2.3223
2026-06-02,8360.81,8440.23,8219.15,8384.78,195.7480,2.3346
2026-06-03,8386.86,8549.25,8357.46,8432.68,195.4653,2.3179
2026-06-04,8338.85,8456.02,8338.85,8420.09,189.8727,2.2550
2026-06-05,8380.85,8500.10,8305.40,8340.96,190.2176,2.2805
2026-06-08,8069.48,8260.19,7987.40,8081.26,201.8849,2.4982
